id,name,registered_at,platform
00001,Demarquez,2019-04-17,Sekolah.ku
00002,Jhoseline,2021-05-15,Karier.ku
00003,Jisaiah,2021-08-17,Sekolah.ku
00004,Tyonnah,2021-11-24,Sekolah.ku
00005,Smaran,2019-05-25,Sekolah.ku
00006,Doresa,2018-08-01,Sekolah.ku
00007,Lavonta,2021-02-28,Sekolah.ku
00008,Luvera,2019-12-15,Karier.ku
00009,Janeil,2019-10-03,Karier.ku
00010,Nayo,2021-03-01,Karier.ku
00011,Masaki,2019-10-25,Sekolah.ku
00012,Lanique,2020-07-05,Karier.ku
00013,Cecilly,2020-12-07,Karier.ku
00014,Mikaelah,2022-05-20,Karier.ku
00015,Kaitelyn,2021-11-06,Karier.ku
00016,Trond,2019-09-12,Karier.ku
00017,Samyia,2019-10-20,Sekolah.ku
00018,Kaiman,2018-08-11,Sekolah.ku
00019,Aricely,2020-10-03,Sekolah.ku
00020,Doty,2019-05-02,Sekolah.ku
00021,Randon,2020-06-19,Sekolah.ku
00022,Shannalee,2018-09-07,Karier.ku
00023,Allyssia,2021-11-12,Karier.ku
00024,Winifred,2018-08-09,Sekolah.ku
00025,Damielle,2018-06-12,Sekolah.ku
00026,Jerone,2019-09-20,Karier.ku
00027,Jocko,2022-01-08,Karier.ku
00028,Mical,2019-02-17,Sekolah.ku
00029,Neia,2019-08-26,Sekolah.ku
00030,Marcie,2019-09-29,Sekolah.ku
00031,Asriel,2018-12-08,Karier.ku
00032,Josgart,2020-04-26,Sekolah.ku
00033,Anessa,2021-03-28,Sekolah.ku
00034,Jolia,2018-05-03,Sekolah.ku
00035,Abdur,2019-03-25,Sekolah.ku
00036,Sandry,2018-10-30,Karier.ku
00037,Drace,2020-05-30,Sekolah.ku
00038,Daijha,2019-09-06,Karier.ku
00039,Suren,2019-05-09,Sekolah.ku
00040,Lazarria,2019-11-21,Karier.ku
00041,Tiaja,2021-10-18,Karier.ku
00042,Winston,2018-05-23,Sekolah.ku
00043,Layoni,2021-10-03,Sekolah.ku
00044,Grenda,2020-06-30,Sekolah.ku
00045,Dickey,2021-06-11,Sekolah.ku
00046,Jalesa,2019-10-25,Sekolah.ku
00047,Mone,2021-01-14,Karier.ku
00048,Jaland,2021-05-22,Sekolah.ku
00049,Selma,2020-05-21,Karier.ku
00050,Ayiden,2019-02-25,Karier.ku
00051,Cyncere,2021-03-09,Karier.ku
00052,Jaydence,2021-07-12,Karier.ku
00053,Daaron,2021-02-04,Sekolah.ku
00054,Annabele,2021-04-24,Sekolah.ku
00055,Alleyna,2021-10-17,Sekolah.ku
00056,Mylinn,2022-03-19,Sekolah.ku
00057,Laith,2020-11-13,Sekolah.ku
00058,Agha,2020-03-19,Sekolah.ku
00059,Lorina,2019-11-30,Sekolah.ku
00060,Rodna,2022-04-28,Karier.ku
00061,Jimi,2018-05-19,Karier.ku
00062,Quantez,2021-03-10,Karier.ku
00063,Malcomb,2021-12-20,Sekolah.ku
00064,Chea,2018-08-30,Sekolah.ku
00065,Izahbella,2019-10-30,Sekolah.ku
00066,Ednesha,2021-01-10,Sekolah.ku
00067,Cai,2021-03-09,Sekolah.ku
00068,Guyann,2021-04-01,Karier.ku
00069,Tomico,2018-10-03,Sekolah.ku
00070,Micheal,2018-06-13,Sekolah.ku
00071,Sanath,2019-05-30,Sekolah.ku
00072,Kavona,2020-05-15,Karier.ku
00073,Keaunte,2021-09-14,Karier.ku
00074,Caite,2019-06-16,Sekolah.ku
00075,Gunnison,2019-04-06,Sekolah.ku
00076,Jermiyah,2020-03-28,Karier.ku
00077,Monterion,2021-10-10,Sekolah.ku
00078,Sophianna,2020-02-14,Sekolah.ku
00079,Zoeyann,2018-09-01,Sekolah.ku
00080,Karmella,2021-08-15,Karier.ku
00081,Calilynn,2020-03-13,Sekolah.ku
00082,Alayiah,2019-10-05,Sekolah.ku
00083,Price,2018-11-06,Sekolah.ku
00084,Kamelya,2018-06-15,Sekolah.ku
00085,Sayeh,2022-03-18,Karier.ku
00086,Alexian,2020-12-12,Sekolah.ku
00087,Sparkles,2021-08-17,Sekolah.ku
00088,Ledia,2021-07-03,Karier.ku
00089,Chrisean,2020-03-27,Karier.ku
00090,Shaqueil,2020-08-29,Sekolah.ku
00091,Indie,2021-08-22,Sekolah.ku
00092,Keegan,2019-11-15,Sekolah.ku
00093,Tselane,2021-04-14,Sekolah.ku
00094,Doninic,2021-03-25,Karier.ku
00095,Micaela,2021-11-15,Sekolah.ku
00096,Shekeya,2020-03-01,Sekolah.ku
00097,Vanissa,2018-11-04,Karier.ku
00098,Araeya,2020-04-27,Sekolah.ku
00099,Katreen,2020-08-29,Sekolah.ku
00100,Merola,2019-08-15,Sekolah.ku
00101,Krillin,2019-06-06,Sekolah.ku
00102,Berlena,2018-07-03,Karier.ku
00103,Tayson,2021-08-01,Sekolah.ku
00104,Khodi,2021-11-20,Sekolah.ku
00105,Calven,2019-01-12,Sekolah.ku
00106,Smaya,2021-06-13,Sekolah.ku
00107,Cyrielle,2021-03-09,Karier.ku
00108,Tyne,2022-04-04,Karier.ku
00109,Carington,2018-08-18,Karier.ku
00110,Hollin,2022-04-14,Karier.ku
00111,Yehuda,2018-10-26,Sekolah.ku
00112,Nastasja,2019-11-04,Karier.ku
00113,Xannon,2021-12-29,Sekolah.ku
00114,Shayleah,2021-11-27,Sekolah.ku
00115,Karinah,2020-10-08,Sekolah.ku
00116,Kirah,2021-10-20,Sekolah.ku
00117,Chareese,2021-08-22,Karier.ku
00118,Atasha,2022-02-11,Karier.ku
00119,Michelena,2020-11-13,Sekolah.ku
00120,Michalea,2018-06-02,Sekolah.ku
00121,Harleth,2018-07-25,Sekolah.ku
00122,Osmon,2019-10-15,Karier.ku
00123,Kavonta,2022-02-15,Sekolah.ku
00124,Ziere,2021-01-22,Sekolah.ku
00125,Kingg,2019-10-02,Sekolah.ku
00126,Yosiel,2021-10-20,Sekolah.ku
00127,Emeilia,2018-09-12,Karier.ku
00128,Jahida,2021-09-18,Karier.ku
00129,Nyhiem,2022-02-08,Sekolah.ku
00130,Tamija,2021-03-24,Sekolah.ku
00131,Sister,2018-06-02,Sekolah.ku
00132,Wendal,2021-10-19,Karier.ku
00133,Shaynell,2022-04-24,Sekolah.ku
00134,Iffany,2019-12-30,Sekolah.ku
00135,Abell,2021-04-23,Karier.ku
00136,Raimon,2022-04-08,Sekolah.ku
00137,Amayrani,2022-01-17,Sekolah.ku
00138,Danilla,2020-11-16,Sekolah.ku
00139,Enriqueta,2019-05-28,Karier.ku
00140,Jakarra,2020-07-24,Sekolah.ku
00141,Berdene,2021-06-24,Sekolah.ku
00142,Lutha,2019-08-16,Karier.ku
00143,Gehad,2021-08-14,Karier.ku
00144,Dekesha,2020-02-12,Karier.ku
00145,Janaliz,2019-09-05,Sekolah.ku
00146,Arthenia,2021-09-10,Sekolah.ku
00147,Evalyne,2020-08-31,Sekolah.ku
00148,Kaylab,2018-04-12,Sekolah.ku
00149,Elisah,2020-03-14,Karier.ku
00150,Powell,2022-02-25,Karier.ku
00151,Nasheed,2020-01-06,Karier.ku
00152,Markquis,2018-07-10,Sekolah.ku
00153,Kias,2020-06-01,Sekolah.ku
00154,Merlin,2020-10-16,Sekolah.ku
00155,Lavan,2021-04-08,Sekolah.ku
00156,Hameen,2018-11-10,Sekolah.ku
00157,Patterson,2020-06-14,Sekolah.ku
00158,Wilisha,2018-08-17,Karier.ku
00159,Henery,2019-09-22,Sekolah.ku
00160,Gurney,2018-08-02,Sekolah.ku
00161,Danyne,2019-08-15,Sekolah.ku
00162,Uche,2022-05-09,Sekolah.ku
00163,Enija,2018-09-26,Sekolah.ku
00164,Arpita,2018-10-25,Sekolah.ku
00165,Aevry,2022-05-16,Sekolah.ku
00166,Myrel,2022-02-09,Sekolah.ku
00167,Artella,2018-09-16,Sekolah.ku
00168,Danikah,2018-08-07,Sekolah.ku
00169,Kausar,2019-10-08,Sekolah.ku
00170,Dajai,2019-11-22,Karier.ku
00171,Mohamed,2018-07-22,Sekolah.ku
00172,Velvie,2022-05-04,Sekolah.ku
00173,Rosamarie,2020-03-28,Sekolah.ku
00174,Azmina,2020-05-08,Sekolah.ku
00175,Jynia,2021-12-11,Sekolah.ku
00176,Harith,2019-10-25,Sekolah.ku
00177,Kasib,2022-04-09,Sekolah.ku
00178,Paightyn,2019-02-01,Sekolah.ku
00179,Ryliegh,2019-04-10,Karier.ku
00180,Shawntrell,2020-09-15,Karier.ku
00181,Brayston,2021-02-23,Sekolah.ku
00182,Reginae,2018-07-06,Sekolah.ku
00183,Srimedha,2021-07-30,Sekolah.ku
00184,Ovide,2021-12-21,Karier.ku
00185,Danetta,2020-04-18,Sekolah.ku
00186,Trissa,2019-05-26,Sekolah.ku
00187,Victoria,2019-02-21,Sekolah.ku
00188,Neloise,2019-11-02,Karier.ku
00189,Ariannie,2019-11-09,Karier.ku
00190,Padme,2020-05-05,Sekolah.ku
00191,Dezmand,2018-05-23,Karier.ku
00192,Iridessa,2021-05-09,Karier.ku
00193,Vanette,2020-11-15,Sekolah.ku
00194,Shaunah,2018-12-07,Karier.ku
00195,Klay,2019-10-21,Sekolah.ku
00196,Anjum,2019-06-15,Sekolah.ku
00197,Keanan,2022-02-06,Karier.ku
00198,Hasaan,2021-04-25,Sekolah.ku
00199,Khadijia,2021-04-11,Sekolah.ku
00200,Jaretzy,2018-08-02,Sekolah.ku
00201,Riccardo,2021-08-31,Sekolah.ku
00202,Judeth,2019-01-26,Karier.ku
00203,Aahil,2019-02-16,Sekolah.ku
00204,Ellijah,2020-07-01,Sekolah.ku
00205,Melode,2018-10-13,Sekolah.ku
00206,Murvel,2020-10-16,Sekolah.ku
00207,Kolade,2021-11-06,Sekolah.ku
00208,Tymire,2019-02-02,Sekolah.ku
00209,Eryanna,2019-05-16,Karier.ku
00210,Berklee,2021-10-08,Karier.ku
00211,Lawanda,2021-02-20,Karier.ku
00212,Kalifa,2021-11-26,Sekolah.ku
00213,Ashlynn,2020-01-04,Sekolah.ku
00214,Tequarius,2018-05-29,Sekolah.ku
00215,Rheanna,2021-10-05,Sekolah.ku
00216,Santhosh,2022-05-07,Sekolah.ku
00217,Abram,2021-08-09,Sekolah.ku
00218,Caydince,2022-02-24,Sekolah.ku
00219,Shequan,2021-10-21,Karier.ku
00220,Sudhir,2019-06-28,Sekolah.ku
00221,Hasten,2022-02-24,Karier.ku
00222,Kyrel,2019-07-06,Sekolah.ku
00223,Kishanna,2021-08-22,Sekolah.ku
00224,Michaeljohn,2021-04-15,Karier.ku
00225,Vishv,2018-11-23,Sekolah.ku
00226,Turon,2021-02-13,Karier.ku
00227,Carlita,2020-09-30,Karier.ku
00228,Zoeymarie,2018-08-05,Karier.ku
00229,Orben,2021-05-12,Sekolah.ku
00230,Orren,2020-12-25,Karier.ku
00231,Sioeli,2020-02-23,Sekolah.ku
00232,Quinnton,2022-02-14,Karier.ku
00233,Meenah,2018-06-06,Sekolah.ku
00234,Arie,2019-05-04,Sekolah.ku
00235,Braesen,2022-01-18,Sekolah.ku
00236,Janetha,2019-04-16,Sekolah.ku
00237,Kiffin,2018-06-21,Sekolah.ku
00238,Sathvik,2020-01-03,Karier.ku
00239,Tykeriah,2018-06-12,Karier.ku
00240,Briani,2018-04-17,Karier.ku
00241,Oaklei,2021-08-21,Sekolah.ku
00242,Addisyn,2020-03-07,Sekolah.ku
00243,Rayona,2018-11-19,Sekolah.ku
00244,Goldia,2019-12-20,Karier.ku
00245,Kaliece,2021-02-19,Sekolah.ku
00246,Aydain,2019-04-06,Sekolah.ku
00247,Kiawana,2021-01-11,Sekolah.ku
00248,Goku,2021-04-17,Sekolah.ku
00249,Carmalita,2021-09-17,Sekolah.ku
00250,Embrie,2020-08-08,Sekolah.ku
00251,Shuaib,2021-11-09,Sekolah.ku
00252,Alassandra,2020-02-23,Karier.ku
00253,Velton,2021-01-12,Sekolah.ku
00254,Nelva,2021-03-17,Sekolah.ku
00255,Adiba,2018-10-11,Karier.ku
00256,Maydelyn,2021-10-22,Karier.ku
00257,Dinita,2019-02-01,Sekolah.ku
00258,Launie,2019-10-13,Sekolah.ku
00259,Abbagale,2019-09-15,Karier.ku
00260,Genna,2020-09-20,Sekolah.ku
00261,Roy,2018-09-11,Sekolah.ku
00262,Miraj,2020-03-12,Sekolah.ku
00263,Adhithya,2021-06-07,Sekolah.ku
00264,Calaeb,2022-04-25,Sekolah.ku
00265,Emberlee,2020-11-04,Sekolah.ku
00266,Nang,2020-09-06,Karier.ku
00267,Krithi,2021-05-31,Sekolah.ku
00268,Mareshah,2021-07-09,Sekolah.ku
00269,Kadeija,2022-04-10,Karier.ku
00270,Jaline,2021-05-20,Sekolah.ku
00271,Khalia,2019-01-07,Karier.ku
00272,Naeema,2018-06-23,Sekolah.ku
00273,Wykeshia,2021-05-24,Sekolah.ku
00274,Tashia,2021-02-01,Sekolah.ku
00275,Moo,2021-09-26,Sekolah.ku
00276,Shailah,2021-11-11,Karier.ku
00277,Tianah,2020-07-07,Karier.ku
00278,Ashiana,2020-11-24,Sekolah.ku
00279,Dazavion,2018-08-13,Sekolah.ku
00280,Dushawn,2021-10-23,Karier.ku
00281,Brandenn,2018-11-09,Karier.ku
00282,Felix,2019-08-01,Karier.ku
00283,Garvin,2018-12-13,Sekolah.ku
00284,Taniel,2020-05-26,Sekolah.ku
00285,Mariely,2019-08-08,Karier.ku
00286,Charkita,2021-09-17,Karier.ku
00287,Kahlea,2021-07-13,Karier.ku
00288,Tayisha,2019-11-15,Karier.ku
00289,Kenslie,2018-10-12,Sekolah.ku
00290,Kartier,2021-01-23,Karier.ku
00291,Averyana,2021-09-27,Sekolah.ku
00292,Eberardo,2019-04-25,Karier.ku
00293,Scarlett,2021-03-04,Sekolah.ku
00294,Mateen,2020-07-27,Sekolah.ku
00295,Leilia,2019-04-07,Karier.ku
00296,Malina,2021-04-26,Sekolah.ku
00297,Deangalo,2022-01-11,Karier.ku
00298,Davd,2018-07-07,Karier.ku
00299,Suhani,2018-11-09,Karier.ku
00300,Ludlow,2020-01-05,Sekolah.ku
00301,Sharine,2020-08-01,Karier.ku
00302,Mahlik,2019-09-30,Sekolah.ku
00303,Dionca,2019-04-14,Sekolah.ku
00304,Daeshaun,2021-02-05,Sekolah.ku
00305,Doniesha,2021-11-08,Sekolah.ku
00306,Alliemae,2020-02-28,Karier.ku
00307,Markel,2019-04-30,Karier.ku
00308,Claira,2019-02-28,Sekolah.ku
00309,Nabi,2022-02-07,Sekolah.ku
00310,Tishonda,2019-01-08,Sekolah.ku
00311,Lequinta,2022-03-10,Sekolah.ku
00312,Hansini,2018-12-27,Karier.ku
00313,Senida,2020-08-05,Sekolah.ku
00314,Yaneiry,2019-09-16,Karier.ku
00315,Kylepatrick,2020-10-27,Sekolah.ku
00316,Aziriah,2021-10-06,Sekolah.ku
00317,Cademon,2020-06-11,Karier.ku
00318,Elizabethe,2021-10-28,Karier.ku
00319,Hunner,2020-10-28,Sekolah.ku
00320,Raeleigh,2020-06-25,Sekolah.ku
00321,Gitanjali,2022-04-20,Sekolah.ku
00322,Damariay,2018-09-11,Sekolah.ku
00323,Rudolph,2019-01-19,Sekolah.ku
00324,Sheeneeka,2021-11-06,Karier.ku
00325,Eislee,2019-07-22,Sekolah.ku
00326,Lendora,2021-02-27,Sekolah.ku
00327,Jennavive,2019-04-12,Karier.ku
00328,Deanie,2021-02-20,Sekolah.ku
00329,Ostap,2019-09-19,Sekolah.ku
00330,Chiquitia,2018-06-07,Sekolah.ku
00331,Jennarae,2020-01-14,Sekolah.ku
00332,Bre,2019-10-11,Sekolah.ku
00333,Manuelita,2022-03-25,Karier.ku
00334,Rianshi,2020-10-05,Karier.ku
00335,Jeremah,2021-01-03,Karier.ku
00336,Roslind,2021-10-11,Karier.ku
00337,Ripal,2019-08-29,Sekolah.ku
00338,Debarh,2019-07-04,Karier.ku
00339,Iliyaas,2018-06-27,Sekolah.ku
00340,Regann,2018-09-23,Sekolah.ku
00341,Joshuajohn,2021-04-03,Sekolah.ku
00342,Yonna,2022-03-11,Sekolah.ku
00343,Modena,2018-12-12,Sekolah.ku
00344,Gregrory,2019-02-08,Sekolah.ku
00345,Danaysha,2018-12-13,Sekolah.ku
00346,Thurza,2021-10-15,Sekolah.ku
00347,Tsvia,2018-05-06,Sekolah.ku
00348,Najala,2021-06-19,Sekolah.ku
00349,Shenoah,2018-12-30,Sekolah.ku
00350,Tieler,2020-06-24,Sekolah.ku
00351,Lagail,2021-10-10,Karier.ku
00352,Estol,2019-11-23,Sekolah.ku
00353,Jenson,2021-01-08,Sekolah.ku
00354,Daleen,2021-05-15,Karier.ku
00355,Harrell,2018-09-27,Sekolah.ku
00356,Aishlyn,2021-11-25,Sekolah.ku
00357,Adris,2019-10-04,Sekolah.ku
00358,Meldrick,2021-07-21,Sekolah.ku
00359,Alberta,2018-11-04,Sekolah.ku
00360,Alonnie,2021-03-20,Sekolah.ku
00361,Alero,2019-04-20,Karier.ku
00362,Wilnelia,2022-04-08,Karier.ku
00363,Trelana,2019-11-30,Sekolah.ku
00364,Zyesha,2019-10-02,Sekolah.ku
00365,Jahnise,2021-09-08,Sekolah.ku
00366,Lorensa,2018-08-21,Karier.ku
00367,Anique,2021-11-16,Sekolah.ku
00368,Casey,2020-11-12,Sekolah.ku
00369,Haedyn,2022-04-26,Karier.ku
00370,Kanyen,2019-08-18,Sekolah.ku
00371,Khaliah,2018-07-04,Sekolah.ku
00372,Litia,2020-07-15,Karier.ku
00373,Betha,2020-10-24,Karier.ku
00374,Youcef,2021-08-19,Sekolah.ku
00375,Jalesia,2018-06-07,Sekolah.ku
00376,Bryasha,2018-09-04,Sekolah.ku
00377,Sagar,2020-02-15,Sekolah.ku
00378,Eelijah,2018-06-05,Karier.ku
00379,Deverne,2021-07-25,Sekolah.ku
00380,Misbah,2021-08-29,Sekolah.ku
00381,Makiyha,2022-03-02,Karier.ku
00382,Chrishaud,2018-04-18,Karier.ku
00383,Atonya,2020-03-27,Karier.ku
00384,Dujon,2020-12-27,Karier.ku
00385,Annecy,2019-06-07,Sekolah.ku
00386,Lynet,2018-07-26,Sekolah.ku
00387,Adwin,2021-08-20,Karier.ku
00388,Tonoa,2019-02-01,Karier.ku
00389,Petina,2020-06-18,Sekolah.ku
00390,Christean,2018-04-30,Sekolah.ku
00391,Daphane,2020-10-21,Karier.ku
00392,Athaniel,2020-08-01,Karier.ku
00393,Darrayl,2021-12-08,Sekolah.ku
00394,Naytasha,2019-05-11,Sekolah.ku
00395,Fia,2019-12-13,Karier.ku
00396,Bettiann,2018-11-30,Karier.ku
00397,Felesha,2018-05-27,Sekolah.ku
00398,Martice,2019-01-02,Karier.ku
00399,Saana,2022-02-14,Karier.ku
00400,Narges,2020-02-07,Sekolah.ku
00401,Davionta,2021-05-11,Sekolah.ku
00402,Somarah,2022-02-16,Karier.ku
00403,Balint,2018-06-01,Karier.ku
00404,Yamila,2021-03-24,Karier.ku
00405,Ulysess,2019-03-18,Karier.ku
00406,Sherria,2022-03-02,Sekolah.ku
00407,Bristen,2022-04-30,Sekolah.ku
00408,Alix,2021-06-13,Sekolah.ku
00409,Julianna,2019-12-12,Sekolah.ku
00410,Cherita,2020-05-06,Karier.ku
00411,Arly,2019-10-06,Karier.ku
00412,Embree,2020-01-08,Karier.ku
00413,Daylynn,2018-06-19,Sekolah.ku
00414,Yaheli,2019-12-19,Sekolah.ku
00415,Avrill,2019-01-08,Sekolah.ku
00416,Roran,2021-08-08,Sekolah.ku
00417,Yazziel,2020-08-12,Karier.ku
00418,Lynnlee,2018-04-27,Sekolah.ku
00419,Kesi,2021-08-27,Sekolah.ku
00420,Kemberley,2020-10-12,Sekolah.ku
00421,Avanna,2019-10-15,Sekolah.ku
00422,Jerrold,2020-04-06,Sekolah.ku
00423,Latongia,2018-06-05,Sekolah.ku
00424,Kimario,2019-10-08,Sekolah.ku
00425,Elliott,2018-11-12,Sekolah.ku
00426,Aliliana,2018-06-10,Sekolah.ku
00427,Nathalie,2021-05-31,Sekolah.ku
00428,Kenyana,2018-08-28,Karier.ku
00429,Janiyaa,2021-04-25,Sekolah.ku
00430,Nusaibah,2018-05-11,Sekolah.ku
00431,Franchot,2020-05-03,Sekolah.ku
00432,Jurene,2022-02-11,Sekolah.ku
00433,Dniyah,2020-07-01,Karier.ku
00434,Wortha,2021-08-04,Karier.ku
00435,Meir,2021-08-09,Sekolah.ku
00436,Kwabena,2018-10-01,Karier.ku
00437,Lasalle,2018-05-13,Sekolah.ku
00438,Keikilani,2018-07-30,Karier.ku
00439,Taleigha,2021-07-06,Sekolah.ku
00440,Macaiah,2020-02-08,Karier.ku
00441,Reme,2021-08-15,Karier.ku
00442,Zyanna,2018-09-19,Karier.ku
00443,Rianna,2021-05-04,Sekolah.ku
00444,Xenya,2022-05-14,Sekolah.ku
00445,Zamarius,2020-08-01,Sekolah.ku
00446,Luccia,2022-01-23,Sekolah.ku
00447,Elektra,2020-03-12,Sekolah.ku
00448,Cristien,2018-07-12,Sekolah.ku
00449,Hamza,2019-06-02,Karier.ku
00450,Svea,2019-12-23,Karier.ku
00451,Fabrice,2019-08-14,Sekolah.ku
00452,Jayah,2018-04-21,Sekolah.ku
00453,Juliann,2020-07-20,Sekolah.ku
00454,Jeanbaptiste,2018-12-29,Karier.ku
00455,Markeshia,2019-03-05,Sekolah.ku
00456,Cortnei,2019-12-30,Sekolah.ku
00457,Roddell,2019-06-20,Karier.ku
00458,Gumesindo,2021-08-12,Sekolah.ku
00459,Millenium,2021-01-26,Karier.ku
00460,Konur,2019-07-03,Karier.ku
00461,Shashanna,2018-05-05,Karier.ku
00462,Merl,2021-01-16,Sekolah.ku
00463,Chetana,2021-10-14,Karier.ku
00464,Han,2018-11-03,Sekolah.ku
00465,Mykiah,2022-02-27,Sekolah.ku
00466,Alinne,2020-06-22,Sekolah.ku
00467,Taraus,2020-03-05,Sekolah.ku
00468,Ottie,2019-01-30,Karier.ku
00469,Renetia,2020-11-04,Sekolah.ku
00470,Tyira,2020-01-07,Sekolah.ku
00471,Skyana,2019-12-11,Karier.ku
00472,Lalania,2020-03-24,Sekolah.ku
00473,Scarlettrose,2019-12-17,Karier.ku
00474,Shenitha,2021-10-18,Sekolah.ku
00475,Tayo,2018-07-16,Sekolah.ku
00476,Mitt,2020-01-04,Sekolah.ku
00477,Michelleann,2021-07-19,Karier.ku
00478,Lin,2022-04-13,Karier.ku
00479,Attia,2019-08-26,Sekolah.ku
00480,Tanessa,2020-12-09,Sekolah.ku
00481,Sondrea,2018-11-01,Sekolah.ku
00482,Zaysia,2019-12-23,Karier.ku
00483,Celsi,2019-05-02,Sekolah.ku
00484,Cleighton,2020-11-25,Karier.ku
00485,Noelani,2019-06-13,Sekolah.ku
00486,Keryl,2019-07-05,Sekolah.ku
00487,Milbern,2022-01-15,Sekolah.ku
00488,Amaria,2021-06-25,Sekolah.ku
00489,Rorry,2020-10-29,Karier.ku
00490,Dayl,2021-08-26,Sekolah.ku
00491,Matei,2020-02-28,Sekolah.ku
00492,Rakisha,2019-12-06,Sekolah.ku
00493,Rollo,2019-08-04,Sekolah.ku
00494,Elisjah,2021-08-01,Sekolah.ku
00495,Toschia,2018-09-29,Sekolah.ku
00496,Lesi,2021-09-04,Sekolah.ku
00497,Desja,2021-07-18,Sekolah.ku
00498,Jarvin,2021-11-13,Sekolah.ku
00499,Parnika,2022-03-19,Karier.ku
00500,Tareka,2021-10-20,Karier.ku
00501,Jessicarose,2019-11-09,Sekolah.ku
00502,Corisa,2019-06-26,Sekolah.ku
00503,Hershy,2019-08-01,Sekolah.ku
00504,Gaylynn,2019-06-17,Sekolah.ku
00505,Ranita,2020-07-20,Karier.ku
00506,Neils,2021-01-08,Sekolah.ku
00507,Shamore,2021-12-12,Sekolah.ku
00508,Ayhem,2022-02-06,Karier.ku
00509,Daemeon,2020-04-09,Karier.ku
00510,Loreeta,2018-12-02,Sekolah.ku
00511,Rosalee,2021-01-30,Sekolah.ku
00512,Zeborah,2019-12-02,Karier.ku
00513,Camisa,2021-03-16,Sekolah.ku
00514,Shykeria,2021-06-30,Sekolah.ku
00515,Talitha,2021-09-25,Sekolah.ku
00516,Ahriel,2021-03-07,Karier.ku
00517,Nasaria,2021-11-06,Sekolah.ku
00518,Sherrill,2019-12-13,Sekolah.ku
00519,Chyana,2020-04-15,Karier.ku
00520,Zavery,2021-05-30,Sekolah.ku
00521,Parlee,2018-04-18,Sekolah.ku
00522,Aletia,2021-04-20,Sekolah.ku
00523,Ariyan,2018-06-03,Sekolah.ku
00524,Sharanya,2018-05-18,Sekolah.ku
00525,Aryahna,2019-05-23,Sekolah.ku
00526,Kanav,2019-07-17,Sekolah.ku
00527,Roney,2019-03-13,Sekolah.ku
00528,Zlatan,2018-11-29,Sekolah.ku
00529,Jaycelyn,2020-12-10,Karier.ku
00530,Jashley,2020-04-14,Sekolah.ku
00531,Roneshia,2019-01-14,Sekolah.ku
00532,Ressie,2020-07-22,Sekolah.ku
00533,Shioban,2020-07-31,Sekolah.ku
00534,Essam,2021-11-23,Karier.ku
00535,Shanzay,2022-01-15,Karier.ku
00536,Yury,2021-09-28,Sekolah.ku
00537,Marliyah,2019-01-26,Sekolah.ku
00538,Drayson,2020-11-03,Sekolah.ku
00539,Pashia,2019-06-25,Sekolah.ku
00540,Surraya,2021-02-13,Karier.ku
00541,Ireen,2018-10-19,Sekolah.ku
00542,Fanchon,2021-08-27,Karier.ku
00543,Asil,2018-07-20,Sekolah.ku
00544,Melvalene,2022-05-06,Karier.ku
00545,Lucymae,2018-07-05,Karier.ku
00546,Gurtie,2021-02-25,Sekolah.ku
00547,Tash,2018-09-26,Sekolah.ku
00548,Dustun,2021-05-01,Karier.ku
00549,Maximos,2022-03-23,Karier.ku
00550,Reymond,2020-12-11,Sekolah.ku
00551,Maelea,2019-06-19,Sekolah.ku
00552,Itiel,2021-04-28,Karier.ku
00553,Charies,2019-12-11,Sekolah.ku
00554,Tinzley,2020-03-18,Sekolah.ku
00555,Kenichi,2019-07-27,Karier.ku
00556,Denielle,2022-05-19,Sekolah.ku
00557,Angelite,2018-11-06,Sekolah.ku
00558,Shacquille,2019-04-15,Karier.ku
00559,Melayah,2021-08-23,Sekolah.ku
00560,Tahler,2019-09-20,Karier.ku
00561,Arleht,2018-05-05,Sekolah.ku
00562,Alvar,2019-12-22,Sekolah.ku
00563,Presley,2018-07-05,Karier.ku
00564,Arhiana,2018-11-02,Sekolah.ku
00565,Jersee,2018-08-11,Karier.ku
00566,Chueyee,2021-11-24,Sekolah.ku
00567,Mekisha,2020-02-17,Sekolah.ku
00568,Corderal,2018-05-16,Sekolah.ku
00569,Nashaley,2020-11-17,Sekolah.ku
00570,Drisana,2019-07-27,Sekolah.ku
00571,Verneice,2020-12-30,Sekolah.ku
00572,Momo,2018-09-01,Sekolah.ku
00573,Nera,2018-10-28,Karier.ku
00574,Takeela,2018-10-17,Sekolah.ku
00575,Lakeyah,2019-09-30,Karier.ku
00576,Suzzette,2021-03-15,Sekolah.ku
00577,Breesa,2018-10-04,Karier.ku
00578,Khymari,2020-10-03,Karier.ku
00579,Annagene,2020-06-26,Sekolah.ku
00580,Chinonye,2019-09-01,Sekolah.ku
00581,Robertia,2022-05-07,Sekolah.ku
00582,Mackenize,2022-01-05,Karier.ku
00583,Faydene,2020-11-05,Sekolah.ku
00584,Lou,2020-12-07,Karier.ku
00585,Knova,2018-09-21,Sekolah.ku
00586,Tynsley,2021-08-04,Sekolah.ku
00587,Raeed,2018-10-30,Sekolah.ku
00588,Zayden,2019-07-01,Sekolah.ku
00589,Tayron,2022-01-25,Karier.ku
00590,Jaylani,2020-12-26,Sekolah.ku
00591,Dree,2019-11-01,Sekolah.ku
00592,Maetta,2019-12-31,Sekolah.ku
00593,Braxton,2021-04-30,Sekolah.ku
00594,Tomoe,2020-03-12,Sekolah.ku
00595,Ermil,2022-03-26,Karier.ku
00596,Pedro,2021-01-23,Sekolah.ku
00597,Cornelis,2018-08-02,Sekolah.ku
00598,Tamaron,2020-04-24,Karier.ku
00599,Pincus,2022-01-26,Sekolah.ku
00600,Chadd,2020-05-21,Sekolah.ku
00601,Tameko,2018-11-01,Sekolah.ku
00602,Konya,2021-04-26,Sekolah.ku
00603,Junming,2020-06-03,Sekolah.ku
00604,Makayda,2022-03-19,Sekolah.ku
00605,Arica,2020-04-07,Sekolah.ku
00606,Marieme,2020-07-28,Sekolah.ku
00607,Jahaida,2021-05-05,Sekolah.ku
00608,Jayloni,2021-04-15,Sekolah.ku
00609,Dantes,2021-03-21,Sekolah.ku
00610,Shandra,2021-05-12,Sekolah.ku
00611,Macalla,2019-01-17,Karier.ku
00612,Zaddie,2021-03-03,Karier.ku
00613,Kayto,2019-01-19,Sekolah.ku
00614,Kierrah,2018-12-28,Sekolah.ku
00615,Dartanion,2020-08-23,Sekolah.ku
00616,Kaleesi,2021-11-18,Sekolah.ku
00617,Nevea,2021-05-18,Sekolah.ku
00618,Sie,2019-09-17,Sekolah.ku
00619,Delaiah,2021-04-15,Sekolah.ku
00620,Tempress,2021-08-19,Karier.ku
00621,Tyseana,2021-02-25,Karier.ku
00622,Jamileh,2020-06-29,Sekolah.ku
00623,Alanny,2021-11-27,Sekolah.ku
00624,Tyreice,2022-04-20,Sekolah.ku
00625,Dniya,2021-03-07,Karier.ku
00626,Manya,2022-02-23,Karier.ku
00627,Sherryn,2018-12-03,Sekolah.ku
00628,Brenlyn,2020-10-03,Karier.ku
00629,Elderine,2018-07-14,Sekolah.ku
00630,Dashaan,2021-08-22,Sekolah.ku
00631,Jatavius,2021-12-03,Sekolah.ku
00632,Sotero,2019-10-26,Sekolah.ku
00633,Devunte,2021-11-25,Sekolah.ku
00634,Hellene,2018-05-17,Karier.ku
00635,Devinn,2020-06-15,Sekolah.ku
00636,Tatjana,2018-04-20,Karier.ku
00637,Jeriana,2018-08-04,Sekolah.ku
00638,Drago,2021-06-21,Karier.ku
00639,Nyjae,2021-07-28,Sekolah.ku
00640,Rodregus,2018-06-16,Karier.ku
00641,Waldemar,2021-04-30,Sekolah.ku
00642,Blayten,2021-08-24,Sekolah.ku
00643,Gaynard,2022-02-08,Sekolah.ku
00644,Jajaun,2021-09-22,Sekolah.ku
00645,Danyele,2020-08-23,Sekolah.ku
00646,Genine,2018-09-21,Sekolah.ku
00647,Jobany,2018-08-12,Karier.ku
00648,Danzell,2019-01-05,Karier.ku
00649,Sheadon,2020-10-31,Sekolah.ku
00650,Janalee,2021-04-25,Sekolah.ku
00651,Kyric,2021-02-11,Karier.ku
00652,Veronnica,2021-10-11,Sekolah.ku
00653,Gaebriel,2019-05-06,Karier.ku
00654,Fineas,2021-04-28,Karier.ku
00655,Mascen,2019-03-18,Sekolah.ku
00656,Kieasha,2021-04-10,Sekolah.ku
00657,Standley,2020-02-28,Sekolah.ku
00658,Taniayah,2021-10-17,Sekolah.ku
00659,Adriyel,2018-09-13,Sekolah.ku
00660,Mecayla,2019-02-28,Sekolah.ku
00661,Marhta,2021-08-22,Sekolah.ku
00662,Shaima,2020-02-01,Sekolah.ku
00663,Shehab,2019-12-26,Sekolah.ku
00664,Tornell,2021-06-18,Sekolah.ku
00665,Laval,2022-04-25,Karier.ku
00666,Tyrei,2021-08-23,Karier.ku
00667,Orcella,2019-08-17,Karier.ku
00668,Tanishia,2020-08-02,Sekolah.ku
00669,Christapher,2022-01-31,Sekolah.ku
00670,Ermond,2019-03-21,Sekolah.ku
00671,Patricha,2019-02-23,Sekolah.ku
00672,Makade,2020-12-26,Karier.ku
00673,Jaleela,2019-06-10,Karier.ku
00674,Aislin,2021-04-28,Sekolah.ku
00675,Jaycean,2019-07-06,Sekolah.ku
00676,Ebone,2020-10-07,Karier.ku
00677,Rakia,2020-05-05,Karier.ku
00678,Safee,2018-11-14,Karier.ku
00679,Akilah,2020-05-25,Sekolah.ku
00680,Elfie,2022-05-04,Sekolah.ku
00681,Zona,2019-10-11,Sekolah.ku
00682,Evgenia,2020-01-22,Sekolah.ku
00683,Yulexi,2019-12-14,Sekolah.ku
00684,Rodrekus,2018-10-23,Sekolah.ku
00685,Greda,2019-08-26,Sekolah.ku
00686,Marigene,2019-02-27,Sekolah.ku
00687,Rustie,2019-02-26,Karier.ku
00688,Kristiane,2019-11-08,Karier.ku
00689,Ancelmo,2021-07-09,Sekolah.ku
00690,Jeffary,2020-12-02,Karier.ku
00691,Meritza,2021-02-08,Sekolah.ku
00692,Kurtus,2020-03-21,Sekolah.ku
00693,Ariyana,2019-02-16,Karier.ku
00694,Elyssia,2019-06-11,Sekolah.ku
00695,Zeyda,2021-01-13,Sekolah.ku
00696,Khoen,2020-08-05,Sekolah.ku
00697,Clovis,2019-02-27,Karier.ku
00698,Alahnna,2019-05-07,Sekolah.ku
00699,Kesten,2018-07-26,Sekolah.ku
00700,Danyll,2020-04-06,Sekolah.ku
00701,Lucia,2020-07-16,Sekolah.ku
00702,Ellyn,2019-04-06,Sekolah.ku
00703,Afonso,2021-02-27,Sekolah.ku
00704,Chawanna,2018-05-27,Sekolah.ku
00705,Shenouda,2022-01-07,Sekolah.ku
00706,Chances,2020-06-19,Sekolah.ku
00707,Zacai,2020-04-05,Karier.ku
00708,Yehudah,2022-02-02,Sekolah.ku
00709,Rennette,2019-07-06,Karier.ku
00710,Tymaine,2021-12-15,Sekolah.ku
00711,Jaffer,2021-11-28,Sekolah.ku
00712,Veronicia,2020-09-01,Sekolah.ku
00713,Tullis,2018-07-03,Sekolah.ku
00714,Civona,2021-04-12,Sekolah.ku
00715,Eszter,2020-08-29,Sekolah.ku
00716,Jesie,2021-09-21,Karier.ku
00717,Mahlek,2019-11-08,Karier.ku
00718,Zihan,2020-01-30,Sekolah.ku
00719,Navy,2020-08-05,Sekolah.ku
00720,Alisia,2020-05-30,Sekolah.ku
00721,Lindley,2020-05-08,Sekolah.ku
00722,Mojtaba,2021-05-17,Sekolah.ku
00723,Aerilynn,2019-09-07,Karier.ku
00724,Tracie,2019-10-24,Sekolah.ku
00725,Rjay,2021-07-12,Karier.ku
00726,Marquinn,2020-05-14,Sekolah.ku
00727,Jaunita,2020-09-24,Sekolah.ku
00728,Dianna,2019-03-30,Sekolah.ku
00729,Aniza,2021-11-29,Sekolah.ku
00730,Breken,2021-11-26,Sekolah.ku
00731,Jennylee,2019-09-08,Sekolah.ku
00732,Wilhelmina,2021-04-24,Sekolah.ku
00733,Kennyel,2018-05-24,Sekolah.ku
00734,Skyley,2020-10-21,Sekolah.ku
00735,Anchita,2020-01-19,Sekolah.ku
00736,Dozier,2019-03-25,Karier.ku
00737,Ziaira,2020-01-02,Karier.ku
00738,Tavier,2018-09-06,Sekolah.ku
00739,Bostin,2019-09-03,Karier.ku
00740,Waunda,2021-08-13,Sekolah.ku
00741,Makini,2020-05-05,Karier.ku
00742,Franklin,2019-12-20,Sekolah.ku
00743,Brenlee,2021-11-23,Sekolah.ku
00744,Vianca,2019-10-12,Karier.ku
00745,Aleicia,2020-12-04,Sekolah.ku
00746,Jaise,2018-07-18,Sekolah.ku
00747,Martajah,2020-06-16,Karier.ku
00748,Gerron,2022-04-09,Sekolah.ku
00749,Rashe,2019-01-19,Sekolah.ku
00750,Ataliah,2022-01-13,Sekolah.ku
00751,Lyndon,2018-10-24,Sekolah.ku
00752,Iishia,2019-05-01,Karier.ku
00753,Alaynna,2020-01-14,Sekolah.ku
00754,Ovid,2018-07-29,Karier.ku
00755,Denetra,2020-08-02,Sekolah.ku
00756,Jezzelle,2019-12-02,Sekolah.ku
00757,Shaketa,2021-01-10,Sekolah.ku
00758,Renah,2021-05-26,Karier.ku
00759,Nick,2021-08-25,Sekolah.ku
00760,Charlesetta,2019-05-27,Sekolah.ku
00761,Gwendylan,2021-08-09,Sekolah.ku
00762,David,2019-12-31,Sekolah.ku
00763,Suraj,2021-01-20,Sekolah.ku
00764,Itta,2019-05-04,Karier.ku
00765,Bryton,2018-06-18,Karier.ku
00766,Jakirah,2018-05-03,Karier.ku
00767,Adrika,2019-03-18,Sekolah.ku
00768,Corissa,2020-05-16,Sekolah.ku
00769,Euin,2021-01-19,Karier.ku
00770,Enijah,2021-02-07,Sekolah.ku
00771,Jhayden,2021-06-03,Sekolah.ku
00772,Desery,2021-08-15,Sekolah.ku
00773,Nethra,2019-04-06,Sekolah.ku
00774,Tempie,2018-10-03,Sekolah.ku
00775,Devontrae,2020-03-07,Sekolah.ku
00776,Gabe,2020-09-22,Karier.ku
00777,Lillieana,2021-07-05,Karier.ku
00778,Timothyjohn,2020-06-14,Karier.ku
00779,Tamryn,2018-05-18,Sekolah.ku
00780,Cahlil,2021-09-18,Sekolah.ku
00781,Husam,2021-09-11,Sekolah.ku
00782,Selester,2020-02-16,Sekolah.ku
00783,Lauren,2018-12-28,Karier.ku
00784,Zuleimy,2018-12-04,Sekolah.ku
00785,Jahleel,2021-08-09,Sekolah.ku
00786,Thandiwe,2021-10-23,Sekolah.ku
00787,Ywa,2022-04-06,Sekolah.ku
00788,Shaline,2019-03-25,Karier.ku
00789,Amry,2019-05-31,Sekolah.ku
00790,Jabreena,2020-05-23,Sekolah.ku
00791,Xizavier,2019-10-06,Sekolah.ku
00792,Jaqualyn,2019-03-17,Sekolah.ku
00793,Cythina,2021-07-18,Sekolah.ku
00794,Zahi,2020-08-13,Sekolah.ku
00795,Luciele,2020-02-16,Karier.ku
00796,Chanity,2019-12-18,Karier.ku
00797,Mai,2020-12-16,Karier.ku
00798,Audrey,2018-06-05,Sekolah.ku
00799,Nahla,2021-02-01,Karier.ku
00800,Shamyiah,2018-06-15,Karier.ku
00801,Haylee,2018-11-10,Sekolah.ku
00802,Auther,2021-07-08,Sekolah.ku
00803,Andreu,2020-02-12,Sekolah.ku
00804,Patrricia,2020-06-26,Sekolah.ku
00805,Chiquetta,2018-05-07,Karier.ku
00806,Yesmin,2020-03-21,Sekolah.ku
00807,Treysean,2020-04-29,Karier.ku
00808,Braedin,2021-04-25,Sekolah.ku
00809,Naquanda,2018-10-31,Sekolah.ku
00810,Mikenzie,2020-01-31,Sekolah.ku
00811,Sefton,2021-07-19,Karier.ku
00812,Marlow,2020-06-02,Sekolah.ku
00813,Keana,2020-11-02,Sekolah.ku
00814,Terryann,2019-06-15,Karier.ku
00815,Kiyoto,2018-05-23,Sekolah.ku
00816,Airyona,2020-01-14,Sekolah.ku
00817,Swara,2020-01-04,Karier.ku
00818,Leshell,2020-06-27,Sekolah.ku
00819,Garrhett,2020-09-14,Sekolah.ku
00820,Saturn,2018-08-14,Sekolah.ku
00821,Kadeedra,2019-09-02,Sekolah.ku
00822,Lerissa,2020-03-24,Sekolah.ku
00823,Camaro,2021-12-18,Sekolah.ku
00824,Anamile,2018-05-22,Sekolah.ku
00825,Mattix,2020-06-20,Sekolah.ku
00826,Hortense,2018-12-28,Sekolah.ku
00827,Angelou,2018-07-25,Sekolah.ku
00828,Auria,2018-10-11,Sekolah.ku
00829,Dareece,2018-11-05,Sekolah.ku
00830,Deyshaun,2021-01-03,Sekolah.ku
00831,Yanky,2020-11-09,Sekolah.ku
00832,Alexzavier,2019-05-04,Karier.ku
00833,Dagney,2019-03-25,Karier.ku
00834,Imad,2020-08-20,Sekolah.ku
00835,Traeveon,2019-10-03,Sekolah.ku
00836,Abdalah,2020-04-16,Karier.ku
00837,Margreta,2019-03-28,Sekolah.ku
00838,Agneda,2019-10-10,Karier.ku
00839,Tanishq,2021-03-28,Sekolah.ku
00840,Jaklyn,2019-10-02,Sekolah.ku
00841,Shanikque,2021-09-26,Sekolah.ku
00842,Emanuela,2019-09-09,Karier.ku
00843,Seara,2020-05-09,Sekolah.ku
00844,Akaja,2019-05-09,Sekolah.ku
00845,Madhav,2021-08-25,Sekolah.ku
00846,Georgianna,2019-05-02,Sekolah.ku
00847,Kelani,2020-02-17,Sekolah.ku
00848,Taundra,2022-01-03,Karier.ku
00849,Angeliza,2020-04-20,Sekolah.ku
00850,Mmark,2021-07-07,Karier.ku
00851,Yina,2019-03-18,Sekolah.ku
00852,Cheyeene,2018-08-06,Sekolah.ku
00853,Sicely,2021-08-04,Karier.ku
00854,Victorjr,2018-11-16,Sekolah.ku
00855,Ruan,2019-01-29,Karier.ku
00856,Katalayah,2021-11-14,Sekolah.ku
00857,Fidensio,2018-10-08,Sekolah.ku
00858,Raeyanna,2019-11-25,Sekolah.ku
00859,Yahweh,2018-04-20,Sekolah.ku
00860,Evelie,2021-04-18,Sekolah.ku
00861,Estilla,2018-08-24,Sekolah.ku
00862,Alay,2018-07-19,Sekolah.ku
00863,Tanis,2020-05-26,Karier.ku
00864,Ashvin,2019-08-19,Sekolah.ku
00865,Kareese,2021-11-27,Sekolah.ku
00866,Norell,2020-06-27,Sekolah.ku
00867,Savilla,2018-12-07,Sekolah.ku
00868,Mikea,2019-04-22,Sekolah.ku
00869,Walbert,2018-09-14,Sekolah.ku
00870,Ishan,2019-10-30,Sekolah.ku
00871,Foua,2019-05-11,Sekolah.ku
00872,Kohlston,2019-05-17,Sekolah.ku
00873,Trevona,2018-10-15,Sekolah.ku
00874,Datavius,2019-06-14,Karier.ku
00875,Usher,2018-09-12,Karier.ku
00876,Showanda,2021-08-15,Sekolah.ku
00877,Virjean,2019-01-10,Karier.ku
00878,Runette,2021-02-03,Karier.ku
00879,Mellina,2019-06-25,Sekolah.ku
00880,Isia,2019-06-07,Sekolah.ku
00881,Arval,2020-02-25,Sekolah.ku
00882,Furqan,2021-06-17,Karier.ku
00883,Alexix,2019-07-13,Karier.ku
00884,Sidonia,2020-12-11,Karier.ku
00885,Tamyka,2019-04-28,Sekolah.ku
00886,Electra,2018-06-29,Sekolah.ku
00887,Evaline,2021-01-01,Sekolah.ku
00888,Oluwatofunmi,2018-12-29,Sekolah.ku
00889,Taygan,2018-05-31,Sekolah.ku
00890,Kemarius,2020-03-15,Sekolah.ku
00891,Lexci,2022-01-19,Sekolah.ku
00892,Makaria,2020-03-17,Sekolah.ku
00893,Valder,2019-10-17,Karier.ku
00894,Murari,2022-05-07,Sekolah.ku
00895,Taska,2020-08-09,Sekolah.ku
00896,Merilda,2019-03-12,Sekolah.ku
00897,Kylie,2019-10-05,Sekolah.ku
00898,Tikeyah,2019-04-14,Karier.ku
00899,Katedra,2020-11-14,Sekolah.ku
00900,Danaya,2018-04-17,Sekolah.ku
00901,Aryanni,2018-06-23,Sekolah.ku
00902,Tamelia,2020-09-17,Sekolah.ku
00903,Symone,2020-10-15,Karier.ku
00904,Allya,2022-03-19,Karier.ku
00905,Marijke,2019-11-01,Karier.ku
00906,Tasheona,2021-02-04,Karier.ku
00907,Nicholaos,2021-10-29,Sekolah.ku
00908,Kirstyn,2019-03-13,Sekolah.ku
00909,Sujeily,2021-01-17,Sekolah.ku
00910,Loddie,2020-03-18,Sekolah.ku
00911,Angelyce,2018-11-03,Sekolah.ku
00912,Annaleya,2018-07-07,Sekolah.ku
00913,Charniece,2019-09-17,Sekolah.ku
00914,Carmencita,2018-06-24,Sekolah.ku
00915,Wahab,2021-12-06,Sekolah.ku
00916,Donecia,2018-11-12,Karier.ku
00917,Machella,2021-01-02,Karier.ku
00918,Jaylyn,2021-02-25,Sekolah.ku
00919,Sneed,2021-02-28,Karier.ku
00920,Mikaili,2019-10-02,Karier.ku
00921,Anadia,2018-11-15,Sekolah.ku
00922,Tenicia,2019-11-10,Karier.ku
00923,Arihan,2020-05-16,Sekolah.ku
00924,Ajayceon,2018-08-03,Karier.ku
00925,Mileydi,2019-03-04,Sekolah.ku
00926,Keambria,2019-05-05,Karier.ku
00927,Tyrico,2019-11-23,Sekolah.ku
00928,Raha,2021-10-03,Sekolah.ku
00929,Alei,2020-09-11,Karier.ku
00930,Tyres,2021-06-04,Karier.ku
00931,Mckynze,2022-01-14,Sekolah.ku
00932,Shaiel,2019-12-15,Sekolah.ku
00933,Orah,2020-08-16,Sekolah.ku
00934,Jerelly,2019-04-28,Karier.ku
00935,Brierre,2018-12-12,Sekolah.ku
00936,Ansara,2020-03-05,Sekolah.ku
00937,Earma,2020-01-19,Sekolah.ku
00938,Delance,2021-06-22,Sekolah.ku
00939,Caralina,2020-07-02,Karier.ku
00940,Deari,2021-06-04,Karier.ku
00941,Toshi,2018-10-11,Sekolah.ku
00942,Skyshun,2019-10-29,Sekolah.ku
00943,Girtrue,2020-02-21,Karier.ku
00944,Ellan,2022-02-21,Karier.ku
00945,Kiel,2021-03-01,Karier.ku
00946,Joquita,2019-03-14,Karier.ku
00947,Sheily,2018-06-13,Sekolah.ku
00948,Kathrynanne,2020-09-20,Sekolah.ku
00949,Coraine,2021-08-29,Karier.ku
00950,Deno,2020-09-08,Sekolah.ku
00951,Diven,2020-10-28,Sekolah.ku
00952,Nedine,2022-04-18,Karier.ku
00953,Kaelynn,2022-05-04,Karier.ku
00954,Bentlea,2020-08-08,Sekolah.ku
00955,Juanfernando,2019-05-02,Sekolah.ku
00956,Benny,2019-05-21,Sekolah.ku
00957,Mattew,2020-06-05,Karier.ku
00958,Raeya,2020-09-29,Sekolah.ku
00959,Cariana,2021-10-13,Karier.ku
00960,Lonell,2021-05-14,Karier.ku
00961,Jatoya,2021-06-28,Sekolah.ku
00962,Demia,2021-06-08,Karier.ku
00963,Evalyna,2019-05-08,Sekolah.ku
00964,Evilyn,2021-04-11,Sekolah.ku
00965,Sherrey,2018-12-27,Sekolah.ku
00966,Ilayda,2019-06-22,Sekolah.ku
00967,Kove,2020-12-26,Sekolah.ku
00968,Arriyah,2019-04-04,Sekolah.ku
00969,Merlot,2021-08-19,Karier.ku
00970,Lamontre,2021-07-23,Sekolah.ku
00971,Arkayla,2020-11-09,Sekolah.ku
00972,Delie,2021-08-17,Karier.ku
00973,Hartie,2021-07-08,Sekolah.ku
00974,Annakay,2020-07-31,Sekolah.ku
00975,Zo,2019-08-06,Sekolah.ku
00976,Aldora,2022-04-06,Sekolah.ku
00977,Jarlin,2020-03-05,Karier.ku
00978,Alyese,2018-10-27,Karier.ku
00979,Say,2022-01-25,Karier.ku
00980,Nahaven,2021-10-25,Sekolah.ku
00981,Louisia,2020-09-18,Sekolah.ku
00982,Ndya,2019-01-28,Sekolah.ku
00983,Ranika,2020-04-06,Sekolah.ku
00984,Kischa,2020-02-13,Karier.ku
00985,Samanthanicole,2020-04-25,Sekolah.ku
00986,Nakhai,2019-09-04,Sekolah.ku
00987,Lamaris,2019-01-11,Sekolah.ku
00988,Adilene,2019-02-18,Sekolah.ku
00989,Kentoria,2021-05-09,Sekolah.ku
00990,Dene,2021-03-19,Karier.ku
00991,Ajianna,2021-08-30,Sekolah.ku
00992,Bernadett,2020-09-10,Sekolah.ku
00993,Zimarion,2018-09-21,Sekolah.ku
00994,Tanyon,2021-10-08,Sekolah.ku
00995,Darico,2018-05-03,Karier.ku
00996,Swapnil,2019-08-02,Sekolah.ku
00997,Praneeth,2021-04-19,Sekolah.ku
00998,Elvio,2020-02-05,Karier.ku
00999,Chamroeun,2020-02-23,Karier.ku
01000,Imaad,2020-03-26,Sekolah.ku
01001,Bahe,2020-07-27,Sekolah.ku
01002,Dmarko,2020-07-21,Sekolah.ku
01003,Harriet,2022-02-08,Sekolah.ku
01004,Margherita,2020-03-10,Sekolah.ku
01005,Anupama,2018-07-30,Sekolah.ku
01006,Gia,2021-03-06,Sekolah.ku
01007,Jaaden,2019-03-29,Sekolah.ku
01008,Natusha,2020-03-11,Karier.ku
01009,Olyve,2020-05-29,Karier.ku
01010,Ehrin,2021-08-18,Sekolah.ku
01011,Euginia,2018-06-17,Sekolah.ku
01012,Jeyshangelise,2019-11-05,Karier.ku
01013,Shrivas,2020-04-17,Karier.ku
01014,Aricel,2021-02-10,Karier.ku
01015,Aliysha,2021-06-11,Sekolah.ku
01016,Rebeka,2018-12-27,Karier.ku
01017,Indra,2020-09-03,Sekolah.ku
01018,Wyat,2021-09-10,Sekolah.ku
01019,Vuthy,2020-10-01,Sekolah.ku
01020,Vivie,2019-10-22,Sekolah.ku
01021,Sriansh,2021-02-12,Karier.ku
01022,Neilah,2021-10-16,Sekolah.ku
01023,Zyira,2020-08-04,Karier.ku
01024,Beda,2019-07-07,Karier.ku
01025,Markchristopher,2019-05-07,Sekolah.ku
01026,Armiya,2018-07-24,Sekolah.ku
01027,Labreya,2021-01-07,Sekolah.ku
01028,Britiney,2019-10-13,Sekolah.ku
01029,Calirae,2020-02-06,Karier.ku
01030,Jenara,2019-10-18,Sekolah.ku
01031,Gwendolyne,2021-03-31,Sekolah.ku
01032,Keyonta,2021-09-22,Sekolah.ku
01033,Tadeusz,2021-08-07,Sekolah.ku
01034,Keinan,2021-09-02,Sekolah.ku
01035,Charlain,2020-01-28,Sekolah.ku
01036,Kiandra,2020-09-28,Sekolah.ku
01037,Ronneisha,2019-09-14,Sekolah.ku
01038,Abbigaile,2018-06-20,Sekolah.ku
01039,Mykol,2019-06-05,Sekolah.ku
01040,Saroya,2020-05-08,Karier.ku
01041,Rheaann,2021-12-29,Sekolah.ku
01042,Zelenia,2018-10-18,Sekolah.ku
01043,Gani,2019-12-10,Sekolah.ku
01044,Zeyah,2019-08-20,Karier.ku
01045,Javionte,2020-08-29,Sekolah.ku
01046,Geogory,2021-08-10,Sekolah.ku
01047,Costas,2020-03-14,Karier.ku
01048,Bethenia,2020-04-18,Sekolah.ku
01049,Edgard,2020-06-16,Sekolah.ku
01050,Alper,2022-02-24,Sekolah.ku
01051,Wynnell,2018-05-27,Sekolah.ku
01052,Adelai,2020-08-05,Sekolah.ku
01053,Zakarias,2019-11-02,Sekolah.ku
01054,Ritch,2018-08-13,Karier.ku
01055,Karmen,2019-05-28,Sekolah.ku
01056,Cristene,2019-07-30,Sekolah.ku
01057,Edsson,2020-09-19,Sekolah.ku
01058,Umu,2020-12-07,Karier.ku
01059,Carlosadrian,2022-04-17,Sekolah.ku
01060,Aizayah,2018-12-28,Sekolah.ku
01061,Patrina,2018-05-05,Sekolah.ku
01062,Treyshun,2019-01-11,Karier.ku
01063,Aviral,2019-02-04,Karier.ku
01064,Shanlee,2021-11-16,Karier.ku
01065,Narcie,2021-02-23,Karier.ku
01066,Jamiroquan,2022-02-01,Sekolah.ku
01067,Emiline,2020-08-15,Sekolah.ku
01068,Blaikley,2019-01-14,Sekolah.ku
01069,Ambreanna,2019-05-01,Karier.ku
01070,Nateal,2018-10-17,Karier.ku
01071,Renan,2020-09-22,Sekolah.ku
01072,Mtisha,2020-10-14,Karier.ku
01073,Dayjon,2019-08-30,Sekolah.ku
01074,Cherysh,2020-04-30,Karier.ku
01075,Makeo,2019-07-16,Karier.ku
01076,Davinci,2020-12-30,Sekolah.ku
01077,Reid,2018-05-23,Sekolah.ku
01078,Breeyah,2022-03-21,Sekolah.ku
01079,Kalyl,2018-06-24,Sekolah.ku
01080,Drashawn,2018-11-02,Sekolah.ku
01081,Yiana,2020-03-29,Sekolah.ku
01082,Treniece,2020-12-24,Sekolah.ku
01083,Lutricia,2019-08-04,Sekolah.ku
01084,Leron,2019-02-09,Sekolah.ku
01085,Tymia,2019-04-16,Sekolah.ku
01086,Rechele,2019-10-14,Sekolah.ku
01087,Arryn,2021-03-14,Karier.ku
01088,Amour,2019-06-23,Sekolah.ku
01089,Sherlene,2020-12-17,Sekolah.ku
01090,Tashee,2020-04-09,Karier.ku
01091,Kyrstan,2022-03-17,Sekolah.ku
01092,Leevi,2021-12-10,Sekolah.ku
01093,Lailana,2019-03-29,Sekolah.ku
01094,Shyenne,2021-08-06,Sekolah.ku
01095,Dierre,2019-09-24,Sekolah.ku
01096,Onesimus,2018-06-04,Sekolah.ku
01097,Laniyia,2018-10-01,Karier.ku
01098,Marquesha,2019-12-21,Karier.ku
01099,Jorddy,2021-03-11,Karier.ku
01100,Virdiana,2018-08-04,Sekolah.ku
01101,Lashaundra,2020-07-17,Sekolah.ku
01102,Emryn,2020-10-31,Sekolah.ku
01103,Abdulkadir,2020-12-19,Karier.ku
01104,Chasitty,2019-08-07,Sekolah.ku
01105,Jeneane,2019-06-09,Sekolah.ku
01106,Nickson,2018-10-19,Sekolah.ku
01107,Kamaya,2021-07-07,Sekolah.ku
01108,Lanford,2019-11-02,Sekolah.ku
01109,Marlayshia,2019-04-26,Sekolah.ku
01110,Ryma,2019-03-29,Sekolah.ku
01111,Larenz,2020-03-01,Sekolah.ku
01112,Kynzlie,2018-12-10,Karier.ku
01113,Loueen,2019-05-25,Karier.ku
01114,Shonnell,2022-01-02,Karier.ku
01115,Melishia,2021-06-04,Sekolah.ku
01116,Markies,2020-10-20,Karier.ku
01117,Maesyn,2018-08-01,Sekolah.ku
01118,Imagen,2019-08-28,Sekolah.ku
01119,Bayardo,2019-09-08,Sekolah.ku
01120,Manaya,2022-02-03,Sekolah.ku
01121,Annas,2019-04-22,Sekolah.ku
01122,Adelita,2022-01-13,Sekolah.ku
01123,Zayli,2019-10-15,Sekolah.ku
01124,Tarvin,2021-04-21,Sekolah.ku
01125,Joshanae,2021-03-11,Karier.ku
01126,Leshae,2018-06-11,Sekolah.ku
01127,Lerenzo,2019-06-19,Sekolah.ku
01128,Awet,2021-04-01,Sekolah.ku
01129,Sharima,2019-01-15,Sekolah.ku
01130,Kaaran,2020-03-07,Karier.ku
01131,Niaje,2020-10-10,Sekolah.ku
01132,Kinzey,2019-06-28,Sekolah.ku
01133,Kedus,2021-12-08,Sekolah.ku
01134,Juluis,2018-05-02,Sekolah.ku
01135,Rajendra,2019-06-06,Sekolah.ku
01136,Kyshawn,2020-06-11,Karier.ku
01137,Nishil,2018-11-11,Sekolah.ku
01138,Shatifah,2021-02-04,Karier.ku
01139,Tikki,2018-09-24,Karier.ku
01140,Zarriah,2019-07-06,Sekolah.ku
01141,Rekisha,2021-09-29,Sekolah.ku
01142,Clementene,2018-05-20,Karier.ku
01143,Vanasia,2018-08-05,Sekolah.ku
01144,Abdelaziz,2018-11-06,Sekolah.ku
01145,Utah,2021-05-16,Sekolah.ku
01146,Roshundra,2020-12-04,Karier.ku
01147,Enrico,2021-09-22,Sekolah.ku
01148,Heflin,2019-07-21,Karier.ku
01149,Kazlyn,2019-01-22,Sekolah.ku
01150,Kevontay,2019-12-13,Sekolah.ku
01151,Ismahan,2019-01-14,Sekolah.ku
01152,Attison,2020-09-01,Sekolah.ku
01153,Lorris,2022-02-05,Sekolah.ku
01154,Josiephine,2020-04-17,Sekolah.ku
01155,Juliahna,2022-03-15,Sekolah.ku
01156,Aloysious,2019-05-02,Karier.ku
01157,Taheem,2018-09-18,Sekolah.ku
01158,Marketia,2021-03-25,Karier.ku
01159,Roselene,2020-07-04,Karier.ku
01160,Karie,2020-05-13,Karier.ku
01161,Reno,2018-10-29,Sekolah.ku
01162,Leeam,2021-08-06,Sekolah.ku
01163,Evalise,2019-05-16,Karier.ku
01164,Kateleen,2019-12-27,Sekolah.ku
01165,Janielle,2021-05-14,Sekolah.ku
01166,Illia,2022-01-16,Sekolah.ku
01167,Hadrian,2018-07-09,Sekolah.ku
01168,Arit,2020-03-11,Sekolah.ku
01169,Randyn,2021-02-24,Karier.ku
01170,Kenzingtyn,2021-09-16,Karier.ku
01171,Keldan,2021-06-12,Sekolah.ku
01172,Kharsyn,2020-04-10,Sekolah.ku
01173,Ariv,2018-05-24,Sekolah.ku
01174,Jamyr,2019-05-15,Karier.ku
01175,Asunta,2018-08-24,Sekolah.ku
01176,Trystin,2019-09-23,Sekolah.ku
01177,Caryle,2019-04-22,Karier.ku
01178,Cotrina,2022-03-31,Sekolah.ku
01179,Vaugh,2021-08-28,Sekolah.ku
01180,Axie,2018-12-16,Karier.ku
01181,Sinnie,2020-10-22,Sekolah.ku
01182,Caniah,2020-02-16,Karier.ku
01183,Frantz,2018-06-07,Sekolah.ku
01184,Lounette,2021-07-11,Karier.ku
01185,Maya,2019-07-12,Karier.ku
01186,Meiah,2018-07-02,Sekolah.ku
01187,Jef,2021-02-07,Karier.ku
01188,Bethanya,2021-09-08,Sekolah.ku
01189,Jaicey,2020-10-24,Sekolah.ku
01190,Yousra,2018-07-28,Sekolah.ku
01191,Kymara,2018-12-23,Karier.ku
01192,Andrika,2020-05-22,Sekolah.ku
01193,Yunis,2020-05-15,Sekolah.ku
01194,Josaphina,2018-12-01,Sekolah.ku
01195,Sarem,2020-05-03,Sekolah.ku
01196,Roopal,2018-04-26,Karier.ku
01197,Vianna,2019-12-07,Sekolah.ku
01198,Emese,2021-01-22,Karier.ku
01199,Garris,2022-01-31,Sekolah.ku
01200,Camoya,2019-11-29,Sekolah.ku
01201,Jenera,2021-09-13,Karier.ku
01202,Kiara,2021-08-05,Sekolah.ku
01203,Jenaiah,2021-07-12,Karier.ku
01204,Breniyah,2018-10-23,Karier.ku
01205,Errold,2019-07-08,Sekolah.ku
01206,Therasa,2021-07-12,Sekolah.ku
01207,Alisher,2020-11-02,Karier.ku
01208,Angelysse,2021-02-08,Sekolah.ku
01209,Jameison,2022-04-05,Sekolah.ku
01210,Shadell,2018-06-21,Karier.ku
01211,Fenley,2021-07-25,Sekolah.ku
01212,Maurissa,2022-04-04,Sekolah.ku
01213,Jeloni,2021-05-01,Karier.ku
01214,Braxson,2021-01-16,Karier.ku
01215,Emron,2021-06-07,Sekolah.ku
01216,Xiara,2020-02-25,Sekolah.ku
01217,Ondre,2019-03-15,Sekolah.ku
01218,Henton,2022-04-06,Sekolah.ku
01219,Lemon,2020-10-26,Sekolah.ku
01220,Lurie,2020-03-14,Sekolah.ku
01221,Tineke,2020-11-23,Karier.ku
01222,Uzoamaka,2019-07-05,Sekolah.ku
01223,Tsuruko,2021-11-23,Karier.ku
01224,Lessette,2019-05-09,Sekolah.ku
01225,Emolene,2020-02-19,Sekolah.ku
01226,Levena,2020-03-02,Karier.ku
01227,Denedra,2021-04-20,Sekolah.ku
01228,Savior,2021-07-23,Sekolah.ku
01229,Namine,2019-03-20,Karier.ku
01230,Mylez,2018-12-29,Sekolah.ku
01231,Keirstan,2018-10-06,Karier.ku
01232,Syonna,2019-02-10,Sekolah.ku
01233,Nechuma,2021-12-08,Karier.ku
01234,Heavin,2018-10-27,Sekolah.ku
01235,Cordea,2020-09-22,Sekolah.ku
01236,Tyshawn,2020-08-29,Sekolah.ku
01237,Allecia,2020-07-18,Karier.ku
01238,Braulio,2021-12-17,Sekolah.ku
01239,Travail,2020-03-19,Sekolah.ku
01240,Maewyn,2020-03-20,Sekolah.ku
01241,Jermayne,2021-12-06,Karier.ku
01242,Remedy,2019-10-09,Sekolah.ku
01243,Sanetra,2021-09-21,Sekolah.ku
01244,Gopal,2019-08-10,Karier.ku
01245,Tajauna,2021-11-15,Karier.ku
01246,Jodeane,2019-10-13,Sekolah.ku
01247,Tinica,2021-06-20,Sekolah.ku
01248,Mirca,2022-04-30,Sekolah.ku
01249,Lecta,2021-07-11,Sekolah.ku
01250,Zaleigh,2020-08-21,Sekolah.ku
01251,Ewan,2020-11-01,Sekolah.ku
01252,Kevron,2021-10-07,Karier.ku
01253,Enos,2020-08-21,Sekolah.ku
01254,Eastan,2018-10-16,Sekolah.ku
01255,Abdo,2019-11-27,Sekolah.ku
01256,Dakyla,2021-12-15,Sekolah.ku
01257,Mckenleigh,2020-08-11,Sekolah.ku
01258,Merary,2022-02-19,Sekolah.ku
01259,Shengyeng,2018-07-09,Sekolah.ku
01260,Starlit,2021-06-07,Sekolah.ku
01261,Lyzander,2019-05-12,Sekolah.ku
01262,Estafani,2019-10-12,Sekolah.ku
01263,Juliett,2022-03-23,Sekolah.ku
01264,Mallika,2021-12-12,Sekolah.ku
01265,Merriah,2021-02-05,Sekolah.ku
01266,Pharren,2022-05-17,Karier.ku
01267,Pearce,2018-11-18,Sekolah.ku
01268,Dade,2021-03-31,Sekolah.ku
01269,Tanzania,2022-03-23,Sekolah.ku
01270,Lathaniel,2020-07-06,Sekolah.ku
01271,Olevia,2021-07-04,Sekolah.ku
01272,Leilend,2018-09-21,Sekolah.ku
01273,Benjamine,2020-03-23,Sekolah.ku
01274,Karmann,2021-11-22,Karier.ku
01275,Elveria,2020-08-06,Sekolah.ku
01276,Harpal,2018-06-10,Karier.ku
01277,Kaeleigh,2018-12-15,Sekolah.ku
01278,Mabyn,2021-07-12,Karier.ku
01279,Daezon,2019-10-02,Sekolah.ku
01280,Ailah,2019-01-13,Sekolah.ku
01281,Marcelia,2019-01-20,Sekolah.ku
01282,Amielia,2020-12-24,Sekolah.ku
01283,Brigett,2020-06-18,Sekolah.ku
01284,Liberty,2019-01-06,Sekolah.ku
01285,Marley,2019-03-27,Sekolah.ku
01286,Jissell,2019-02-01,Sekolah.ku
01287,Avonda,2020-10-06,Sekolah.ku
01288,Shelice,2018-06-07,Karier.ku
01289,Velvetta,2022-01-19,Karier.ku
01290,Levitt,2022-02-24,Sekolah.ku
01291,Tranecia,2019-11-06,Karier.ku
01292,Noma,2021-08-04,Sekolah.ku
01293,Calum,2021-09-26,Sekolah.ku
01294,Letricia,2019-04-12,Sekolah.ku
01295,Jesiel,2018-09-27,Karier.ku
01296,Beonica,2020-03-11,Karier.ku
01297,Serae,2020-11-28,Karier.ku
01298,Kae,2020-01-16,Karier.ku
01299,Katin,2021-06-03,Sekolah.ku
01300,Shaam,2021-08-24,Karier.ku
01301,Anayla,2021-09-05,Sekolah.ku
01302,Nikhila,2018-12-20,Sekolah.ku
01303,Philomenia,2019-03-26,Karier.ku
01304,Shyrene,2022-05-09,Sekolah.ku
01305,Jereomy,2019-01-14,Karier.ku
01306,Kalesha,2019-12-04,Sekolah.ku
01307,Suan,2020-02-22,Karier.ku
01308,Demetres,2020-09-03,Sekolah.ku
01309,Roshaad,2020-09-24,Sekolah.ku
01310,Vincenzio,2020-05-05,Sekolah.ku
01311,Savannahmarie,2018-12-23,Sekolah.ku
01312,Karisha,2019-10-25,Sekolah.ku
01313,Neyah,2021-10-17,Sekolah.ku
01314,Intisar,2019-12-17,Sekolah.ku
01315,Symiah,2019-09-23,Sekolah.ku
01316,Rajveer,2019-09-04,Sekolah.ku
01317,Daynah,2018-10-30,Karier.ku
01318,Awwab,2019-12-06,Karier.ku
01319,Aprilmarie,2020-06-15,Karier.ku
01320,Dalarie,2020-09-09,Sekolah.ku
01321,Malory,2022-04-29,Sekolah.ku
01322,Naishaun,2019-11-16,Sekolah.ku
01323,Kristain,2021-10-16,Sekolah.ku
01324,Shatell,2021-05-17,Karier.ku
01325,Ronneshia,2020-01-16,Karier.ku
01326,Chesica,2019-08-13,Sekolah.ku
01327,Sharinna,2020-05-15,Karier.ku
01328,Sharvon,2019-03-02,Sekolah.ku
01329,Kionte,2022-05-15,Karier.ku
01330,Shadan,2020-05-23,Sekolah.ku
01331,Jimarion,2019-06-30,Sekolah.ku
01332,Maliyah,2019-03-16,Sekolah.ku
01333,Ajanae,2021-09-08,Sekolah.ku
01334,Murtaza,2020-10-12,Sekolah.ku
01335,Cuyler,2021-10-06,Karier.ku
01336,Marianthi,2018-07-15,Sekolah.ku
01337,Vickey,2019-07-22,Karier.ku
01338,Natileigh,2019-08-14,Sekolah.ku
01339,Doranna,2019-08-18,Sekolah.ku
01340,Shalona,2021-07-10,Karier.ku
01341,Timaj,2021-02-06,Sekolah.ku
01342,Dilanjan,2020-03-29,Sekolah.ku
01343,Adarion,2021-07-03,Sekolah.ku
01344,Sukhjot,2019-03-27,Sekolah.ku
01345,Ahziyah,2018-12-11,Sekolah.ku
01346,Daiguan,2021-03-17,Karier.ku
01347,Cesaria,2019-05-20,Sekolah.ku
01348,Vayda,2020-09-19,Sekolah.ku
01349,Tahi,2019-04-24,Karier.ku
01350,Jevonn,2021-04-20,Sekolah.ku
01351,Doritha,2021-09-09,Sekolah.ku
01352,Esme,2020-11-28,Karier.ku
01353,Kymbree,2021-03-03,Sekolah.ku
01354,Arijana,2018-11-26,Sekolah.ku
01355,Tradell,2019-10-12,Sekolah.ku
01356,Oneill,2019-05-06,Sekolah.ku
01357,Habil,2021-12-15,Sekolah.ku
01358,Himari,2019-07-28,Sekolah.ku
01359,Yefim,2019-01-09,Sekolah.ku
01360,Brette,2020-05-20,Sekolah.ku
01361,Cambrynn,2021-12-28,Sekolah.ku
01362,Idas,2019-10-01,Sekolah.ku
01363,Ayeden,2018-07-08,Karier.ku
01364,Onelia,2019-08-19,Karier.ku
01365,Shean,2019-11-25,Karier.ku
01366,Maraih,2018-05-03,Sekolah.ku
01367,Allyce,2019-11-21,Sekolah.ku
01368,Lannon,2021-08-20,Karier.ku
01369,Amontay,2019-01-09,Karier.ku
01370,Kaleina,2020-11-04,Karier.ku
01371,Denzale,2020-02-03,Karier.ku
01372,Nyomii,2020-10-16,Karier.ku
01373,Yaseen,2021-10-27,Sekolah.ku
01374,Teesa,2019-03-22,Karier.ku
01375,Sheron,2022-04-02,Sekolah.ku
01376,Kabren,2018-09-29,Karier.ku
01377,Sakyra,2018-11-17,Sekolah.ku
01378,Shields,2018-08-20,Sekolah.ku
01379,Marylouise,2021-12-28,Sekolah.ku
01380,Cassidy,2018-08-17,Karier.ku
01381,Julibeth,2021-07-14,Karier.ku
01382,Timmeka,2020-04-20,Sekolah.ku
01383,Kwanita,2020-06-09,Sekolah.ku
01384,Aneri,2019-12-05,Karier.ku
01385,Karelie,2019-10-30,Sekolah.ku
01386,Traymon,2018-07-20,Sekolah.ku
01387,Darrion,2018-12-16,Karier.ku
01388,Charneice,2021-04-05,Karier.ku
01389,Cionni,2021-07-15,Sekolah.ku
01390,Takori,2020-06-13,Sekolah.ku
01391,Daune,2020-07-04,Sekolah.ku
01392,Cavin,2022-04-09,Karier.ku
01393,Yakema,2021-06-04,Sekolah.ku
01394,Jasmia,2021-09-09,Sekolah.ku
01395,Mackaylee,2021-08-16,Sekolah.ku
01396,Nadarius,2019-01-21,Sekolah.ku
01397,Lehna,2019-07-24,Sekolah.ku
01398,Dalphine,2021-01-30,Sekolah.ku
01399,Terri,2018-11-18,Sekolah.ku
01400,Otavio,2019-09-17,Karier.ku
01401,Bela,2021-07-14,Sekolah.ku
01402,Shevelle,2019-07-03,Sekolah.ku
01403,Damonee,2020-04-24,Sekolah.ku
01404,Shawyn,2019-06-29,Sekolah.ku
01405,Camberly,2022-04-19,Karier.ku
01406,Stephney,2021-07-23,Sekolah.ku
01407,Kristoher,2022-05-01,Sekolah.ku
01408,Brittish,2018-08-19,Sekolah.ku
01409,Kauri,2021-10-07,Sekolah.ku
01410,Yonason,2019-08-28,Sekolah.ku
01411,Perlean,2021-12-29,Karier.ku
01412,Ivon,2018-08-23,Karier.ku
01413,Dessire,2020-12-16,Sekolah.ku
01414,Lachonda,2018-06-09,Sekolah.ku
01415,Micia,2020-11-20,Karier.ku
01416,Shanece,2020-03-19,Sekolah.ku
01417,Roetta,2018-11-06,Sekolah.ku
01418,Sip,2018-07-14,Sekolah.ku
01419,Braxon,2022-03-04,Sekolah.ku
01420,Maurietta,2018-09-16,Sekolah.ku
01421,Johntay,2021-02-08,Karier.ku
01422,Javiair,2019-03-13,Sekolah.ku
01423,Deandrick,2021-01-07,Karier.ku
01424,Oppie,2019-05-29,Sekolah.ku
01425,Makenzee,2021-05-06,Sekolah.ku
01426,Deangilo,2020-02-23,Sekolah.ku
01427,Rieanna,2022-01-14,Sekolah.ku
01428,Leburn,2019-06-17,Karier.ku
01429,Orise,2019-08-04,Sekolah.ku
01430,Tesha,2020-09-04,Karier.ku
01431,Oluwaferanmi,2019-09-03,Karier.ku
01432,Payshance,2020-08-13,Sekolah.ku
01433,Alvan,2020-10-25,Karier.ku
01434,Nadezhda,2018-08-05,Sekolah.ku
01435,Yvan,2021-01-04,Sekolah.ku
01436,Geoffery,2020-01-15,Sekolah.ku
01437,Auset,2021-01-11,Sekolah.ku
01438,Aryanna,2019-05-17,Sekolah.ku
01439,Adiam,2021-11-29,Sekolah.ku
01440,Johnny,2019-04-06,Karier.ku
01441,Nyila,2019-10-11,Sekolah.ku
01442,Mireyda,2019-12-15,Sekolah.ku
01443,Norlan,2021-02-07,Sekolah.ku
01444,Faaizah,2019-10-17,Sekolah.ku
01445,Evylen,2019-05-06,Sekolah.ku
01446,Elzadie,2018-08-14,Sekolah.ku
01447,Yuvaan,2019-05-03,Karier.ku
01448,Franchessca,2018-06-19,Sekolah.ku
01449,Zacora,2018-10-12,Karier.ku
01450,Ayaina,2019-03-24,Sekolah.ku
01451,Shataya,2022-01-03,Karier.ku
01452,Marigail,2019-12-02,Sekolah.ku
01453,Aubreeanna,2019-08-14,Sekolah.ku
01454,Laritha,2018-08-31,Karier.ku
01455,Gerriann,2019-10-27,Sekolah.ku
01456,Silvya,2021-07-18,Sekolah.ku
01457,Halcy,2018-09-23,Sekolah.ku
01458,Coco,2022-01-09,Sekolah.ku
01459,Sand,2018-12-19,Sekolah.ku
01460,Sravani,2020-09-23,Karier.ku
01461,Athos,2019-07-20,Sekolah.ku
01462,Megghan,2021-03-15,Sekolah.ku
01463,Breeonna,2019-04-10,Sekolah.ku
01464,Eulogia,2020-12-10,Karier.ku
01465,Denelda,2020-11-25,Sekolah.ku
01466,Emmabeth,2019-08-01,Karier.ku
01467,Arieyana,2019-05-09,Karier.ku
01468,Andrean,2020-11-15,Sekolah.ku
01469,Elikai,2021-02-17,Karier.ku
01470,Adesewa,2019-08-18,Sekolah.ku
01471,Juancarlos,2021-10-08,Karier.ku
01472,Altamease,2018-06-02,Sekolah.ku
01473,Finton,2022-01-08,Karier.ku
01474,Amaya,2020-03-02,Karier.ku
01475,Khadeijah,2021-10-29,Sekolah.ku
01476,Wyonda,2020-04-08,Sekolah.ku
01477,Mackenzye,2022-03-10,Karier.ku
01478,Ebonye,2020-07-16,Sekolah.ku
01479,Mavra,2018-11-29,Sekolah.ku
01480,Makaili,2018-04-12,Sekolah.ku
01481,Amillianna,2021-11-20,Sekolah.ku
01482,Zakaiyah,2021-10-20,Sekolah.ku
01483,Narumi,2021-11-16,Sekolah.ku
01484,Evaughn,2021-09-12,Sekolah.ku
01485,Maccoy,2020-07-31,Sekolah.ku
01486,Garett,2020-02-18,Karier.ku
01487,Elissar,2020-10-11,Sekolah.ku
01488,Breann,2021-08-06,Sekolah.ku
01489,Tija,2021-07-10,Sekolah.ku
01490,Mayeda,2020-04-20,Sekolah.ku
01491,Latayia,2020-10-28,Sekolah.ku
01492,Maghen,2021-01-07,Karier.ku
01493,Reann,2021-04-05,Sekolah.ku
01494,Braelon,2019-10-01,Sekolah.ku
01495,Issabella,2021-09-28,Sekolah.ku
01496,Tallulah,2019-10-14,Sekolah.ku
01497,Teandria,2020-05-06,Karier.ku
01498,Shaquil,2019-04-06,Karier.ku
01499,Rodin,2022-01-24,Karier.ku
01500,Zarela,2022-03-21,Sekolah.ku
01501,Keunna,2020-08-01,Sekolah.ku
01502,Glin,2018-10-12,Sekolah.ku
01503,Lybertie,2020-02-04,Sekolah.ku
01504,Gracy,2018-10-02,Sekolah.ku
01505,Jocinda,2019-12-17,Sekolah.ku
01506,Camp,2021-08-21,Sekolah.ku
01507,Dnielle,2020-04-14,Sekolah.ku
01508,Verilea,2018-11-25,Sekolah.ku
01509,Amekia,2019-06-22,Karier.ku
01510,Nathaniel,2019-02-22,Karier.ku
01511,Docie,2021-12-20,Sekolah.ku
01512,Maziar,2018-04-25,Sekolah.ku
01513,Thelisa,2022-05-08,Sekolah.ku
01514,Benjamen,2021-03-23,Sekolah.ku
01515,Eveah,2021-12-25,Karier.ku
01516,Tihanna,2019-02-06,Sekolah.ku
01517,Juanpablo,2020-04-02,Sekolah.ku
01518,Tanikia,2020-12-20,Sekolah.ku
01519,Ruben,2020-04-16,Sekolah.ku
01520,Laramy,2018-11-28,Sekolah.ku
01521,Lequentin,2019-04-07,Sekolah.ku
01522,Yelaina,2020-11-03,Sekolah.ku
01523,Airiel,2021-04-12,Sekolah.ku
01524,Denni,2019-01-02,Sekolah.ku
01525,Coleten,2022-01-24,Sekolah.ku
01526,Aleksi,2018-11-12,Sekolah.ku
01527,Emmeryn,2018-11-25,Sekolah.ku
01528,Fronie,2018-04-14,Karier.ku
01529,Lilinoe,2018-11-15,Sekolah.ku
01530,Jahmiya,2019-11-20,Sekolah.ku
01531,Kaiky,2021-12-06,Sekolah.ku
01532,Tinasha,2021-12-19,Sekolah.ku
01533,Sonovia,2021-03-06,Sekolah.ku
01534,Roselle,2018-12-17,Karier.ku
01535,Hernesto,2020-02-05,Sekolah.ku
01536,Olisaemeka,2018-09-05,Karier.ku
01537,Jillia,2019-05-01,Karier.ku
01538,Summer,2021-06-21,Sekolah.ku
01539,Quendarious,2020-12-14,Sekolah.ku
01540,Syier,2022-03-10,Karier.ku
01541,Denah,2018-11-07,Sekolah.ku
01542,Anjolina,2021-07-12,Sekolah.ku
01543,Takema,2021-06-08,Sekolah.ku
01544,Marget,2018-10-14,Sekolah.ku
01545,Tyreco,2020-02-19,Sekolah.ku
01546,Micalah,2019-07-19,Sekolah.ku
01547,Tyechia,2020-11-28,Sekolah.ku
01548,Alece,2019-02-12,Sekolah.ku
01549,Pratham,2021-04-08,Karier.ku
01550,Leamber,2020-02-15,Sekolah.ku
01551,Thomass,2020-01-12,Karier.ku
01552,Johnattan,2019-02-27,Sekolah.ku
01553,Amandarose,2020-02-28,Sekolah.ku
01554,Zamauria,2021-03-14,Sekolah.ku
01555,Quiesha,2020-11-30,Karier.ku
01556,Alixx,2021-11-23,Karier.ku
01557,Zecharia,2022-05-05,Karier.ku
01558,Kahleil,2018-06-06,Sekolah.ku
01559,Sanna,2020-03-07,Karier.ku
01560,Jullien,2020-01-20,Sekolah.ku
01561,Shabazz,2019-12-01,Karier.ku
01562,Adoniah,2018-10-31,Sekolah.ku
01563,Karielys,2020-04-19,Karier.ku
01564,Jabrayah,2019-12-27,Sekolah.ku
01565,Stuthi,2019-12-06,Sekolah.ku
01566,Raidyn,2021-06-18,Karier.ku
01567,Airabelle,2020-06-13,Sekolah.ku
01568,Taiyari,2020-10-16,Sekolah.ku
01569,Keishla,2022-03-26,Sekolah.ku
01570,Yzabella,2022-01-17,Sekolah.ku
01571,Cassandrea,2021-09-03,Sekolah.ku
01572,Katyna,2020-10-09,Sekolah.ku
01573,Foyster,2020-05-29,Karier.ku
01574,Julious,2021-03-08,Karier.ku
01575,Genieve,2018-08-29,Sekolah.ku
01576,Jaymir,2020-09-20,Karier.ku
01577,Hayzen,2019-09-07,Sekolah.ku
01578,Neythan,2019-06-09,Sekolah.ku
01579,Britzy,2018-12-09,Sekolah.ku
01580,Syvilla,2020-08-17,Sekolah.ku
01581,Jaimar,2021-03-21,Sekolah.ku
01582,Anneliz,2022-03-20,Karier.ku
01583,Shahad,2021-07-22,Sekolah.ku
01584,Loette,2021-05-17,Sekolah.ku
01585,Chevelle,2020-05-17,Karier.ku
01586,Davionte,2018-08-08,Karier.ku
01587,Raymunda,2021-03-26,Sekolah.ku
01588,Grayce,2018-08-18,Karier.ku
01589,Rowenna,2021-06-06,Karier.ku
01590,Kaelyn,2021-11-30,Karier.ku
01591,Ktherine,2021-01-29,Sekolah.ku
01592,Khloie,2018-04-21,Sekolah.ku
01593,Naiyah,2021-11-03,Sekolah.ku
01594,Sanav,2019-05-28,Sekolah.ku
01595,Illiam,2019-07-22,Sekolah.ku
01596,Marne,2018-09-03,Karier.ku
01597,Marliz,2021-03-15,Sekolah.ku
01598,Michelleanne,2020-03-28,Karier.ku
01599,Tiko,2019-07-15,Sekolah.ku
01600,Yameka,2019-05-03,Karier.ku
01601,Seleyna,2019-11-09,Sekolah.ku
01602,Heike,2018-07-10,Karier.ku
01603,Mellodie,2021-04-12,Sekolah.ku
01604,Garda,2020-02-16,Karier.ku
01605,Arbrianna,2018-04-13,Sekolah.ku
01606,Daasia,2019-05-27,Sekolah.ku
01607,Maryka,2020-12-26,Sekolah.ku
01608,Kambra,2018-11-21,Karier.ku
01609,Chastyn,2018-08-23,Sekolah.ku
01610,Domonigue,2018-12-09,Karier.ku
01611,Markeith,2021-04-19,Sekolah.ku
01612,Jaxcyn,2018-09-22,Sekolah.ku
01613,Wilmot,2021-01-02,Karier.ku
01614,Kiava,2020-02-10,Sekolah.ku
01615,Deissy,2019-06-05,Sekolah.ku
01616,Mukhtar,2021-12-27,Karier.ku
01617,Srinav,2022-02-27,Sekolah.ku
01618,Katira,2020-09-11,Sekolah.ku
01619,Aaiza,2020-01-30,Sekolah.ku
01620,Betsabeth,2022-01-26,Karier.ku
01621,Munirah,2022-02-24,Sekolah.ku
01622,Erniest,2019-10-23,Sekolah.ku
01623,Steffie,2021-04-22,Sekolah.ku
01624,Sorrell,2018-12-10,Sekolah.ku
01625,Arath,2019-06-26,Sekolah.ku
01626,Destinea,2021-12-06,Karier.ku
01627,Monet,2021-07-09,Sekolah.ku
01628,Gaven,2021-05-09,Karier.ku
01629,Ashante,2021-12-01,Karier.ku
01630,Shohei,2019-07-22,Sekolah.ku
01631,Adaelyn,2018-06-17,Karier.ku
01632,Alaiia,2021-03-18,Sekolah.ku
01633,Zira,2020-10-21,Sekolah.ku
01634,Annacarolina,2020-01-25,Karier.ku
01635,Ramielle,2020-06-06,Sekolah.ku
01636,Filberto,2021-01-22,Sekolah.ku
01637,Jarisa,2020-07-04,Sekolah.ku
01638,Zaniya,2021-02-24,Sekolah.ku
01639,Anyila,2020-07-03,Sekolah.ku
01640,Audrea,2021-01-04,Sekolah.ku
01641,Marz,2020-03-25,Sekolah.ku
01642,Kendelle,2018-09-28,Sekolah.ku
01643,Sherwanda,2018-07-08,Sekolah.ku
01644,Shaqura,2018-05-31,Karier.ku
01645,Kaelan,2020-09-05,Karier.ku
01646,Zylas,2018-08-29,Sekolah.ku
01647,Bartly,2019-04-29,Karier.ku
01648,Natelege,2022-03-13,Sekolah.ku
01649,Faedra,2019-01-10,Sekolah.ku
01650,Shanei,2018-12-03,Karier.ku
01651,Vidhu,2020-05-04,Karier.ku
01652,Meha,2020-03-25,Sekolah.ku
01653,Anistin,2020-02-02,Karier.ku
01654,Maniyah,2018-08-01,Sekolah.ku
01655,Alwaleed,2022-03-18,Sekolah.ku
01656,Kymani,2021-12-09,Karier.ku
01657,Kemyra,2020-05-31,Sekolah.ku
01658,Louree,2019-01-10,Sekolah.ku
01659,Mahnaz,2019-05-16,Sekolah.ku
01660,Kashius,2021-02-28,Karier.ku
01661,Makaylee,2019-05-22,Sekolah.ku
01662,Glinnie,2021-05-29,Karier.ku
01663,Kelii,2019-04-12,Sekolah.ku
01664,Joette,2021-02-14,Karier.ku
01665,Sammael,2018-10-09,Sekolah.ku
01666,Denese,2022-03-12,Sekolah.ku
01667,Zosia,2020-06-12,Karier.ku
01668,Cicley,2022-03-16,Sekolah.ku
01669,Berk,2020-08-06,Sekolah.ku
01670,Secilia,2022-03-02,Karier.ku
01671,Monaca,2018-05-15,Sekolah.ku
01672,Ifunanya,2021-09-02,Sekolah.ku
01673,Oniyah,2021-01-04,Karier.ku
01674,Geffory,2020-05-29,Sekolah.ku
01675,Jeneya,2018-06-27,Sekolah.ku
01676,Shadaja,2020-11-15,Karier.ku
01677,Latitia,2019-09-02,Sekolah.ku
01678,Regulo,2019-07-03,Sekolah.ku
01679,Shenitra,2018-12-04,Karier.ku
01680,Elaida,2021-03-23,Sekolah.ku
01681,Tyquil,2020-01-24,Sekolah.ku
01682,Manvitha,2021-09-21,Sekolah.ku
01683,Janeise,2021-04-21,Karier.ku
01684,Derquan,2022-04-05,Sekolah.ku
01685,Devarius,2018-11-14,Karier.ku
01686,Shiala,2018-07-16,Sekolah.ku
01687,Shango,2019-03-03,Sekolah.ku
01688,Hadleyann,2018-06-26,Karier.ku
01689,Drury,2021-09-18,Sekolah.ku
01690,Karabella,2019-10-26,Sekolah.ku
01691,Tonisia,2022-03-11,Sekolah.ku
01692,Coriene,2022-04-12,Karier.ku
01693,Ligeia,2020-04-17,Karier.ku
01694,Aidrik,2019-02-27,Sekolah.ku
01695,Dalayna,2021-12-10,Sekolah.ku
01696,Raynique,2019-06-01,Sekolah.ku
01697,Michiye,2020-03-05,Sekolah.ku
01698,Zenzele,2020-07-26,Sekolah.ku
01699,Kalesia,2020-03-30,Karier.ku
01700,Kaleea,2018-08-23,Sekolah.ku
01701,Marletta,2018-12-27,Sekolah.ku
01702,Klaus,2021-01-24,Sekolah.ku
01703,Caterina,2019-10-22,Sekolah.ku
01704,Leyre,2021-02-02,Sekolah.ku
01705,Shanesa,2019-05-04,Karier.ku
01706,Jahara,2021-07-22,Sekolah.ku
01707,Korrion,2020-07-10,Sekolah.ku
01708,Mcguire,2021-03-04,Sekolah.ku
01709,Nasiem,2019-01-21,Sekolah.ku
01710,Maraia,2022-02-13,Sekolah.ku
01711,Shanila,2020-09-25,Sekolah.ku
01712,Tatiyana,2020-07-09,Karier.ku
01713,Freddrick,2021-11-10,Karier.ku
01714,Kine,2020-01-07,Karier.ku
01715,Shalan,2021-10-09,Sekolah.ku
01716,Jerrid,2018-05-30,Sekolah.ku
01717,Jayz,2019-05-10,Sekolah.ku
01718,Darbey,2021-09-16,Sekolah.ku
01719,Chessa,2019-07-29,Sekolah.ku
01720,Thelma,2021-10-04,Karier.ku
01721,Laylaann,2018-06-13,Karier.ku
01722,Ellasophia,2020-06-07,Sekolah.ku
01723,Derlin,2020-10-25,Sekolah.ku
01724,Cuauhtemoc,2021-11-17,Karier.ku
01725,Tahiri,2022-01-21,Sekolah.ku
01726,Okla,2020-08-01,Karier.ku
01727,Guerry,2019-10-06,Sekolah.ku
01728,Shelicia,2021-12-02,Karier.ku
01729,Salesi,2021-12-10,Karier.ku
01730,Olayinka,2021-11-29,Karier.ku
01731,Cacey,2019-12-23,Karier.ku
01732,Tameiko,2019-07-27,Sekolah.ku
01733,Thursie,2018-10-10,Karier.ku
01734,Loyola,2021-10-16,Karier.ku
01735,Katrenna,2020-02-01,Karier.ku
01736,Lonnell,2021-03-03,Sekolah.ku
01737,Melenaite,2018-08-12,Sekolah.ku
01738,Rino,2022-04-18,Karier.ku
01739,Jasarah,2019-02-08,Sekolah.ku
01740,Kawhi,2019-11-09,Karier.ku
01741,Redden,2020-03-20,Sekolah.ku
01742,Royster,2022-05-19,Sekolah.ku
01743,Smead,2019-05-13,Sekolah.ku
01744,Ecker,2020-06-22,Sekolah.ku
01745,Gabryel,2019-02-01,Karier.ku
01746,Gabrielalexande,2020-03-03,Karier.ku
01747,Maridel,2020-09-06,Karier.ku
01748,Zellia,2021-11-23,Sekolah.ku
01749,Curvin,2019-11-05,Sekolah.ku
01750,Hananiah,2019-12-21,Sekolah.ku
01751,Virgus,2020-02-20,Sekolah.ku
01752,Tyheisha,2020-08-26,Sekolah.ku
01753,Kricket,2020-11-14,Karier.ku
01754,Dimante,2022-02-20,Sekolah.ku
01755,Khara,2021-04-19,Sekolah.ku
01756,Caprisha,2020-01-31,Sekolah.ku
01757,Masoud,2020-11-23,Sekolah.ku
01758,Ariebella,2019-02-26,Karier.ku
01759,Braley,2018-07-10,Sekolah.ku
01760,Vencie,2019-05-25,Karier.ku
01761,Abtin,2018-06-01,Sekolah.ku
01762,Diyala,2019-08-18,Sekolah.ku
01763,Reyez,2020-02-04,Sekolah.ku
01764,Miarah,2018-06-28,Sekolah.ku
01765,Anecia,2020-01-16,Sekolah.ku
01766,Joanel,2021-09-05,Sekolah.ku
01767,Maesie,2018-09-15,Karier.ku
01768,Alletta,2020-08-11,Sekolah.ku
01769,Shondia,2021-08-22,Sekolah.ku
01770,Johnas,2021-08-01,Karier.ku
01771,Agustin,2019-05-07,Karier.ku
01772,Nigal,2021-08-13,Sekolah.ku
01773,Jnasia,2020-05-27,Sekolah.ku
01774,Profit,2019-10-23,Sekolah.ku
01775,Catria,2019-03-25,Sekolah.ku
01776,Jaeceion,2018-10-22,Sekolah.ku
01777,Arlee,2018-07-08,Sekolah.ku
01778,Seresa,2022-01-05,Karier.ku
01779,Brentnie,2018-08-14,Karier.ku
01780,Tiaa,2020-03-13,Karier.ku
01781,Alsion,2019-03-28,Karier.ku
01782,Bowe,2022-03-05,Sekolah.ku
01783,Glo,2022-03-10,Karier.ku
01784,Eyoel,2019-12-22,Karier.ku
01785,Khamilah,2019-04-06,Sekolah.ku
01786,Yasen,2022-01-10,Karier.ku
01787,Shinika,2021-01-14,Karier.ku
01788,Stellamae,2020-02-27,Karier.ku
01789,Emerich,2019-02-15,Karier.ku
01790,Dexter,2019-11-07,Sekolah.ku
01791,Parthiv,2020-10-12,Karier.ku
01792,Marriam,2020-10-18,Karier.ku
01793,Saundria,2019-01-12,Sekolah.ku
01794,Josett,2021-10-21,Karier.ku
01795,Shyheim,2020-07-01,Sekolah.ku
01796,Gio,2021-07-25,Sekolah.ku
01797,Lizmary,2020-03-11,Sekolah.ku
01798,Carneshia,2019-05-10,Sekolah.ku
01799,Beckley,2022-03-31,Karier.ku
01800,Latousha,2021-10-24,Sekolah.ku
01801,Hasani,2021-01-09,Karier.ku
01802,Londynmarie,2022-05-18,Sekolah.ku
01803,Voleta,2018-05-10,Karier.ku
01804,Yao,2019-11-13,Sekolah.ku
01805,Lavia,2018-08-03,Karier.ku
01806,Nealie,2018-08-29,Karier.ku
01807,Mikhia,2021-11-30,Karier.ku
01808,Brettney,2020-11-19,Karier.ku
01809,Lakeasha,2018-10-10,Sekolah.ku
01810,Saral,2021-02-02,Sekolah.ku
01811,Arriella,2019-09-28,Sekolah.ku
01812,Maxcine,2019-12-28,Karier.ku
01813,Nyeka,2020-02-10,Karier.ku
01814,Asaiah,2021-07-23,Karier.ku
01815,Ianthia,2022-02-02,Sekolah.ku
01816,Judeah,2021-08-21,Karier.ku
01817,Tyrise,2018-09-08,Sekolah.ku
01818,Delonta,2021-06-22,Sekolah.ku
01819,Soyla,2019-01-16,Sekolah.ku
01820,Efford,2018-05-17,Karier.ku
01821,Jaynice,2022-03-02,Sekolah.ku
01822,Jamario,2019-07-16,Sekolah.ku
01823,Nayela,2019-02-18,Sekolah.ku
01824,Lakshana,2022-05-06,Sekolah.ku
01825,Makenzey,2019-05-06,Karier.ku
01826,Yiyi,2019-02-28,Karier.ku
01827,Tifffany,2021-08-17,Sekolah.ku
01828,Nikyta,2019-11-16,Sekolah.ku
01829,Ajournee,2021-02-24,Sekolah.ku
01830,Gerren,2022-03-22,Sekolah.ku
01831,Shinna,2021-02-08,Sekolah.ku
01832,Anvesha,2019-06-07,Sekolah.ku
01833,Violeta,2019-08-31,Sekolah.ku
01834,Staley,2019-11-01,Sekolah.ku
01835,Login,2021-08-17,Karier.ku
01836,Kevonta,2022-01-21,Sekolah.ku
01837,Anaejah,2021-06-06,Karier.ku
01838,Mmichael,2020-07-26,Sekolah.ku
01839,Taquita,2020-02-21,Sekolah.ku
01840,Lilliebell,2020-10-27,Sekolah.ku
01841,Truett,2018-05-08,Sekolah.ku
01842,Lejoyce,2020-02-21,Sekolah.ku
01843,Temesa,2022-02-10,Sekolah.ku
01844,Kreigh,2019-09-13,Karier.ku
01845,Aniesha,2019-06-13,Karier.ku
01846,Jimel,2020-02-14,Sekolah.ku
01847,Eelyn,2020-04-05,Sekolah.ku
01848,Dontae,2018-08-12,Sekolah.ku
01849,Halley,2020-07-24,Sekolah.ku
01850,Hanae,2018-07-13,Karier.ku
01851,Canei,2021-02-11,Karier.ku
01852,Chizitere,2020-10-03,Sekolah.ku
01853,Trishamae,2019-02-18,Sekolah.ku
01854,Zae,2021-02-09,Sekolah.ku
01855,Dearld,2022-01-09,Sekolah.ku
01856,Shawnise,2019-03-28,Karier.ku
01857,Kenija,2020-06-20,Sekolah.ku
01858,Plas,2020-02-16,Karier.ku
01859,Shakeyda,2021-11-05,Sekolah.ku
01860,Xaylen,2020-03-02,Karier.ku
01861,Wilroy,2021-02-21,Sekolah.ku
01862,Matheson,2020-09-19,Sekolah.ku
01863,Sonji,2018-07-31,Sekolah.ku
01864,Arleigh,2019-04-22,Karier.ku
01865,Fremont,2019-11-16,Sekolah.ku
01866,Crystle,2021-04-02,Sekolah.ku
01867,Taffi,2019-08-09,Sekolah.ku
01868,Jash,2018-08-18,Karier.ku
01869,Cressie,2019-07-23,Sekolah.ku
01870,Fanisha,2019-06-08,Sekolah.ku
01871,Jazai,2020-06-04,Sekolah.ku
01872,Abryella,2022-04-20,Karier.ku
01873,Kumba,2020-08-30,Sekolah.ku
01874,Michaelanne,2020-11-09,Sekolah.ku
01875,Jaquawn,2020-06-17,Karier.ku
01876,Gahan,2019-01-08,Karier.ku
01877,Jama,2018-12-18,Sekolah.ku
01878,Percie,2018-08-25,Sekolah.ku
01879,Hamer,2020-11-27,Sekolah.ku
01880,Mackinnley,2019-07-28,Karier.ku
01881,Iason,2022-03-28,Sekolah.ku
01882,Amritpal,2021-07-24,Karier.ku
01883,Jenuel,2019-01-03,Sekolah.ku
01884,Japji,2018-08-19,Karier.ku
01885,Thandie,2020-07-18,Karier.ku
01886,Jennay,2022-02-10,Sekolah.ku
01887,Arisleidy,2020-05-21,Sekolah.ku
01888,Kaprisha,2020-06-15,Sekolah.ku
01889,Johusa,2020-06-02,Sekolah.ku
01890,Asaiya,2019-07-22,Sekolah.ku
01891,Jearlene,2021-12-08,Sekolah.ku
01892,Dobie,2019-01-20,Karier.ku
01893,Shykira,2019-09-12,Sekolah.ku
01894,Makesha,2020-11-15,Sekolah.ku
01895,Janeva,2019-10-08,Sekolah.ku
01896,Jakhiya,2019-06-21,Sekolah.ku
01897,Trance,2020-07-14,Sekolah.ku
01898,Annaluiza,2018-09-07,Karier.ku
01899,Datrion,2022-01-03,Karier.ku
01900,Dnia,2021-09-26,Karier.ku
01901,Duwane,2022-03-08,Karier.ku
01902,Jymir,2022-03-06,Sekolah.ku
01903,Tuyetnhi,2020-03-11,Sekolah.ku
01904,Mitali,2019-07-29,Sekolah.ku
01905,Sameed,2019-02-17,Karier.ku
01906,Kadar,2019-03-28,Sekolah.ku
01907,Livinia,2019-04-10,Karier.ku
01908,Keynan,2021-10-09,Sekolah.ku
01909,Ahmar,2021-11-08,Karier.ku
01910,Kella,2021-05-30,Sekolah.ku
01911,Chaketa,2018-05-22,Karier.ku
01912,Aarini,2019-11-22,Karier.ku
01913,Bodee,2018-12-09,Sekolah.ku
01914,Charlcy,2021-03-05,Sekolah.ku
01915,Jaevier,2021-10-15,Sekolah.ku
01916,Coralia,2021-03-04,Sekolah.ku
01917,Eulalie,2019-03-19,Karier.ku
01918,Assia,2020-11-29,Sekolah.ku
01919,Lova,2021-12-11,Sekolah.ku
01920,Mignonette,2020-03-10,Karier.ku
01921,Okechukwu,2021-06-06,Sekolah.ku
01922,Leshea,2018-08-15,Karier.ku
01923,Yadieliz,2020-04-03,Sekolah.ku
01924,Nkara,2019-01-05,Sekolah.ku
01925,Ilissa,2019-07-28,Sekolah.ku
01926,Indica,2019-11-27,Karier.ku
01927,Srithik,2018-12-04,Sekolah.ku
01928,Charlean,2022-03-07,Sekolah.ku
01929,Ede,2020-01-20,Sekolah.ku
01930,Bronwyn,2018-09-07,Sekolah.ku
01931,Vinetta,2020-07-08,Sekolah.ku
01932,Toshya,2021-09-01,Sekolah.ku
01933,Roselind,2021-08-27,Karier.ku
01934,Jahkim,2020-10-11,Sekolah.ku
01935,Melvan,2018-07-19,Sekolah.ku
01936,Meghan,2020-09-05,Karier.ku
01937,Effy,2018-12-30,Karier.ku
01938,Bayshawn,2020-04-16,Sekolah.ku
01939,Elo,2021-09-22,Karier.ku
01940,Raphiel,2020-01-24,Sekolah.ku
01941,Oreane,2019-01-24,Sekolah.ku
01942,Kateleya,2022-03-07,Karier.ku
01943,Shacara,2020-06-16,Sekolah.ku
01944,Birk,2019-10-21,Karier.ku
01945,Adedeji,2021-03-22,Karier.ku
01946,Tasia,2021-08-04,Sekolah.ku
01947,Genet,2019-05-22,Sekolah.ku
01948,Margaret,2020-06-19,Karier.ku
01949,Yiddy,2019-08-18,Karier.ku
01950,Elyjah,2019-09-14,Sekolah.ku
01951,Randine,2022-02-16,Sekolah.ku
01952,Asherah,2019-01-30,Karier.ku
01953,Nemanja,2021-06-06,Sekolah.ku
01954,Tequella,2021-12-19,Karier.ku
01955,Constant,2019-11-22,Sekolah.ku
01956,Amberjo,2018-10-20,Sekolah.ku
01957,Myanna,2018-05-30,Sekolah.ku
01958,Emoney,2020-06-27,Karier.ku
01959,Haowen,2021-01-09,Karier.ku
01960,Adda,2020-11-12,Karier.ku
01961,Xyliana,2022-02-12,Karier.ku
01962,Lovena,2021-03-01,Karier.ku
01963,Terrisha,2019-08-07,Sekolah.ku
01964,Chicquita,2021-09-16,Karier.ku
01965,Alexsandria,2019-04-17,Sekolah.ku
01966,Paulinda,2020-09-04,Sekolah.ku
01967,Jceon,2020-02-06,Sekolah.ku
01968,Bianica,2018-05-17,Sekolah.ku
01969,Janayja,2019-08-14,Karier.ku
01970,Abdulkarim,2019-04-07,Karier.ku
01971,Brox,2019-08-09,Sekolah.ku
01972,Keilany,2019-05-14,Sekolah.ku
01973,Zaray,2019-07-04,Karier.ku
01974,Vedika,2020-04-21,Sekolah.ku
01975,Trindon,2019-11-22,Sekolah.ku
01976,Amana,2021-12-04,Sekolah.ku
01977,Jakelynn,2019-10-29,Karier.ku
01978,Lavancha,2021-12-01,Karier.ku
01979,Merridith,2019-11-06,Sekolah.ku
01980,Godfrey,2019-06-08,Sekolah.ku
01981,Toneshia,2018-05-03,Karier.ku
01982,Kashena,2021-07-21,Sekolah.ku
01983,Lark,2018-09-28,Sekolah.ku
01984,Verlena,2021-10-17,Sekolah.ku
01985,Evea,2019-10-11,Sekolah.ku
01986,Alexanra,2019-12-17,Sekolah.ku
01987,Virtus,2019-01-12,Sekolah.ku
01988,Mekayla,2020-10-11,Karier.ku
01989,Vollie,2018-04-18,Karier.ku
01990,Lior,2018-10-03,Sekolah.ku
01991,Kelten,2021-01-10,Karier.ku
01992,Korinn,2021-07-19,Sekolah.ku
01993,Damirah,2019-07-29,Karier.ku
01994,Elaysha,2020-10-13,Karier.ku
01995,Sheffield,2020-06-19,Sekolah.ku
01996,Ardes,2022-04-14,Sekolah.ku
01997,Bianeth,2019-07-25,Sekolah.ku
01998,Sebron,2019-12-19,Sekolah.ku
01999,Akerria,2022-04-14,Karier.ku
02000,Luna,2021-09-21,Sekolah.ku
02001,Shaguana,2020-11-03,Sekolah.ku
02002,Abrahim,2018-11-09,Sekolah.ku
02003,Treyvone,2022-04-04,Karier.ku
02004,Chelsealynn,2018-08-26,Sekolah.ku
02005,Zayleigh,2022-02-19,Sekolah.ku
02006,Marioni,2019-01-27,Sekolah.ku
02007,Cashaun,2021-10-07,Karier.ku
02008,Emmerie,2021-10-21,Sekolah.ku
02009,Je,2020-03-13,Karier.ku
02010,Lakira,2019-06-29,Karier.ku
02011,Dyquan,2018-04-13,Sekolah.ku
02012,Jamesly,2019-10-08,Karier.ku
02013,Latavious,2021-05-02,Karier.ku
02014,Jarret,2021-01-03,Karier.ku
02015,Terae,2020-12-06,Sekolah.ku
02016,Leium,2019-12-10,Sekolah.ku
02017,Abisha,2022-03-25,Sekolah.ku
02018,Montrese,2019-12-25,Karier.ku
02019,Leonette,2021-12-27,Sekolah.ku
02020,Kaile,2020-08-18,Sekolah.ku
02021,Januarie,2022-03-11,Sekolah.ku
02022,Johnisha,2020-07-10,Sekolah.ku
02023,Keaunna,2019-08-19,Karier.ku
02024,Jlisa,2019-07-18,Karier.ku
02025,Maher,2019-04-09,Karier.ku
02026,Tahliah,2018-09-07,Karier.ku
02027,Dindi,2019-07-23,Karier.ku
02028,Vamsi,2020-03-23,Sekolah.ku
02029,Mikiyas,2018-05-08,Sekolah.ku
02030,Keigan,2020-11-21,Karier.ku
02031,Breyonia,2020-08-04,Karier.ku
02032,Gray,2020-09-21,Sekolah.ku
02033,Sharini,2021-10-29,Sekolah.ku
02034,Chinita,2019-12-01,Sekolah.ku
02035,Kadari,2021-10-11,Sekolah.ku
02036,Javari,2021-09-29,Karier.ku
02037,Chakka,2019-07-19,Karier.ku
02038,Cielo,2022-01-16,Sekolah.ku
02039,Keyarah,2019-11-10,Sekolah.ku
02040,Darvon,2019-06-27,Sekolah.ku
02041,Sair,2019-08-22,Sekolah.ku
02042,Ellory,2020-05-07,Sekolah.ku
02043,Shuntavia,2022-04-27,Sekolah.ku
02044,Timmiah,2018-06-08,Sekolah.ku
02045,Gisela,2019-12-08,Sekolah.ku
02046,Carlyann,2020-10-29,Sekolah.ku
02047,Toraino,2021-08-11,Karier.ku
02048,Kendahl,2021-07-29,Karier.ku
02049,Larmar,2020-11-01,Sekolah.ku
02050,Mykeal,2020-07-22,Sekolah.ku
02051,Takiah,2019-01-14,Sekolah.ku
02052,Pao,2019-12-10,Sekolah.ku
02053,Kamdon,2020-05-22,Karier.ku
02054,Currin,2019-04-22,Karier.ku
02055,Serach,2019-08-10,Karier.ku
02056,Jeramiah,2021-06-15,Karier.ku
02057,Nicholad,2020-01-11,Karier.ku
02058,Mesha,2019-11-01,Sekolah.ku
02059,Rehaan,2020-06-01,Sekolah.ku
02060,Jaquane,2019-10-24,Karier.ku
02061,Braxdyn,2021-10-24,Sekolah.ku
02062,Skylier,2020-11-15,Sekolah.ku
02063,Anshu,2019-08-08,Sekolah.ku
02064,Ivyann,2018-07-20,Sekolah.ku
02065,Jannie,2021-08-31,Karier.ku
02066,Vinal,2020-11-14,Sekolah.ku
02067,Daedrian,2019-02-22,Sekolah.ku
02068,Edwidge,2020-11-04,Sekolah.ku
02069,Ronneka,2018-05-05,Sekolah.ku
02070,Aeon,2019-06-05,Sekolah.ku
02071,Jannuel,2020-06-24,Sekolah.ku
02072,Norena,2021-06-12,Sekolah.ku
02073,Eliza,2021-12-27,Sekolah.ku
02074,Aleela,2021-02-12,Sekolah.ku
02075,Johnjoseph,2020-10-10,Sekolah.ku
02076,Dayveion,2020-03-11,Sekolah.ku
02077,Kingston,2021-10-04,Sekolah.ku
02078,Varion,2020-12-21,Sekolah.ku
02079,Liseth,2019-03-13,Sekolah.ku
02080,Andwele,2019-09-26,Sekolah.ku
02081,Arfan,2020-08-01,Sekolah.ku
02082,Shirleen,2019-09-01,Karier.ku
02083,Raylee,2019-03-18,Sekolah.ku
02084,Shiye,2021-11-23,Sekolah.ku
02085,Sherna,2019-07-23,Sekolah.ku
02086,Heloisa,2018-07-07,Karier.ku
02087,Zacharia,2019-07-20,Karier.ku
02088,Melda,2019-06-15,Sekolah.ku
02089,Anteria,2022-04-27,Sekolah.ku
02090,Reaghan,2020-05-19,Sekolah.ku
02091,Nattalee,2021-03-12,Karier.ku
02092,Italee,2021-04-21,Karier.ku
02093,Rhode,2021-06-18,Sekolah.ku
02094,Virge,2018-07-18,Sekolah.ku
02095,Tannen,2021-08-24,Sekolah.ku
02096,Kelson,2019-07-07,Sekolah.ku
02097,Tylee,2022-02-13,Karier.ku
02098,Roxianne,2021-01-09,Karier.ku
02099,Tifani,2019-05-16,Sekolah.ku
02100,Rama,2021-05-07,Sekolah.ku
02101,Vyctoria,2021-10-13,Sekolah.ku
02102,Jartavious,2022-03-28,Sekolah.ku
02103,Deavante,2021-04-03,Karier.ku
02104,Sherlin,2018-05-02,Karier.ku
02105,Libero,2019-04-25,Sekolah.ku
02106,Shanella,2018-10-21,Sekolah.ku
02107,Jamilet,2018-10-28,Karier.ku
02108,Thoryn,2019-12-30,Karier.ku
02109,Onslow,2019-09-22,Sekolah.ku
02110,Gabryell,2020-08-19,Sekolah.ku
02111,Aaminah,2020-07-07,Sekolah.ku
02112,Joram,2018-12-14,Sekolah.ku
02113,Lanedra,2019-05-14,Karier.ku
02114,Delanee,2019-02-20,Sekolah.ku
02115,Alaster,2021-09-25,Sekolah.ku
02116,Despina,2021-04-26,Sekolah.ku
02117,Jaxiel,2021-05-07,Sekolah.ku
02118,Flynn,2020-03-07,Sekolah.ku
02119,Giah,2022-05-09,Sekolah.ku
02120,Belmira,2019-05-17,Sekolah.ku
02121,Harutun,2020-06-13,Karier.ku
02122,Brentt,2022-05-09,Sekolah.ku
02123,Quisto,2019-01-11,Sekolah.ku
02124,Wyndy,2020-11-06,Sekolah.ku
02125,Abriah,2019-02-25,Sekolah.ku
02126,Travius,2022-05-17,Sekolah.ku
02127,Cindra,2021-03-21,Karier.ku
02128,Ellis,2020-06-01,Sekolah.ku
02129,Misri,2021-06-24,Sekolah.ku
02130,Deston,2019-12-09,Sekolah.ku
02131,Eddi,2021-10-12,Karier.ku
02132,Milton,2019-01-13,Sekolah.ku
02133,Ragad,2020-07-08,Sekolah.ku
02134,Eliasz,2020-12-15,Sekolah.ku
02135,Quoc,2020-11-04,Sekolah.ku
02136,Vylet,2020-02-17,Sekolah.ku
02137,Skylynn,2021-11-02,Karier.ku
02138,Yandiel,2021-10-14,Karier.ku
02139,Jayger,2019-05-28,Sekolah.ku
02140,Anthone,2020-10-28,Karier.ku
02141,Bernita,2021-12-24,Sekolah.ku
02142,Antwione,2020-06-27,Karier.ku
02143,Zade,2018-12-04,Karier.ku
02144,Andreana,2018-06-18,Sekolah.ku
02145,Izeal,2022-04-27,Karier.ku
02146,Oshie,2019-04-13,Karier.ku
02147,Darnesha,2020-03-11,Sekolah.ku
02148,Seaira,2018-09-24,Sekolah.ku
02149,Ferrol,2021-02-28,Sekolah.ku
02150,Thaddeaus,2021-11-24,Sekolah.ku
02151,Minelly,2018-08-14,Sekolah.ku
02152,Davlyn,2020-11-01,Sekolah.ku
02153,Genessis,2019-01-10,Karier.ku
02154,Bianny,2018-10-31,Sekolah.ku
02155,Annon,2022-05-06,Sekolah.ku
02156,Aldayshein,2020-11-19,Karier.ku
02157,Toland,2019-12-18,Sekolah.ku
02158,Bethyl,2022-03-30,Sekolah.ku
02159,Trisity,2022-01-09,Karier.ku
02160,Samone,2020-05-08,Sekolah.ku
02161,Laif,2019-09-22,Sekolah.ku
02162,Ananias,2019-08-04,Sekolah.ku
02163,Jaylin,2018-11-15,Karier.ku
02164,Aleezah,2020-11-09,Sekolah.ku
02165,Diar,2020-04-04,Sekolah.ku
02166,Sheilyn,2020-09-04,Sekolah.ku
02167,Sharenda,2020-10-25,Karier.ku
02168,Henrine,2021-05-12,Sekolah.ku
02169,Mawada,2020-10-24,Sekolah.ku
02170,Niamke,2020-07-22,Sekolah.ku
02171,Gina,2020-05-07,Sekolah.ku
02172,Onel,2019-10-20,Sekolah.ku
02173,Itcel,2018-05-27,Sekolah.ku
02174,Jabrell,2019-03-20,Sekolah.ku
02175,Dixie,2022-05-10,Sekolah.ku
02176,Jaynelle,2019-07-15,Sekolah.ku
02177,Mabelene,2020-03-12,Sekolah.ku
02178,Petrit,2022-02-18,Sekolah.ku
02179,Morry,2018-07-25,Sekolah.ku
02180,Romanda,2022-02-04,Sekolah.ku
02181,Lorene,2021-04-03,Karier.ku
02182,Shrinika,2019-04-06,Sekolah.ku
02183,Selso,2020-02-16,Karier.ku
02184,Esco,2022-03-03,Sekolah.ku
02185,Ryelle,2020-09-06,Karier.ku
02186,Chassady,2020-01-15,Sekolah.ku
02187,Malan,2021-02-10,Karier.ku
02188,Brisha,2018-04-21,Sekolah.ku
02189,Kenlyn,2019-01-06,Karier.ku
02190,Axal,2020-01-05,Sekolah.ku
02191,Kylan,2021-10-18,Karier.ku
02192,Avorie,2022-02-24,Sekolah.ku
02193,Arhonda,2022-05-06,Sekolah.ku
02194,Vanesha,2018-11-16,Karier.ku
02195,Clerissa,2022-02-19,Karier.ku
02196,Deveda,2020-08-16,Sekolah.ku
02197,Burdena,2019-10-25,Sekolah.ku
02198,Sherrea,2019-05-13,Sekolah.ku
02199,Codi,2020-12-05,Sekolah.ku
02200,Deniella,2020-05-12,Sekolah.ku
02201,Carolyna,2019-06-28,Sekolah.ku
02202,Abdulraheem,2020-06-09,Karier.ku
02203,Oluseun,2020-05-21,Sekolah.ku
02204,Bricia,2018-05-21,Karier.ku
02205,Pella,2021-12-09,Sekolah.ku
02206,Chikaima,2019-02-25,Sekolah.ku
02207,Ginnifer,2022-05-05,Karier.ku
02208,Joaovictor,2020-06-05,Sekolah.ku
02209,Zadyn,2022-04-10,Sekolah.ku
02210,Tayyibah,2018-12-18,Sekolah.ku
02211,Sherol,2019-04-17,Sekolah.ku
02212,Ngun,2019-01-13,Sekolah.ku
02213,Khylon,2018-08-22,Sekolah.ku
02214,Laurabeth,2018-06-28,Sekolah.ku
02215,Onolee,2018-11-27,Sekolah.ku
02216,Staton,2022-04-24,Karier.ku
02217,Barny,2018-11-18,Sekolah.ku
02218,Corkey,2019-02-17,Sekolah.ku
02219,Momoe,2020-05-31,Sekolah.ku
02220,Kiylee,2019-01-31,Sekolah.ku
02221,Harleyann,2020-12-23,Sekolah.ku
02222,Breeannah,2021-11-08,Sekolah.ku
02223,Navan,2020-09-04,Sekolah.ku
02224,Annan,2019-08-08,Karier.ku
02225,Brydan,2020-11-10,Sekolah.ku
02226,Siddanth,2019-06-02,Karier.ku
02227,Neeyah,2020-08-16,Sekolah.ku
02228,Ira,2019-01-01,Sekolah.ku
02229,Ellieanne,2021-06-02,Sekolah.ku
02230,Estephen,2018-11-07,Karier.ku
02231,Markanthony,2021-12-11,Sekolah.ku
02232,Rod,2020-01-29,Karier.ku
02233,Cornie,2019-08-05,Sekolah.ku
02234,Chalsea,2019-06-02,Sekolah.ku
02235,Tenee,2021-05-22,Sekolah.ku
02236,Wynde,2019-05-24,Karier.ku
02237,Jyren,2018-10-02,Sekolah.ku
02238,Thilda,2019-05-21,Sekolah.ku
02239,Alishah,2018-11-14,Karier.ku
02240,Arion,2020-06-24,Sekolah.ku
02241,Alayja,2020-07-05,Sekolah.ku
02242,Tralynn,2020-06-29,Karier.ku
02243,Yuliet,2020-01-29,Karier.ku
02244,Niyam,2019-06-19,Sekolah.ku
02245,Ingrit,2019-08-07,Sekolah.ku
02246,Starlena,2020-08-18,Sekolah.ku
02247,Artem,2019-08-24,Sekolah.ku
02248,Woods,2020-07-20,Sekolah.ku
02249,Willamina,2019-07-30,Sekolah.ku
02250,Isidoro,2019-08-26,Sekolah.ku
02251,Tilman,2021-07-22,Sekolah.ku
02252,Zhuri,2018-04-29,Karier.ku
02253,Tabethia,2021-01-28,Sekolah.ku
02254,Lavant,2020-05-25,Sekolah.ku
02255,Eulalio,2022-03-18,Sekolah.ku
02256,Roarie,2018-05-25,Sekolah.ku
02257,Ruthalee,2018-06-09,Sekolah.ku
02258,Mecedes,2018-05-21,Sekolah.ku
02259,Caylib,2019-03-03,Karier.ku
02260,Beniamin,2019-10-31,Sekolah.ku
02261,Tykirah,2019-02-23,Sekolah.ku
02262,Jayzen,2022-01-14,Sekolah.ku
02263,Tehana,2019-05-03,Sekolah.ku
02264,Ilyjah,2020-12-25,Sekolah.ku
02265,Morrill,2020-04-01,Sekolah.ku
02266,Timothey,2020-08-26,Sekolah.ku
02267,Tircio,2021-01-18,Sekolah.ku
02268,Undria,2021-04-24,Sekolah.ku
02269,Deanza,2019-10-13,Sekolah.ku
02270,Marelin,2022-03-19,Sekolah.ku
02271,Jackquelin,2022-01-18,Karier.ku
02272,Dusan,2019-08-28,Karier.ku
02273,Jamella,2021-08-02,Sekolah.ku
02274,Sahir,2021-11-17,Karier.ku
02275,Teriana,2020-07-09,Sekolah.ku
02276,Delino,2019-06-23,Sekolah.ku
02277,Akaysia,2022-03-06,Karier.ku
02278,Mirenda,2020-02-15,Sekolah.ku
02279,Assante,2018-07-23,Sekolah.ku
02280,Amareion,2020-07-21,Sekolah.ku
02281,Priyal,2020-05-02,Sekolah.ku
02282,Damiam,2022-02-16,Sekolah.ku
02283,Lomax,2021-05-09,Karier.ku
02284,Winfred,2020-09-04,Karier.ku
02285,Brooks,2020-04-26,Sekolah.ku
02286,Bryttany,2020-01-21,Sekolah.ku
02287,Jaquaun,2019-11-04,Sekolah.ku
02288,Juanjr,2021-02-05,Karier.ku
02289,Zahar,2019-03-01,Karier.ku
02290,Nishi,2018-06-12,Karier.ku
02291,Doniell,2021-02-18,Sekolah.ku
02292,Traylan,2020-10-20,Sekolah.ku
02293,Windford,2018-10-09,Sekolah.ku
02294,Ollivander,2019-01-10,Sekolah.ku
02295,Earleane,2021-10-08,Karier.ku
02296,Karissa,2020-11-04,Sekolah.ku
02297,Shanetria,2018-10-30,Sekolah.ku
02298,Eydan,2019-05-20,Sekolah.ku
02299,Martinus,2021-04-15,Sekolah.ku
02300,Ramiyah,2020-01-17,Sekolah.ku
02301,Jataun,2021-01-08,Sekolah.ku
02302,Thristen,2019-11-26,Sekolah.ku
02303,Zaccari,2019-09-27,Karier.ku
02304,Aarion,2018-06-19,Sekolah.ku
02305,Esey,2021-11-17,Karier.ku
02306,Shakyla,2019-03-29,Karier.ku
02307,Dynisty,2021-02-06,Karier.ku
02308,Ayrie,2021-03-11,Sekolah.ku
02309,Altheria,2022-01-20,Sekolah.ku
02310,Donner,2021-11-08,Karier.ku
02311,Georgenne,2021-01-19,Karier.ku
02312,Maryclaire,2021-05-16,Sekolah.ku
02313,Joneer,2018-11-03,Sekolah.ku
02314,Latoscha,2021-08-11,Sekolah.ku
02315,Oran,2021-11-06,Sekolah.ku
02316,Benjammin,2020-07-11,Karier.ku
02317,Daeshun,2022-01-12,Sekolah.ku
02318,Liyanah,2022-01-21,Karier.ku
02319,Chrispin,2021-02-04,Karier.ku
02320,Bryceon,2021-04-27,Sekolah.ku
02321,Latrinity,2018-09-22,Sekolah.ku
02322,Kiyomi,2019-11-04,Sekolah.ku
02323,Jamiera,2021-12-24,Sekolah.ku
02324,Zeily,2021-05-16,Sekolah.ku
02325,Estaleen,2021-03-06,Sekolah.ku
02326,Cherif,2019-07-29,Sekolah.ku
02327,Smya,2020-01-15,Sekolah.ku
02328,Salam,2020-03-23,Karier.ku
02329,Valeria,2019-05-22,Karier.ku
02330,Taimane,2018-08-26,Sekolah.ku
02331,Jermir,2020-08-27,Sekolah.ku
02332,Zethan,2020-03-26,Sekolah.ku
02333,Keziya,2021-09-29,Sekolah.ku
02334,Azareth,2019-07-30,Sekolah.ku
02335,Patrece,2021-12-28,Sekolah.ku
02336,Beverlyann,2018-06-25,Sekolah.ku
02337,Miyla,2022-02-01,Sekolah.ku
02338,Avanel,2022-03-20,Sekolah.ku
02339,Rhania,2020-02-22,Sekolah.ku
02340,Alvi,2019-09-24,Sekolah.ku
02341,Mohsen,2020-03-30,Sekolah.ku
02342,Tikita,2020-02-18,Karier.ku
02343,Darrah,2021-05-08,Sekolah.ku
02344,Zadin,2019-10-03,Sekolah.ku
02345,Lanise,2018-08-30,Sekolah.ku
02346,Cheylynn,2022-05-02,Sekolah.ku
02347,Shayleen,2019-07-02,Sekolah.ku
02348,Jaelen,2019-09-22,Sekolah.ku
02349,Adajah,2018-07-31,Sekolah.ku
02350,Kirianna,2019-05-06,Karier.ku
02351,Alisen,2018-05-04,Karier.ku
02352,Marilinda,2019-03-24,Sekolah.ku
02353,Joselle,2019-11-17,Karier.ku
02354,Adynn,2021-04-25,Karier.ku
02355,Margaurite,2021-02-13,Sekolah.ku
02356,Silus,2021-01-26,Karier.ku
02357,Markell,2019-06-24,Karier.ku
02358,Ravine,2020-06-30,Karier.ku
02359,Kalanni,2021-12-06,Sekolah.ku
02360,Lareshia,2020-05-13,Sekolah.ku
02361,Gwendolynne,2019-05-02,Sekolah.ku
02362,Preciosa,2021-12-13,Karier.ku
02363,Bonny,2020-07-08,Sekolah.ku
02364,Kyriaki,2021-12-16,Karier.ku
02365,Sharniqua,2020-05-12,Sekolah.ku
02366,Brinn,2019-03-28,Sekolah.ku
02367,Marhsall,2018-06-29,Sekolah.ku
02368,Amiyah,2018-07-31,Sekolah.ku
02369,Annalaya,2021-12-22,Karier.ku
02370,Cormac,2020-05-28,Karier.ku
02371,Praveer,2019-02-06,Sekolah.ku
02372,Goldine,2018-06-10,Sekolah.ku
02373,Sameh,2021-09-19,Karier.ku
02374,Uniquia,2018-06-15,Karier.ku
02375,Djene,2020-11-12,Sekolah.ku
02376,Joiya,2022-01-31,Sekolah.ku
02377,Adysun,2020-05-24,Karier.ku
02378,Burleigh,2019-11-25,Sekolah.ku
02379,Derontae,2021-04-23,Sekolah.ku
02380,Tyia,2020-08-27,Sekolah.ku
02381,Martisa,2022-02-18,Sekolah.ku
02382,Durron,2018-08-13,Sekolah.ku
02383,Chirstian,2021-01-28,Sekolah.ku
02384,Tamia,2019-08-31,Karier.ku
02385,Tamkio,2019-08-19,Karier.ku
02386,Avelie,2018-06-22,Sekolah.ku
02387,Estella,2019-12-05,Karier.ku
02388,Gabrielly,2021-03-14,Karier.ku
02389,Dashaya,2019-04-28,Sekolah.ku
02390,Macy,2020-02-18,Karier.ku
02391,Pamlia,2020-02-01,Sekolah.ku
02392,Charmion,2018-11-16,Sekolah.ku
02393,Niharika,2019-04-27,Sekolah.ku
02394,Bolden,2018-09-12,Sekolah.ku
02395,Nico,2021-03-28,Karier.ku
02396,Mlisa,2022-02-10,Karier.ku
02397,Marijean,2019-06-17,Sekolah.ku
02398,Lizhet,2019-10-10,Karier.ku
02399,Jamelia,2021-06-06,Sekolah.ku
02400,Mathieu,2021-07-12,Sekolah.ku
02401,Allena,2019-10-21,Sekolah.ku
02402,Caliber,2019-10-25,Karier.ku
02403,Elneda,2019-02-23,Sekolah.ku
02404,Cooley,2020-12-27,Sekolah.ku
02405,Mariadejesus,2020-05-31,Karier.ku
02406,Jerrina,2022-04-09,Sekolah.ku
02407,Dejone,2019-08-12,Sekolah.ku
02408,Qushawn,2019-02-28,Karier.ku
02409,Dezarae,2021-11-18,Sekolah.ku
02410,Deondria,2022-01-20,Sekolah.ku
02411,Stormie,2021-10-29,Sekolah.ku
02412,Sellers,2020-10-15,Sekolah.ku
02413,Brichelle,2020-11-09,Sekolah.ku
02414,Tanisia,2021-12-08,Sekolah.ku
02415,Georgenna,2018-10-04,Sekolah.ku
02416,Leilauni,2020-02-25,Karier.ku
02417,Nicolos,2021-01-13,Sekolah.ku
02418,Alecha,2018-06-27,Sekolah.ku
02419,Omega,2021-02-12,Karier.ku
02420,Rithwik,2021-07-25,Sekolah.ku
02421,Isavela,2020-06-23,Sekolah.ku
02422,Bleu,2020-02-20,Karier.ku
02423,Olma,2018-05-20,Karier.ku
02424,Bran,2020-07-14,Sekolah.ku
02425,Darienne,2019-05-13,Sekolah.ku
02426,Gianny,2019-12-20,Sekolah.ku
02427,Demetree,2022-04-17,Sekolah.ku
02428,Damyan,2020-06-09,Sekolah.ku
02429,Angelito,2022-01-18,Sekolah.ku
02430,Chrisoula,2021-10-28,Sekolah.ku
02431,Semantha,2018-05-21,Sekolah.ku
02432,Bethzabeth,2019-11-07,Sekolah.ku
02433,Valonda,2021-01-31,Sekolah.ku
02434,Marsia,2019-12-07,Karier.ku
02435,Janeal,2018-10-15,Sekolah.ku
02436,Tadyn,2018-06-03,Karier.ku
02437,Aariv,2020-06-03,Sekolah.ku
02438,Rathanak,2022-01-23,Karier.ku
02439,Sabriyah,2019-11-06,Sekolah.ku
02440,Aremi,2020-01-06,Sekolah.ku
02441,Phoenyx,2020-09-09,Karier.ku
02442,Andrijana,2019-10-18,Sekolah.ku
02443,Malu,2018-06-08,Sekolah.ku
02444,Naja,2020-01-28,Karier.ku
02445,Reko,2020-02-12,Sekolah.ku
02446,Sonora,2021-06-13,Sekolah.ku
02447,True,2020-07-20,Sekolah.ku
02448,Tyquan,2021-04-20,Karier.ku
02449,Jusuf,2019-05-04,Sekolah.ku
02450,Shavonia,2019-10-06,Sekolah.ku
02451,Ankur,2018-10-28,Sekolah.ku
02452,Lizett,2019-02-24,Sekolah.ku
02453,Saleana,2020-04-06,Karier.ku
02454,Randoll,2022-03-05,Karier.ku
02455,Cypher,2020-10-10,Sekolah.ku
02456,Camiel,2019-03-12,Karier.ku
02457,Kahmyah,2018-09-16,Sekolah.ku
02458,Reggie,2020-04-20,Karier.ku
02459,Romeesa,2019-06-25,Sekolah.ku
02460,Shaneque,2021-12-14,Sekolah.ku
02461,Johniesha,2021-02-14,Sekolah.ku
02462,Dequantez,2019-06-25,Sekolah.ku
02463,Jerramy,2019-07-15,Sekolah.ku
02464,Kasani,2020-12-21,Sekolah.ku
02465,Ismel,2022-01-13,Sekolah.ku
02466,Rajiv,2021-06-25,Karier.ku
02467,Ilah,2020-06-26,Sekolah.ku
02468,Chelcee,2019-06-12,Sekolah.ku
02469,Eralyn,2021-10-28,Karier.ku
02470,Malyka,2020-01-19,Sekolah.ku
02471,Shalynda,2020-11-13,Karier.ku
02472,Arsh,2019-01-23,Sekolah.ku
02473,Fareedah,2019-10-31,Sekolah.ku
02474,Glynes,2020-04-20,Sekolah.ku
02475,Gisette,2020-04-06,Sekolah.ku
02476,Rosealyn,2019-01-15,Sekolah.ku
02477,Cassy,2022-04-12,Karier.ku
02478,Johnicia,2021-09-05,Karier.ku
02479,Tonyua,2019-05-06,Sekolah.ku
02480,Handsome,2021-06-30,Sekolah.ku
02481,Alyan,2021-01-08,Sekolah.ku
02482,Ronique,2021-11-20,Karier.ku
02483,Kristyan,2021-07-29,Sekolah.ku
02484,Rebelle,2020-04-14,Sekolah.ku
02485,Marce,2019-09-20,Karier.ku
02486,Jaleny,2021-12-28,Sekolah.ku
02487,Emmaclaire,2018-11-26,Sekolah.ku
02488,Aneita,2021-06-01,Karier.ku
02489,Tylek,2022-04-14,Sekolah.ku
02490,Lashane,2019-10-09,Sekolah.ku
02491,Zadi,2019-10-01,Sekolah.ku
02492,Yuvia,2020-10-09,Sekolah.ku
02493,Trygg,2018-08-30,Sekolah.ku
02494,Kalolaine,2021-11-04,Sekolah.ku
02495,Genina,2020-11-16,Sekolah.ku
02496,Krimson,2018-12-28,Sekolah.ku
02497,Sumaiya,2018-11-03,Sekolah.ku
02498,Tyane,2020-06-15,Karier.ku
02499,Brannick,2019-07-12,Karier.ku
02500,Termain,2019-10-28,Karier.ku
02501,Ranell,2022-02-04,Karier.ku
02502,Jallen,2020-11-23,Karier.ku
02503,Athelene,2020-06-22,Sekolah.ku
02504,Tatiayana,2021-11-27,Karier.ku
02505,Leondre,2021-09-02,Sekolah.ku
02506,Maryemma,2021-12-29,Sekolah.ku
02507,Laurenda,2021-12-03,Sekolah.ku
02508,Kaleya,2022-03-20,Karier.ku
02509,Kreelynn,2019-05-17,Karier.ku
02510,Verle,2021-11-25,Sekolah.ku
02511,Sadeigh,2020-12-03,Sekolah.ku
02512,Phenicia,2022-01-10,Karier.ku
02513,Nicholai,2020-08-14,Karier.ku
02514,Ocella,2019-10-29,Sekolah.ku
02515,Janmichael,2022-04-06,Sekolah.ku
02516,Richlyn,2020-08-07,Sekolah.ku
02517,Lutie,2018-11-08,Sekolah.ku
02518,Kyjaun,2021-07-01,Karier.ku
02519,Vasilike,2020-05-22,Karier.ku
02520,Klarity,2020-08-10,Sekolah.ku
02521,Moise,2021-12-27,Sekolah.ku
02522,Jarmarcus,2019-10-29,Karier.ku
02523,Dayle,2019-09-28,Sekolah.ku
02524,Karrick,2020-01-04,Sekolah.ku
02525,Adero,2022-02-10,Sekolah.ku
02526,Cleara,2022-01-28,Karier.ku
02527,Dionisios,2021-07-05,Karier.ku
02528,Rasheka,2021-05-20,Sekolah.ku
02529,Danavia,2020-12-30,Sekolah.ku
02530,Cayci,2018-11-21,Karier.ku
02531,Cheena,2019-01-25,Sekolah.ku
02532,Selenne,2018-12-24,Karier.ku
02533,Omaree,2020-10-31,Karier.ku
02534,Valyre,2021-11-01,Sekolah.ku
02535,Zephyra,2021-11-24,Sekolah.ku
02536,Kyliemarie,2019-04-25,Sekolah.ku
02537,Aaniah,2020-02-01,Sekolah.ku
02538,Shirlette,2021-12-23,Karier.ku
02539,Siyuan,2020-08-08,Sekolah.ku
02540,Anyelin,2021-04-23,Karier.ku
02541,Minervia,2020-04-19,Sekolah.ku
02542,Jhani,2019-08-12,Sekolah.ku
02543,Leidi,2020-03-06,Karier.ku
02544,Ain,2018-07-20,Karier.ku
02545,Mirannda,2021-03-18,Karier.ku
02546,Joason,2021-06-19,Karier.ku
02547,Jerrita,2019-07-12,Sekolah.ku
02548,Lylla,2019-04-08,Karier.ku
02549,Josephus,2019-06-01,Sekolah.ku
02550,Melvia,2020-09-02,Sekolah.ku
02551,Leonta,2018-12-26,Sekolah.ku
02552,Erienne,2020-06-05,Karier.ku
02553,Dejana,2020-10-04,Karier.ku
02554,Kanitra,2021-05-23,Sekolah.ku
02555,Arquimides,2022-03-01,Sekolah.ku
02556,Olicia,2018-08-08,Sekolah.ku
02557,Finessa,2021-11-09,Karier.ku
02558,Javant,2022-05-02,Karier.ku
02559,Denitra,2022-03-31,Karier.ku
02560,Truma,2021-05-03,Sekolah.ku
02561,Naiah,2020-04-12,Sekolah.ku
02562,Ladaisha,2019-08-08,Sekolah.ku
02563,Sangita,2019-07-17,Sekolah.ku
02564,Kilan,2020-08-15,Sekolah.ku
02565,Trigo,2020-01-15,Sekolah.ku
02566,Tevyn,2019-12-20,Sekolah.ku
02567,Nicollette,2018-04-16,Sekolah.ku
02568,Soleia,2021-07-15,Karier.ku
02569,Milos,2019-01-24,Sekolah.ku
02570,Bonita,2021-03-29,Karier.ku
02571,Kongpheng,2021-08-23,Sekolah.ku
02572,Ambriah,2020-02-20,Sekolah.ku
02573,Shannen,2020-11-14,Sekolah.ku
02574,Gissele,2019-11-15,Karier.ku
02575,Shihab,2019-12-09,Sekolah.ku
02576,Alfredrick,2021-03-30,Sekolah.ku
02577,Gecenia,2020-08-16,Sekolah.ku
02578,Evelynrose,2018-05-31,Sekolah.ku
02579,Lushonda,2021-06-13,Sekolah.ku
02580,Sharise,2018-07-03,Karier.ku
02581,Carrel,2021-07-14,Sekolah.ku
02582,Jermia,2020-07-15,Sekolah.ku
02583,Jazmine,2020-10-22,Sekolah.ku
02584,Olander,2019-10-04,Karier.ku
02585,Tajmir,2020-12-23,Sekolah.ku
02586,Aniket,2020-01-27,Sekolah.ku
02587,Naszir,2019-05-05,Sekolah.ku
02588,Emilynn,2022-04-26,Sekolah.ku
02589,Gerrel,2020-07-24,Karier.ku
02590,Madaline,2020-01-31,Sekolah.ku
02591,Wynetta,2022-05-10,Sekolah.ku
02592,Eriyonna,2021-11-12,Karier.ku
02593,Rheia,2022-01-20,Karier.ku
02594,Janece,2022-02-23,Sekolah.ku
02595,Chrisotpher,2019-04-02,Sekolah.ku
02596,Loyce,2018-04-20,Karier.ku
02597,Amunique,2019-12-30,Sekolah.ku
02598,Adelicia,2020-09-23,Sekolah.ku
02599,Oaklen,2020-09-23,Sekolah.ku
02600,Taleen,2021-01-27,Karier.ku
02601,Lolly,2021-01-05,Karier.ku
02602,Aubreana,2018-08-27,Sekolah.ku
02603,Aydyn,2020-04-08,Karier.ku
02604,Adoraim,2019-02-09,Karier.ku
02605,Jessicah,2021-06-16,Sekolah.ku
02606,Mckaya,2020-04-12,Karier.ku
02607,Astacia,2021-06-28,Karier.ku
02608,Judilynn,2019-12-08,Sekolah.ku
02609,Kavaris,2020-07-09,Karier.ku
02610,Koki,2022-01-14,Sekolah.ku
02611,Latanza,2019-06-22,Sekolah.ku
02612,Eiichi,2021-07-23,Sekolah.ku
02613,Freeda,2019-02-08,Sekolah.ku
02614,Berdia,2020-05-03,Karier.ku
02615,Jaython,2020-06-09,Sekolah.ku
02616,Evelean,2019-01-04,Sekolah.ku
02617,Marquece,2019-01-18,Karier.ku
02618,Cimarron,2018-10-17,Sekolah.ku
02619,Loal,2019-03-11,Sekolah.ku
02620,Luv,2021-03-18,Sekolah.ku
02621,Shakoria,2022-01-05,Karier.ku
02622,Chelci,2019-04-22,Sekolah.ku
02623,Joya,2022-01-13,Sekolah.ku
02624,Joliet,2021-05-30,Sekolah.ku
02625,Allyonna,2022-04-04,Sekolah.ku
02626,Tyasiah,2020-06-16,Sekolah.ku
02627,Tazuko,2018-04-23,Karier.ku
02628,Undrae,2018-10-11,Karier.ku
02629,Ferril,2019-04-17,Sekolah.ku
02630,Cabrini,2018-08-21,Karier.ku
02631,Dakia,2018-07-20,Sekolah.ku
02632,Settimio,2019-04-16,Karier.ku
02633,Lovie,2019-11-04,Sekolah.ku
02634,Rakshitha,2020-06-17,Sekolah.ku
02635,Donivan,2020-04-12,Sekolah.ku
02636,Emmey,2020-12-24,Karier.ku
02637,Shaqwana,2022-04-17,Karier.ku
02638,Nesiah,2019-03-29,Sekolah.ku
02639,Marshell,2020-06-15,Karier.ku
02640,Mariangely,2022-05-16,Sekolah.ku
02641,Zakri,2019-11-07,Sekolah.ku
02642,Adyline,2019-04-14,Karier.ku
02643,Ronishia,2018-04-29,Sekolah.ku
02644,Kaileigha,2021-08-11,Karier.ku
02645,Tokio,2021-11-26,Sekolah.ku
02646,Meloney,2019-03-01,Sekolah.ku
02647,Benjermin,2019-11-23,Sekolah.ku
02648,Zendy,2019-04-21,Sekolah.ku
02649,Allia,2020-12-31,Karier.ku
02650,Bahaa,2021-07-12,Sekolah.ku
02651,Phoebie,2018-11-18,Karier.ku
02652,Shvonne,2020-03-11,Sekolah.ku
02653,Aericka,2022-01-23,Karier.ku
02654,Wisteria,2021-12-14,Sekolah.ku
02655,Herby,2020-05-02,Sekolah.ku
02656,Sohn,2019-01-03,Karier.ku
02657,Britany,2018-08-11,Sekolah.ku
02658,Siclaly,2019-11-09,Sekolah.ku
02659,Jolyon,2020-07-16,Sekolah.ku
02660,Andamo,2021-01-28,Sekolah.ku
02661,Nadera,2019-04-13,Sekolah.ku
02662,Colin,2020-06-16,Sekolah.ku
02663,Safiyyah,2021-08-16,Sekolah.ku
02664,Libbey,2021-11-01,Sekolah.ku
02665,Harford,2020-05-16,Karier.ku
02666,Jeniah,2019-09-15,Karier.ku
02667,Caleiah,2018-09-21,Sekolah.ku
02668,Kater,2019-08-04,Sekolah.ku
02669,Farley,2020-03-13,Sekolah.ku
02670,Mahjabeen,2018-07-08,Karier.ku
02671,Philece,2021-12-15,Karier.ku
02672,Karylle,2019-10-13,Sekolah.ku
02673,Mythili,2020-02-26,Karier.ku
02674,Eastynn,2021-10-21,Sekolah.ku
02675,Minya,2021-09-07,Karier.ku
02676,Olive,2020-06-21,Sekolah.ku
02677,Emane,2019-04-25,Karier.ku
02678,Keslee,2018-05-13,Sekolah.ku
02679,Shirlie,2020-06-01,Sekolah.ku
02680,Rethel,2022-02-11,Sekolah.ku
02681,Tamatha,2021-12-20,Sekolah.ku
02682,Emmalisa,2022-03-26,Sekolah.ku
02683,Saralyn,2019-02-03,Sekolah.ku
02684,Richele,2020-08-21,Sekolah.ku
02685,Ulis,2020-06-03,Sekolah.ku
02686,Latham,2018-04-24,Sekolah.ku
02687,Jordanny,2020-04-28,Karier.ku
02688,Ark,2020-05-29,Sekolah.ku
02689,Julianita,2021-10-30,Sekolah.ku
02690,Roynell,2021-07-04,Sekolah.ku
02691,Dorielle,2021-05-27,Sekolah.ku
02692,Siren,2021-02-14,Sekolah.ku
02693,Jakkob,2020-07-14,Sekolah.ku
02694,Keiairra,2019-11-19,Karier.ku
02695,Taishawn,2021-12-20,Karier.ku
02696,Chachi,2021-03-25,Karier.ku
02697,Jnia,2022-05-05,Sekolah.ku
02698,Hawthorne,2019-03-06,Sekolah.ku
02699,Efstathios,2018-05-30,Karier.ku
02700,Romika,2020-01-06,Sekolah.ku
02701,Izrael,2020-12-04,Sekolah.ku
02702,Nyshia,2020-12-04,Sekolah.ku
02703,Ashvath,2020-04-26,Sekolah.ku
02704,Maddox,2018-11-28,Sekolah.ku
02705,Blayne,2019-09-01,Sekolah.ku
02706,Rocker,2020-04-02,Sekolah.ku
02707,Tyronne,2018-07-08,Karier.ku
02708,Deria,2019-04-30,Sekolah.ku
02709,Jaylese,2019-01-11,Sekolah.ku
02710,Totiyana,2021-07-23,Karier.ku
02711,Jezreel,2018-11-29,Sekolah.ku
02712,Dache,2020-11-01,Sekolah.ku
02713,Mairenn,2019-09-13,Sekolah.ku
02714,Alvina,2019-07-28,Karier.ku
02715,Audresha,2018-11-12,Karier.ku
02716,Dhiya,2022-05-04,Karier.ku
02717,Kaii,2022-03-01,Sekolah.ku
02718,Nyeasha,2018-04-14,Sekolah.ku
02719,Levis,2019-10-05,Sekolah.ku
02720,Shawnita,2021-08-15,Karier.ku
02721,Bailynn,2020-04-07,Sekolah.ku
02722,Maleesa,2020-05-28,Karier.ku
02723,Joletha,2019-10-18,Sekolah.ku
02724,Oz,2019-03-08,Sekolah.ku
02725,Eleuteria,2022-05-01,Sekolah.ku
02726,Maevyn,2022-02-01,Karier.ku
02727,Gloriana,2020-02-01,Sekolah.ku
02728,Markaya,2022-04-12,Sekolah.ku
02729,Cailum,2022-04-20,Karier.ku
02730,Nikina,2019-08-01,Karier.ku
02731,Salicia,2018-07-05,Karier.ku
02732,Yolonde,2021-09-29,Sekolah.ku
02733,Delfina,2020-03-20,Sekolah.ku
02734,Keaston,2019-06-27,Sekolah.ku
02735,Justice,2019-04-03,Sekolah.ku
02736,Thyme,2020-11-20,Sekolah.ku
02737,Kammy,2021-02-09,Sekolah.ku
02738,Doneva,2019-02-19,Karier.ku
02739,Isola,2022-03-14,Sekolah.ku
02740,Lorriann,2019-10-05,Sekolah.ku
02741,Avlyn,2021-03-29,Sekolah.ku
02742,Harshit,2021-08-25,Sekolah.ku
02743,Memphis,2019-10-26,Sekolah.ku
02744,Jennyfer,2020-08-11,Sekolah.ku
02745,Phelisha,2018-07-12,Sekolah.ku
02746,Analuiza,2022-04-15,Sekolah.ku
02747,Sarika,2021-06-01,Sekolah.ku
02748,Chloejane,2020-04-12,Karier.ku
02749,Ludora,2020-02-25,Karier.ku
02750,Snowden,2021-03-18,Sekolah.ku
02751,Maithe,2019-07-23,Karier.ku
02752,Vancil,2019-02-17,Sekolah.ku
02753,Jemely,2018-09-10,Karier.ku
02754,Aamil,2018-11-29,Karier.ku
02755,Annalize,2018-07-10,Sekolah.ku
02756,Holmes,2019-04-25,Karier.ku
02757,Kristia,2021-02-23,Karier.ku
02758,Gissell,2019-12-08,Karier.ku
02759,Sylys,2021-10-14,Sekolah.ku
02760,Rei,2021-05-16,Sekolah.ku
02761,Raelene,2019-11-22,Karier.ku
02762,Lilijana,2019-06-08,Sekolah.ku
02763,Deacan,2018-07-29,Sekolah.ku
02764,Masatoshi,2021-06-01,Karier.ku
02765,Ezariyah,2022-02-08,Karier.ku
02766,Gabriela,2020-03-14,Sekolah.ku
02767,Bashiri,2018-08-23,Sekolah.ku
02768,Parinita,2021-02-16,Sekolah.ku
02769,Wydia,2021-07-23,Sekolah.ku
02770,Sandhya,2021-05-08,Sekolah.ku
02771,Paysleigh,2019-11-07,Sekolah.ku
02772,Dwan,2020-11-14,Sekolah.ku
02773,Ennice,2022-01-10,Karier.ku
02774,Afomia,2018-11-06,Sekolah.ku
02775,Yaindhi,2021-06-23,Sekolah.ku
02776,Oluwateniola,2018-05-07,Sekolah.ku
02777,Arismel,2019-05-07,Sekolah.ku
02778,Sarit,2021-01-13,Sekolah.ku
02779,Tiasia,2018-10-08,Sekolah.ku
02780,Yoichi,2019-01-21,Sekolah.ku
02781,Remmington,2022-01-24,Sekolah.ku
02782,Desree,2021-06-30,Sekolah.ku
02783,Evilynn,2018-10-27,Karier.ku
02784,Khiya,2018-08-07,Karier.ku
02785,Adien,2020-06-02,Sekolah.ku
02786,Vlad,2018-09-14,Sekolah.ku
02787,Janah,2019-10-23,Sekolah.ku
02788,Meyers,2022-01-01,Sekolah.ku
02789,Latshia,2020-08-20,Sekolah.ku
02790,Bryheem,2020-02-01,Karier.ku
02791,Nadir,2022-03-06,Karier.ku
02792,Kensly,2018-05-23,Karier.ku
02793,Jondrea,2018-04-23,Sekolah.ku
02794,Rashem,2018-11-17,Karier.ku
02795,Ashee,2019-12-07,Karier.ku
02796,Rodert,2019-02-25,Sekolah.ku
02797,Lenar,2021-07-04,Sekolah.ku
02798,Joshva,2022-04-05,Sekolah.ku
02799,Mandrel,2020-02-13,Karier.ku
02800,Anastasya,2020-12-07,Sekolah.ku
02801,Quadijah,2020-05-16,Karier.ku
02802,Hammond,2019-01-26,Sekolah.ku
02803,Yuriah,2019-01-05,Sekolah.ku
02804,Wendall,2021-02-22,Karier.ku
02805,Tazariah,2020-11-24,Sekolah.ku
02806,Nashly,2018-05-07,Karier.ku
02807,Kruize,2021-08-31,Sekolah.ku
02808,Saahithi,2019-03-14,Karier.ku
02809,Keera,2021-01-14,Karier.ku
02810,Emeree,2019-05-03,Karier.ku
02811,Seasons,2018-07-19,Karier.ku
02812,Zamyrah,2018-11-14,Sekolah.ku
02813,Bobak,2018-06-02,Sekolah.ku
02814,Kourtny,2020-02-14,Karier.ku
02815,Novice,2021-09-01,Sekolah.ku
02816,Akol,2020-11-18,Sekolah.ku
02817,Nyima,2021-05-29,Sekolah.ku
02818,Oneisha,2018-12-14,Sekolah.ku
02819,Tawnni,2021-06-27,Sekolah.ku
02820,Rupen,2019-12-25,Sekolah.ku
02821,Kan,2022-01-04,Sekolah.ku
02822,Tariyah,2020-10-18,Sekolah.ku
02823,Emonte,2019-01-05,Sekolah.ku
02824,Latressa,2018-06-16,Karier.ku
02825,Gentri,2021-11-21,Sekolah.ku
02826,Oslo,2019-09-29,Sekolah.ku
02827,Tymika,2020-01-18,Sekolah.ku
02828,Kristofe,2021-03-27,Sekolah.ku
02829,Gurshawn,2022-03-03,Sekolah.ku
02830,Cane,2021-09-10,Sekolah.ku
02831,En,2020-07-06,Sekolah.ku
02832,Navraj,2021-09-07,Karier.ku
02833,Madhulika,2020-08-25,Sekolah.ku
02834,Tiffin,2019-02-20,Sekolah.ku
02835,Kymberle,2020-06-24,Sekolah.ku
02836,Latrish,2022-03-05,Sekolah.ku
02837,Ellenor,2020-12-16,Sekolah.ku
02838,Kirsey,2019-05-25,Sekolah.ku
02839,Sharkia,2020-06-16,Sekolah.ku
02840,Mobolaji,2019-03-15,Sekolah.ku
02841,Azaliya,2019-03-26,Sekolah.ku
02842,Thedra,2018-07-11,Karier.ku
02843,Lasheika,2019-09-23,Sekolah.ku
02844,Fatimatou,2020-06-17,Sekolah.ku
02845,Forbes,2021-05-10,Sekolah.ku
02846,Chenea,2018-07-20,Sekolah.ku
02847,Alaria,2022-03-12,Karier.ku
02848,Solidad,2021-07-12,Karier.ku
02849,Clarance,2020-09-26,Karier.ku
02850,Atia,2020-02-13,Sekolah.ku
02851,Tomas,2019-08-12,Sekolah.ku
02852,Caylynn,2020-04-22,Sekolah.ku
02853,Yuleimy,2018-11-24,Sekolah.ku
02854,Geetika,2020-11-17,Sekolah.ku
02855,Mervel,2021-08-02,Sekolah.ku
02856,Tarria,2020-06-11,Sekolah.ku
02857,Kiptyn,2022-02-05,Sekolah.ku
02858,Teigan,2020-10-12,Karier.ku
02859,Jammes,2021-09-17,Sekolah.ku
02860,Trinty,2020-05-23,Karier.ku
02861,Charnee,2018-08-24,Karier.ku
02862,Kacy,2021-12-26,Sekolah.ku
02863,Kenetha,2022-04-15,Sekolah.ku
02864,Lorett,2022-02-06,Sekolah.ku
02865,Issael,2018-07-19,Karier.ku
02866,Hoby,2019-07-25,Karier.ku
02867,Cailyn,2018-11-09,Karier.ku
02868,Leslieann,2021-11-24,Karier.ku
02869,Empriss,2021-05-09,Sekolah.ku
02870,Shanyra,2021-05-13,Karier.ku
02871,Joemy,2019-12-08,Sekolah.ku
02872,Wyconda,2018-12-14,Sekolah.ku
02873,Novak,2020-09-06,Karier.ku
02874,Madux,2020-06-11,Karier.ku
02875,Debarah,2021-02-08,Sekolah.ku
02876,Mihaela,2020-02-27,Karier.ku
02877,Glenese,2018-05-03,Sekolah.ku
02878,Trenitee,2020-06-10,Sekolah.ku
02879,Osborne,2020-02-23,Sekolah.ku
02880,Applonia,2018-06-18,Sekolah.ku
02881,Francesa,2018-11-19,Karier.ku
02882,Ceyonna,2020-02-21,Karier.ku
02883,Breianne,2022-03-31,Sekolah.ku
02884,Shanden,2019-04-09,Sekolah.ku
02885,Ivanell,2021-03-26,Karier.ku
02886,Zurisadai,2022-02-10,Sekolah.ku
02887,Javarie,2019-04-06,Sekolah.ku
02888,Nyashia,2019-09-01,Sekolah.ku
02889,Jolissa,2022-04-16,Karier.ku
02890,Abdurrehman,2018-12-08,Karier.ku
02891,Keeng,2022-02-09,Karier.ku
02892,Takye,2019-02-15,Sekolah.ku
02893,Mannette,2020-02-15,Karier.ku
02894,Jeremyiah,2021-03-07,Sekolah.ku
02895,Chiya,2020-12-06,Sekolah.ku
02896,Weslee,2018-07-29,Karier.ku
02897,Shawnah,2019-08-05,Sekolah.ku
02898,Muniza,2020-09-18,Sekolah.ku
02899,Marcelous,2020-03-05,Karier.ku
02900,Juda,2020-04-19,Karier.ku
02901,Zykevious,2018-12-07,Sekolah.ku
02902,Knicole,2021-12-26,Sekolah.ku
02903,Danielys,2018-10-12,Sekolah.ku
02904,Kaniqua,2020-08-06,Sekolah.ku
02905,Lonya,2021-07-23,Karier.ku
02906,Jeana,2019-11-05,Sekolah.ku
02907,Katiya,2019-06-19,Karier.ku
02908,Alprentice,2019-11-27,Sekolah.ku
02909,Nkechi,2020-12-12,Karier.ku
02910,Aldolfo,2018-04-24,Sekolah.ku
02911,Dimple,2022-01-18,Karier.ku
02912,Alhana,2018-07-02,Karier.ku
02913,Montrevious,2019-08-06,Sekolah.ku
02914,Andalyn,2019-11-10,Sekolah.ku
02915,Jacksyn,2019-10-28,Sekolah.ku
02916,Mecole,2020-09-26,Sekolah.ku
02917,Emmett,2020-02-25,Karier.ku
02918,Longina,2020-02-01,Sekolah.ku
02919,Nathalya,2021-05-11,Sekolah.ku
02920,Shavada,2019-04-28,Karier.ku
02921,Zamil,2021-04-15,Sekolah.ku
02922,Amaleah,2018-05-09,Sekolah.ku
02923,Kellylynn,2019-03-21,Karier.ku
02924,Kazuya,2019-01-09,Sekolah.ku
02925,Maryann,2021-03-08,Sekolah.ku
02926,Barak,2018-08-15,Karier.ku
02927,Kemo,2021-04-04,Sekolah.ku
02928,Gioia,2019-11-12,Sekolah.ku
02929,Rayanna,2021-05-09,Sekolah.ku
02930,Alaki,2020-12-03,Karier.ku
02931,Naeshaun,2022-03-04,Sekolah.ku
02932,Arrabelle,2019-08-16,Sekolah.ku
02933,Jeannean,2021-11-18,Sekolah.ku
02934,Dorilla,2020-12-28,Sekolah.ku
02935,Judson,2018-04-27,Sekolah.ku
02936,Beatta,2018-08-31,Karier.ku
02937,Elijha,2019-06-02,Sekolah.ku
02938,Elrico,2022-02-19,Karier.ku
02939,Chabelli,2022-01-18,Sekolah.ku
02940,Lilyauna,2019-12-22,Karier.ku
02941,Jahron,2021-11-07,Sekolah.ku
02942,Aaralyn,2018-11-07,Karier.ku
02943,Morganne,2020-02-11,Karier.ku
02944,Emellia,2021-11-13,Sekolah.ku
02945,Michaelthomas,2018-07-19,Karier.ku
02946,Quasia,2018-07-14,Sekolah.ku
02947,Makalynn,2022-04-24,Sekolah.ku
02948,Jyvon,2019-06-11,Sekolah.ku
02949,Leah,2019-03-28,Sekolah.ku
02950,Chantina,2020-03-14,Sekolah.ku
02951,Naol,2018-10-17,Karier.ku
02952,Fumie,2021-11-01,Karier.ku
02953,Kealeigh,2021-07-27,Karier.ku
02954,Lameer,2020-09-28,Karier.ku
02955,Mearlene,2018-12-06,Sekolah.ku
02956,Ethelen,2020-12-03,Sekolah.ku
02957,Meghin,2019-11-21,Karier.ku
02958,Zada,2020-10-11,Sekolah.ku
02959,Kharlee,2020-11-02,Sekolah.ku
02960,Aakarsh,2022-03-03,Sekolah.ku
02961,Zandrea,2019-01-24,Sekolah.ku
02962,Wilella,2022-04-19,Karier.ku
02963,Tylasia,2018-05-02,Sekolah.ku
02964,Jenney,2018-11-26,Karier.ku
02965,Maleisha,2020-02-11,Karier.ku
02966,Jarade,2019-04-17,Sekolah.ku
02967,Chilton,2018-09-21,Sekolah.ku
02968,Lougenia,2021-02-17,Karier.ku
02969,Remeka,2018-12-31,Karier.ku
02970,Naquesha,2021-05-04,Sekolah.ku
02971,Jamirr,2018-12-21,Sekolah.ku
02972,Quaniece,2018-06-03,Karier.ku
02973,Soufiane,2020-09-08,Sekolah.ku
02974,Ediz,2018-09-21,Sekolah.ku
02975,Erubiel,2020-11-16,Sekolah.ku
02976,Duane,2018-11-07,Sekolah.ku
02977,Williamhenry,2021-01-02,Sekolah.ku
02978,Worn,2022-04-07,Sekolah.ku
02979,Emeryn,2019-04-10,Sekolah.ku
02980,Quinnisha,2020-07-31,Karier.ku
02981,Stazie,2021-07-20,Sekolah.ku
02982,Bailley,2021-12-01,Sekolah.ku
02983,Enoc,2020-04-19,Sekolah.ku
02984,Kinard,2018-09-03,Sekolah.ku
02985,Tamathy,2022-01-24,Sekolah.ku
02986,Kida,2019-04-26,Karier.ku
02987,Aquisha,2020-03-21,Sekolah.ku
02988,Leeloo,2022-02-07,Sekolah.ku
02989,Jamer,2018-07-27,Sekolah.ku
02990,Nevon,2020-10-22,Karier.ku
02991,Kambre,2022-02-03,Karier.ku
02992,Byrnece,2022-05-06,Sekolah.ku
02993,Breshawna,2019-06-12,Karier.ku
02994,Alayda,2021-06-04,Karier.ku
02995,Tamarah,2019-03-21,Sekolah.ku
02996,Ambrosia,2019-08-25,Karier.ku
02997,Dorotha,2021-09-09,Sekolah.ku
02998,Elisianna,2020-06-13,Sekolah.ku
02999,Haili,2020-01-14,Sekolah.ku
03000,Shann,2021-12-01,Sekolah.ku
03001,Zitlalic,2021-03-31,Sekolah.ku
03002,Keaja,2018-06-22,Karier.ku
03003,Alvyn,2018-05-08,Karier.ku
03004,Sterl,2019-02-08,Sekolah.ku
03005,Tallis,2018-05-13,Karier.ku
03006,Khriz,2018-06-02,Karier.ku
03007,Berda,2020-07-26,Sekolah.ku
03008,Tarell,2019-08-14,Sekolah.ku
03009,Avarae,2018-05-01,Karier.ku
03010,Mohamud,2018-10-16,Karier.ku
03011,Mahina,2020-11-10,Sekolah.ku
03012,Milenka,2019-08-31,Sekolah.ku
03013,Murlean,2018-08-18,Sekolah.ku
03014,Caritina,2021-08-14,Karier.ku
03015,Asenath,2018-07-24,Sekolah.ku
03016,Cosmos,2020-09-29,Sekolah.ku
03017,Jelesia,2018-05-05,Sekolah.ku
03018,Kyiah,2021-12-06,Karier.ku
03019,Sannie,2020-02-18,Sekolah.ku
03020,Roderick,2018-12-18,Sekolah.ku
03021,Treyvin,2021-08-03,Sekolah.ku
03022,Leonis,2019-01-10,Karier.ku
03023,Tameya,2021-02-13,Karier.ku
03024,Trami,2019-01-04,Karier.ku
03025,Rozario,2020-06-03,Karier.ku
03026,Mergeron,2021-04-29,Karier.ku
03027,Kavyn,2022-03-30,Karier.ku
03028,Cristyl,2019-10-16,Sekolah.ku
03029,Ludvik,2020-09-11,Karier.ku
03030,Katerra,2020-11-07,Karier.ku
03031,Alchemy,2020-02-28,Sekolah.ku
03032,Aubery,2018-11-25,Sekolah.ku
03033,Kennlee,2019-02-03,Sekolah.ku
03034,Tarkeshia,2018-08-14,Sekolah.ku
03035,Dezaree,2019-02-08,Sekolah.ku
03036,Neamiah,2020-12-23,Sekolah.ku
03037,Mina,2019-12-03,Sekolah.ku
03038,Kayala,2021-06-05,Sekolah.ku
03039,Jacobus,2019-05-30,Sekolah.ku
03040,Okan,2019-04-09,Karier.ku
03041,Donlad,2019-03-10,Sekolah.ku
03042,Shaunell,2021-01-10,Karier.ku
03043,Keean,2020-01-27,Sekolah.ku
03044,Vishaan,2019-12-26,Karier.ku
03045,Raymondo,2021-03-31,Sekolah.ku
03046,Jennfer,2021-07-12,Karier.ku
03047,Suki,2019-03-24,Sekolah.ku
03048,Dontavious,2020-05-21,Sekolah.ku
03049,Nonnie,2020-10-31,Sekolah.ku
03050,Myrtlene,2019-01-21,Karier.ku
03051,Polo,2019-05-01,Sekolah.ku
03052,Alilah,2020-03-16,Sekolah.ku
03053,Lugina,2021-06-27,Sekolah.ku
03054,Gerrid,2019-10-16,Karier.ku
03055,Maxym,2019-05-11,Sekolah.ku
03056,Nickoles,2019-09-25,Sekolah.ku
03057,Debraoh,2020-07-11,Sekolah.ku
03058,Jaspyr,2021-05-05,Sekolah.ku
03059,Denelle,2020-03-05,Sekolah.ku
03060,Ysa,2019-05-20,Sekolah.ku
03061,Jassim,2022-02-26,Sekolah.ku
03062,Ranecia,2022-01-25,Sekolah.ku
03063,Edelyn,2021-03-15,Karier.ku
03064,Dahna,2021-08-31,Sekolah.ku
03065,Destiny,2020-07-12,Karier.ku
03066,Darnetta,2019-06-21,Sekolah.ku
03067,Antwaan,2018-12-31,Sekolah.ku
03068,Lemont,2019-04-13,Karier.ku
03069,Brittnae,2019-06-02,Sekolah.ku
03070,Kateryna,2019-10-29,Karier.ku
03071,Chrisel,2021-07-08,Sekolah.ku
03072,Tacita,2022-01-28,Karier.ku
03073,Mckelle,2018-10-22,Karier.ku
03074,Luciann,2021-05-06,Sekolah.ku
03075,Giovann,2022-03-07,Karier.ku
03076,Idalene,2019-01-15,Sekolah.ku
03077,Wrayanne,2018-04-26,Sekolah.ku
03078,Ang,2021-11-13,Sekolah.ku
03079,Adahli,2020-02-14,Karier.ku
03080,Dreven,2021-10-31,Karier.ku
03081,Deletha,2018-06-20,Sekolah.ku
03082,Nkiru,2020-10-14,Sekolah.ku
03083,Cariann,2019-05-05,Sekolah.ku
03084,Lekeshia,2020-04-15,Karier.ku
03085,Britny,2019-06-30,Karier.ku
03086,Charmae,2020-11-17,Karier.ku
03087,Charnelle,2021-01-21,Sekolah.ku
03088,Lashunya,2021-08-18,Sekolah.ku
03089,Carrold,2019-01-04,Karier.ku
03090,Annasophia,2019-08-30,Karier.ku
03091,Jeanella,2018-10-19,Karier.ku
03092,Alzada,2020-06-17,Sekolah.ku
03093,Jahniel,2018-05-15,Sekolah.ku
03094,Sherard,2020-05-27,Sekolah.ku
03095,Hemal,2022-04-18,Sekolah.ku
03096,Gladyes,2019-08-13,Sekolah.ku
03097,Jakalen,2019-07-28,Karier.ku
03098,Arlanda,2021-06-01,Sekolah.ku
03099,Temprynce,2020-09-07,Karier.ku
03100,Delonia,2021-08-30,Sekolah.ku
03101,Yudelka,2018-11-12,Karier.ku
03102,Gwilym,2018-10-21,Sekolah.ku
03103,Raafay,2019-10-20,Sekolah.ku
03104,Columbus,2020-10-08,Karier.ku
03105,Prithiv,2020-10-01,Sekolah.ku
03106,Tywon,2018-08-10,Sekolah.ku
03107,Leward,2018-12-12,Sekolah.ku
03108,Oswyn,2019-06-02,Karier.ku
03109,Chantrell,2021-07-07,Karier.ku
03110,Aliyaah,2021-12-03,Karier.ku
03111,Marbely,2018-05-02,Sekolah.ku
03112,Chantia,2018-12-15,Sekolah.ku
03113,Arellys,2021-12-25,Sekolah.ku
03114,Brttany,2019-11-19,Sekolah.ku
03115,Nikalas,2020-05-27,Sekolah.ku
03116,Aldana,2021-01-10,Karier.ku
03117,Gniya,2020-08-22,Sekolah.ku
03118,Shnequa,2021-03-17,Sekolah.ku
03119,Westlyn,2019-04-02,Sekolah.ku
03120,Gustave,2021-12-30,Sekolah.ku
03121,Kaileia,2019-10-20,Sekolah.ku
03122,Jenilca,2018-11-20,Karier.ku
03123,Chidozie,2018-06-20,Sekolah.ku
03124,Moorea,2020-12-14,Sekolah.ku
03125,Jedi,2022-02-21,Sekolah.ku
03126,Anjie,2018-08-28,Sekolah.ku
03127,Jaston,2018-04-19,Sekolah.ku
03128,Anayelly,2021-02-13,Sekolah.ku
03129,Harrill,2018-04-22,Sekolah.ku
03130,Shylene,2021-08-02,Sekolah.ku
03131,Shaleesa,2021-08-03,Sekolah.ku
03132,Shakyrah,2021-01-03,Karier.ku
03133,Saga,2021-06-11,Sekolah.ku
03134,Ashanni,2018-10-10,Sekolah.ku
03135,Capella,2019-07-22,Sekolah.ku
03136,Chasady,2020-06-18,Sekolah.ku
03137,Hye,2019-08-14,Sekolah.ku
03138,Mikael,2019-01-17,Sekolah.ku
03139,Macie,2021-03-09,Sekolah.ku
03140,Durwin,2018-08-01,Sekolah.ku
03141,Mieka,2021-07-05,Sekolah.ku
03142,Nesya,2021-02-15,Sekolah.ku
03143,Keondria,2019-04-04,Sekolah.ku
03144,Nakeitha,2022-04-04,Sekolah.ku
03145,Paz,2021-03-10,Karier.ku
03146,Therdore,2018-09-06,Sekolah.ku
03147,Shata,2021-08-05,Sekolah.ku
03148,Tionni,2020-06-15,Sekolah.ku
03149,Mhairi,2021-09-12,Karier.ku
03150,Zaydenn,2020-04-17,Karier.ku
03151,Chany,2022-01-10,Sekolah.ku
03152,Pasqualino,2018-05-06,Sekolah.ku
03153,Daysan,2020-03-30,Karier.ku
03154,Keshondra,2019-03-24,Sekolah.ku
03155,Ciaran,2018-06-17,Sekolah.ku
03156,Shatica,2020-10-04,Sekolah.ku
03157,Weslin,2019-05-17,Sekolah.ku
03158,Yamelin,2018-10-30,Karier.ku
03159,Shaqueria,2020-08-07,Sekolah.ku
03160,Adelena,2018-12-15,Sekolah.ku
03161,Shamont,2019-12-23,Karier.ku
03162,Samajay,2020-12-03,Karier.ku
03163,Srujan,2021-01-10,Sekolah.ku
03164,Sincear,2020-02-14,Karier.ku
03165,Atheena,2021-02-02,Sekolah.ku
03166,Kenton,2019-10-12,Sekolah.ku
03167,Amye,2018-11-26,Karier.ku
03168,Juanmarcos,2018-09-10,Sekolah.ku
03169,Toivo,2022-05-11,Sekolah.ku
03170,Xaviel,2018-06-13,Sekolah.ku
03171,Eulan,2020-01-26,Karier.ku
03172,Houston,2021-06-09,Sekolah.ku
03173,Aneeka,2019-01-10,Karier.ku
03174,Berklie,2019-12-06,Karier.ku
03175,Lynwood,2021-04-08,Sekolah.ku
03176,Talon,2019-06-24,Sekolah.ku
03177,Keiora,2020-05-12,Sekolah.ku
03178,Maryssa,2022-02-11,Sekolah.ku
03179,Jurlene,2018-09-26,Sekolah.ku
03180,Eaven,2020-11-24,Sekolah.ku
03181,Fidencia,2021-04-27,Karier.ku
03182,Emarri,2018-04-19,Sekolah.ku
03183,Chisato,2019-07-12,Karier.ku
03184,Dailin,2018-11-08,Karier.ku
03185,Awanda,2019-04-23,Sekolah.ku
03186,Ashtun,2021-03-27,Sekolah.ku
03187,Stephaine,2021-09-24,Sekolah.ku
03188,Lakeya,2019-06-04,Karier.ku
03189,Aashia,2019-08-21,Sekolah.ku
03190,Tizoc,2021-12-30,Sekolah.ku
03191,Pearleen,2021-09-11,Sekolah.ku
03192,Amylea,2019-11-18,Sekolah.ku
03193,Kloie,2021-11-27,Sekolah.ku
03194,Roine,2019-04-01,Sekolah.ku
03195,Alexusia,2022-01-27,Karier.ku
03196,Yuriy,2018-08-16,Sekolah.ku
03197,Khaylie,2019-02-06,Sekolah.ku
03198,Gursimran,2019-08-27,Sekolah.ku
03199,Paal,2018-09-29,Karier.ku
03200,Zoel,2020-12-22,Sekolah.ku
03201,Casadi,2019-02-17,Karier.ku
03202,Edsil,2019-10-10,Sekolah.ku
03203,Rephael,2018-07-08,Karier.ku
03204,Shahanna,2021-07-05,Sekolah.ku
03205,Donnitta,2021-07-26,Sekolah.ku
03206,Byrne,2019-12-12,Sekolah.ku
03207,Teni,2021-01-14,Sekolah.ku
03208,Marlisa,2019-05-18,Karier.ku
03209,Lytia,2018-09-21,Karier.ku
03210,Tigerlilly,2020-10-30,Karier.ku
03211,Leileen,2020-08-23,Karier.ku
03212,Yohance,2021-05-22,Sekolah.ku
03213,Gonzales,2018-07-26,Sekolah.ku
03214,Neketa,2019-09-14,Sekolah.ku
03215,Damarkis,2021-09-07,Karier.ku
03216,Jahmia,2020-11-15,Sekolah.ku
03217,Baotran,2021-09-10,Karier.ku
03218,Siu,2020-02-11,Karier.ku
03219,Rushank,2019-07-08,Sekolah.ku
03220,Flavius,2020-06-22,Karier.ku
03221,Pride,2020-02-22,Karier.ku
03222,Diandria,2021-07-15,Sekolah.ku
03223,Shantisha,2019-02-16,Karier.ku
03224,Aleksander,2021-10-19,Karier.ku
03225,Keylen,2022-04-27,Sekolah.ku
03226,Bunk,2019-03-19,Sekolah.ku
03227,Lysandra,2020-07-24,Karier.ku
03228,Jshawn,2018-12-11,Sekolah.ku
03229,Autzen,2019-02-25,Sekolah.ku
03230,Syona,2020-07-25,Sekolah.ku
03231,Sesley,2021-12-19,Karier.ku
03232,Alonni,2019-01-24,Sekolah.ku
03233,Samadhi,2018-06-03,Sekolah.ku
03234,Thrisa,2021-10-20,Sekolah.ku
03235,Lytle,2018-12-10,Karier.ku
03236,Ahmeer,2019-12-18,Sekolah.ku
03237,Sherin,2018-05-23,Sekolah.ku
03238,Keshonna,2018-11-19,Sekolah.ku
03239,Nytia,2018-10-16,Karier.ku
03240,Lashanta,2018-06-24,Sekolah.ku
03241,Aurin,2021-01-06,Sekolah.ku
03242,Suhey,2019-06-25,Sekolah.ku
03243,Benie,2021-12-17,Sekolah.ku
03244,Zana,2021-09-24,Karier.ku
03245,Demetrick,2021-02-12,Sekolah.ku
03246,Saani,2019-11-22,Sekolah.ku
03247,Chadwin,2021-02-28,Sekolah.ku
03248,Margit,2018-07-08,Sekolah.ku
03249,Lillia,2020-01-02,Karier.ku
03250,Baggio,2022-05-04,Karier.ku
03251,Saretta,2021-10-31,Karier.ku
03252,Ruckus,2021-05-09,Sekolah.ku
03253,Heriberto,2018-10-15,Sekolah.ku
03254,Syrus,2018-06-04,Sekolah.ku
03255,Angellee,2019-11-27,Karier.ku
03256,Azlynne,2020-08-05,Sekolah.ku
03257,Daylyn,2020-09-09,Sekolah.ku
03258,Kimbly,2021-11-05,Karier.ku
03259,Mirsab,2019-02-14,Sekolah.ku
03260,Frankie,2019-10-12,Sekolah.ku
03261,Yaleyza,2018-06-04,Sekolah.ku
03262,Lariesha,2018-06-08,Sekolah.ku
03263,Angenetta,2019-01-10,Sekolah.ku
03264,Pascha,2020-10-13,Karier.ku
03265,Everlee,2021-05-18,Sekolah.ku
03266,Aneta,2020-11-27,Karier.ku
03267,Justen,2021-07-05,Sekolah.ku
03268,Kron,2020-05-12,Sekolah.ku
03269,Rocci,2020-11-16,Karier.ku
03270,Daneel,2018-10-06,Karier.ku
03271,Kayoni,2020-02-04,Karier.ku
03272,Vickilyn,2021-05-25,Karier.ku
03273,Karah,2019-02-06,Sekolah.ku
03274,Earnesteen,2019-08-29,Sekolah.ku
03275,Shailey,2018-06-09,Sekolah.ku
03276,Gisell,2020-04-28,Sekolah.ku
03277,Cadge,2021-01-09,Karier.ku
03278,Kaelub,2022-01-21,Sekolah.ku
03279,Imari,2020-10-13,Karier.ku
03280,Riddhi,2020-08-05,Sekolah.ku
03281,Darthula,2021-06-04,Sekolah.ku
03282,Mayline,2019-09-11,Sekolah.ku
03283,Abrham,2022-01-10,Sekolah.ku
03284,Adalisse,2021-07-01,Karier.ku
03285,Arnise,2021-11-11,Sekolah.ku
03286,Kalaia,2019-10-13,Karier.ku
03287,Hirvin,2020-09-11,Sekolah.ku
03288,Jessie,2021-11-21,Sekolah.ku
03289,Roxine,2021-06-11,Karier.ku
03290,Lamaar,2021-08-30,Karier.ku
03291,Jacques,2019-08-16,Sekolah.ku
03292,Jaxxyn,2021-09-24,Sekolah.ku
03293,Santanna,2018-05-07,Sekolah.ku
03294,Remiel,2022-04-04,Sekolah.ku
03295,Tyeka,2019-05-21,Sekolah.ku
03296,Chestin,2019-04-23,Karier.ku
03297,Yaleni,2021-01-08,Karier.ku
03298,Javyn,2018-05-21,Karier.ku
03299,Serenitie,2019-06-29,Sekolah.ku
03300,Kaydenn,2021-03-07,Sekolah.ku
03301,Markki,2022-02-23,Sekolah.ku
03302,Amrutha,2022-02-28,Karier.ku
03303,Nidia,2020-03-11,Sekolah.ku
03304,Garratt,2020-01-10,Karier.ku
03305,Roszella,2018-11-21,Sekolah.ku
03306,Dezarai,2021-06-07,Sekolah.ku
03307,Shizuo,2022-01-30,Sekolah.ku
03308,Niyasia,2020-07-29,Karier.ku
03309,Jalliyah,2020-05-16,Sekolah.ku
03310,Jazlyn,2018-05-16,Karier.ku
03311,Dario,2019-11-10,Karier.ku
03312,Guyla,2019-09-09,Karier.ku
03313,Leathia,2022-02-20,Karier.ku
03314,Nellia,2019-07-10,Sekolah.ku
03315,Chiem,2018-10-03,Karier.ku
03316,Avamaria,2019-06-02,Sekolah.ku
03317,Hashley,2020-04-28,Sekolah.ku
03318,Bedar,2019-02-06,Sekolah.ku
03319,Arathi,2021-10-12,Sekolah.ku
03320,Treesa,2020-06-03,Karier.ku
03321,Andrade,2021-05-17,Sekolah.ku
03322,Jadan,2019-11-29,Sekolah.ku
03323,Clanton,2019-10-23,Sekolah.ku
03324,Caulder,2021-02-13,Sekolah.ku
03325,Juliessa,2018-12-04,Sekolah.ku
03326,Haochen,2022-04-14,Sekolah.ku
03327,Lummie,2018-06-05,Sekolah.ku
03328,Idolina,2019-10-02,Karier.ku
03329,Umika,2021-06-06,Sekolah.ku
03330,Hodan,2019-01-13,Sekolah.ku
03331,Shanka,2019-01-08,Sekolah.ku
03332,Ruxin,2020-08-26,Karier.ku
03333,Adry,2021-02-16,Sekolah.ku
03334,Cybele,2021-05-22,Karier.ku
03335,Matteus,2018-12-30,Karier.ku
03336,Nyazia,2022-04-12,Karier.ku
03337,Dhani,2018-04-14,Karier.ku
03338,Rubit,2019-09-11,Karier.ku
03339,Lolana,2018-10-02,Sekolah.ku
03340,Alexander,2021-05-10,Sekolah.ku
03341,Ripley,2021-09-19,Sekolah.ku
03342,Eulalee,2021-06-16,Karier.ku
03343,Ahmi,2018-05-21,Sekolah.ku
03344,Zarianna,2020-07-21,Sekolah.ku
03345,Conesha,2020-03-07,Karier.ku
03346,Jayeden,2021-08-04,Sekolah.ku
03347,Shydia,2020-07-29,Sekolah.ku
03348,Alayjia,2018-09-30,Karier.ku
03349,Trevelyan,2021-03-19,Sekolah.ku
03350,Kaspar,2021-04-02,Karier.ku
03351,Enola,2020-03-12,Karier.ku
03352,Candrice,2021-10-17,Sekolah.ku
03353,Celestino,2021-06-01,Sekolah.ku
03354,Molinda,2021-05-22,Karier.ku
03355,Maciah,2018-06-30,Sekolah.ku
03356,Talbot,2018-06-28,Sekolah.ku
03357,Jeslene,2019-04-16,Sekolah.ku
03358,Zinab,2020-12-11,Sekolah.ku
03359,Chalis,2018-08-14,Karier.ku
03360,Tifanni,2019-05-25,Sekolah.ku
03361,Keoka,2019-08-23,Sekolah.ku
03362,Eldamae,2021-11-02,Karier.ku
03363,Deangleo,2018-08-13,Sekolah.ku
03364,Eara,2021-06-03,Sekolah.ku
03365,Atleigh,2019-06-29,Sekolah.ku
03366,Kamyra,2021-12-09,Karier.ku
03367,Jouette,2021-12-03,Sekolah.ku
03368,Jeremiahs,2020-05-16,Karier.ku
03369,Adonus,2019-11-19,Karier.ku
03370,Emareon,2021-09-05,Sekolah.ku
03371,Faolan,2022-02-15,Sekolah.ku
03372,Royan,2022-03-13,Sekolah.ku
03373,Savada,2020-07-21,Sekolah.ku
03374,Janayla,2021-10-25,Karier.ku
03375,Syrena,2021-02-18,Karier.ku
03376,Zhaira,2018-09-14,Sekolah.ku
03377,Jeriyah,2021-11-04,Sekolah.ku
03378,Jarielis,2018-06-29,Karier.ku
03379,Coryna,2019-07-14,Sekolah.ku
03380,Amaryss,2022-05-08,Sekolah.ku
03381,Donesia,2021-01-29,Sekolah.ku
03382,Christianjacob,2021-08-18,Sekolah.ku
03383,Sherifat,2018-07-16,Sekolah.ku
03384,Chata,2018-09-13,Karier.ku
03385,Essence,2020-11-03,Sekolah.ku
03386,Villa,2018-12-26,Sekolah.ku
03387,Danara,2019-09-08,Sekolah.ku
03388,Bernhard,2020-02-12,Sekolah.ku
03389,Andria,2019-05-09,Sekolah.ku
03390,Coya,2021-07-26,Sekolah.ku
03391,Forster,2021-03-16,Sekolah.ku
03392,Nalynn,2021-05-27,Karier.ku
03393,Jacayla,2022-05-13,Sekolah.ku
03394,Ramar,2020-03-29,Sekolah.ku
03395,Chasty,2021-05-23,Karier.ku
03396,Mayra,2021-09-26,Sekolah.ku
03397,Ambrous,2022-04-02,Sekolah.ku
03398,Hazlyn,2019-03-21,Karier.ku
03399,Lorane,2022-03-15,Karier.ku
03400,Analuz,2018-09-22,Sekolah.ku
03401,Zaleah,2018-05-22,Sekolah.ku
03402,Brione,2018-12-25,Sekolah.ku
03403,Tekeisha,2020-07-29,Karier.ku
03404,Vinicius,2021-03-16,Karier.ku
03405,Anay,2021-04-11,Karier.ku
03406,Jeromey,2020-02-27,Sekolah.ku
03407,Enyla,2018-11-24,Sekolah.ku
03408,Cullin,2022-04-01,Sekolah.ku
03409,Yadir,2021-10-20,Sekolah.ku
03410,Lasha,2022-02-26,Sekolah.ku
03411,Vanora,2018-05-14,Karier.ku
03412,Michelle,2018-08-14,Sekolah.ku
03413,Westlynn,2018-10-03,Sekolah.ku
03414,Bonnye,2018-12-30,Sekolah.ku
03415,Mahleek,2018-11-18,Sekolah.ku
03416,Jaskarn,2019-06-25,Karier.ku
03417,Xia,2018-08-02,Sekolah.ku
03418,Omareon,2018-08-13,Sekolah.ku
03419,Ardalia,2019-07-20,Sekolah.ku
03420,Rowland,2021-04-14,Sekolah.ku
03421,Raley,2018-10-04,Sekolah.ku
03422,Truley,2019-12-11,Sekolah.ku
03423,Keonya,2019-02-05,Sekolah.ku
03424,Alesso,2020-03-01,Sekolah.ku
03425,Miguelina,2021-03-10,Karier.ku
03426,Dnesha,2021-07-25,Sekolah.ku
03427,Jophiel,2021-02-05,Karier.ku
03428,Etalo,2021-02-04,Karier.ku
03429,Monic,2018-11-05,Sekolah.ku
03430,Tashina,2020-06-22,Sekolah.ku
03431,Sirus,2022-01-17,Sekolah.ku
03432,Tremyah,2020-12-02,Sekolah.ku
03433,Abimelec,2019-01-07,Sekolah.ku
03434,Yansi,2018-08-01,Sekolah.ku
03435,Vyolette,2020-08-21,Sekolah.ku
03436,Marysusan,2021-12-28,Karier.ku
03437,Isayah,2020-07-08,Sekolah.ku
03438,Mayci,2019-06-14,Karier.ku
03439,Anona,2022-05-13,Karier.ku
03440,Rabert,2019-06-25,Sekolah.ku
03441,Daniette,2018-05-02,Karier.ku
03442,Rickye,2019-02-11,Sekolah.ku
03443,Axiry,2018-04-26,Karier.ku
03444,Hopelyn,2020-07-14,Sekolah.ku
03445,Shelbert,2019-12-31,Sekolah.ku
03446,Dkaiden,2020-08-20,Karier.ku
03447,Camrynn,2021-05-26,Sekolah.ku
03448,Marquarius,2021-09-11,Sekolah.ku
03449,Makenna,2020-06-23,Sekolah.ku
03450,Leroyal,2020-11-06,Karier.ku
03451,Lesette,2018-05-25,Karier.ku
03452,Casie,2018-05-26,Sekolah.ku
03453,Greco,2021-11-03,Karier.ku
03454,Zakira,2019-09-24,Sekolah.ku
03455,Clayson,2018-06-02,Sekolah.ku
03456,Brodi,2021-02-18,Sekolah.ku
03457,Salathiel,2021-08-27,Sekolah.ku
03458,Theo,2018-09-28,Sekolah.ku
03459,Ruskin,2021-11-17,Sekolah.ku
03460,Dimetri,2019-09-25,Sekolah.ku
03461,Luke,2022-01-31,Sekolah.ku
03462,Windy,2021-10-03,Sekolah.ku
03463,Aella,2021-08-26,Karier.ku
03464,Middie,2021-06-16,Sekolah.ku
03465,Keisy,2018-11-12,Sekolah.ku
03466,Elyanna,2021-02-03,Sekolah.ku
03467,Dennita,2019-12-02,Sekolah.ku
03468,Challise,2021-07-24,Karier.ku
03469,Decole,2021-08-17,Sekolah.ku
03470,Tobi,2021-09-15,Karier.ku
03471,Euell,2018-05-25,Karier.ku
03472,Kadra,2020-08-14,Sekolah.ku
03473,Jedric,2018-07-09,Sekolah.ku
03474,Azzareya,2021-07-02,Sekolah.ku
03475,Rexann,2021-03-15,Sekolah.ku
03476,Sricharan,2020-06-30,Sekolah.ku
03477,Jamian,2019-04-14,Sekolah.ku
03478,Genisse,2020-12-29,Sekolah.ku
03479,Haidin,2020-09-25,Sekolah.ku
03480,Darrie,2020-12-11,Sekolah.ku
03481,Siya,2020-04-06,Sekolah.ku
03482,Heatherann,2019-02-19,Sekolah.ku
03483,Marcine,2019-10-20,Sekolah.ku
03484,Kiersta,2022-03-29,Karier.ku
03485,Rodgers,2022-01-02,Sekolah.ku
03486,Annise,2021-10-26,Karier.ku
03487,Gerhard,2022-05-13,Sekolah.ku
03488,Audrieanna,2019-01-12,Karier.ku
03489,Chasyn,2019-07-07,Sekolah.ku
03490,Pemela,2021-02-12,Karier.ku
03491,Lareco,2019-03-22,Sekolah.ku
03492,Franda,2019-03-19,Sekolah.ku
03493,Katelynd,2019-09-27,Sekolah.ku
03494,Yojhan,2021-01-25,Sekolah.ku
03495,Martae,2020-01-11,Karier.ku
03496,Navaya,2020-02-21,Karier.ku
03497,Zahn,2021-01-24,Sekolah.ku
03498,Jal,2021-03-28,Karier.ku
03499,Kijon,2019-10-27,Sekolah.ku
03500,Reylee,2020-09-20,Karier.ku
03501,Montaya,2020-09-09,Sekolah.ku
03502,Zaory,2021-09-18,Karier.ku
03503,Mikynlee,2018-06-15,Karier.ku
03504,Mylie,2019-05-06,Karier.ku
03505,Calondra,2020-12-29,Sekolah.ku
03506,Yanaliz,2018-05-23,Sekolah.ku
03507,Loxie,2022-01-04,Sekolah.ku
03508,Kahlill,2020-11-24,Sekolah.ku
03509,Demitrio,2018-09-26,Sekolah.ku
03510,Koal,2020-06-12,Sekolah.ku
03511,Chesney,2022-01-12,Sekolah.ku
03512,Taleisa,2020-02-21,Sekolah.ku
03513,Myisha,2018-05-12,Sekolah.ku
03514,Madisson,2021-08-14,Sekolah.ku
03515,Benno,2018-11-30,Sekolah.ku
03516,Sylvester,2018-04-30,Karier.ku
03517,Iolene,2019-11-23,Karier.ku
03518,Kathleenmary,2021-03-01,Sekolah.ku
03519,Daniel,2022-01-05,Sekolah.ku
03520,Keelynn,2018-11-27,Sekolah.ku
03521,Alyis,2018-07-25,Sekolah.ku
03522,Verne,2021-12-23,Sekolah.ku
03523,Hibah,2019-06-18,Sekolah.ku
03524,Ishmail,2020-02-24,Sekolah.ku
03525,Jezabell,2022-03-13,Karier.ku
03526,Nicloe,2021-05-15,Sekolah.ku
03527,Dayshanay,2021-10-25,Karier.ku
03528,Rollon,2021-06-16,Sekolah.ku
03529,Derric,2021-02-07,Karier.ku
03530,Kaytlyne,2019-12-15,Sekolah.ku
03531,Lavance,2019-06-06,Karier.ku
03532,Bryonna,2019-01-21,Karier.ku
03533,Siyanna,2021-02-13,Sekolah.ku
03534,Raniel,2020-03-15,Sekolah.ku
03535,Olanda,2019-04-08,Sekolah.ku
03536,Dakkota,2021-03-10,Sekolah.ku
03537,Prospero,2021-04-20,Sekolah.ku
03538,Khalika,2020-04-23,Sekolah.ku
03539,Frederic,2018-06-30,Sekolah.ku
03540,Ryken,2021-02-28,Sekolah.ku
03541,Tho,2018-11-23,Sekolah.ku
03542,Zakaiya,2021-11-06,Sekolah.ku
03543,Vannida,2018-11-05,Sekolah.ku
03544,Samiaya,2021-01-03,Sekolah.ku
03545,Jahnyia,2018-07-29,Karier.ku
03546,Tammra,2019-02-10,Karier.ku
03547,Ferrari,2020-11-03,Karier.ku
03548,Jullisa,2022-01-29,Karier.ku
03549,Shemar,2020-08-18,Sekolah.ku
03550,Almer,2018-08-25,Sekolah.ku
03551,Sigrun,2019-11-13,Karier.ku
03552,Keyiana,2021-06-20,Karier.ku
03553,Trovon,2019-08-09,Sekolah.ku
03554,Brenya,2019-10-21,Sekolah.ku
03555,Mah,2021-01-31,Karier.ku
03556,Carleshia,2022-01-30,Karier.ku
03557,Deshawndre,2020-01-14,Sekolah.ku
03558,Mackensie,2021-03-12,Sekolah.ku
03559,Carnel,2020-10-22,Sekolah.ku
03560,Billiejo,2021-06-19,Sekolah.ku
03561,Adlemi,2018-08-03,Sekolah.ku
03562,Ranen,2019-06-01,Karier.ku
03563,Variah,2019-11-02,Sekolah.ku
03564,Ksha,2019-05-03,Karier.ku
03565,Jakylan,2020-10-17,Karier.ku
03566,Wadeeah,2020-10-20,Sekolah.ku
03567,Soran,2020-01-24,Karier.ku
03568,Devahn,2019-02-23,Sekolah.ku
03569,Jahvaughn,2021-11-18,Karier.ku
03570,Zykeith,2019-01-22,Sekolah.ku
03571,Nilla,2022-01-03,Karier.ku
03572,Orman,2022-02-02,Sekolah.ku
03573,Mahalie,2018-07-17,Karier.ku
03574,Abidan,2019-01-18,Karier.ku
03575,Nekeshia,2021-06-25,Sekolah.ku
03576,Meilyn,2022-04-16,Sekolah.ku
03577,Desmand,2018-06-17,Sekolah.ku
03578,Alyssya,2019-01-12,Karier.ku
03579,Lailonie,2020-03-01,Sekolah.ku
03580,Yeleini,2019-03-07,Sekolah.ku
03581,Marybelle,2018-06-01,Karier.ku
03582,Dantoni,2020-10-22,Sekolah.ku
03583,Tavari,2019-09-29,Karier.ku
03584,Shakeera,2020-04-26,Sekolah.ku
03585,Rubyn,2021-07-14,Sekolah.ku
03586,Koko,2020-10-05,Sekolah.ku
03587,Bly,2018-11-29,Sekolah.ku
03588,Deyaneira,2019-01-12,Karier.ku
03589,Stevee,2021-03-10,Sekolah.ku
03590,Summerlyn,2018-08-11,Sekolah.ku
03591,Eridani,2018-06-02,Sekolah.ku
03592,Lokelani,2022-03-04,Sekolah.ku
03593,Amarys,2020-01-05,Sekolah.ku
03594,Cesc,2018-10-05,Sekolah.ku
03595,Dekwan,2018-08-23,Sekolah.ku
03596,Addisun,2019-03-04,Sekolah.ku
03597,Layana,2018-05-02,Sekolah.ku
03598,Annissa,2022-02-11,Karier.ku
03599,Flemmie,2021-11-10,Sekolah.ku
03600,Raney,2019-06-29,Sekolah.ku
03601,Ethie,2022-02-20,Karier.ku
03602,Jolieann,2020-06-23,Sekolah.ku
03603,Johneka,2022-02-16,Sekolah.ku
03604,Keylie,2019-05-28,Karier.ku
03605,Rynleigh,2020-04-06,Sekolah.ku
03606,Kathay,2019-08-21,Karier.ku
03607,Tashawna,2021-09-01,Karier.ku
03608,Arless,2018-04-28,Sekolah.ku
03609,Jayan,2019-05-01,Sekolah.ku
03610,Aquiles,2020-06-05,Sekolah.ku
03611,Itzany,2018-07-06,Karier.ku
03612,Jenavicia,2021-05-30,Karier.ku
03613,Steffanie,2019-10-28,Sekolah.ku
03614,Levonta,2022-02-02,Sekolah.ku
03615,Hammed,2018-05-03,Karier.ku
03616,Temeshia,2019-09-20,Sekolah.ku
03617,Maiah,2018-12-22,Karier.ku
03618,Ryota,2021-04-02,Sekolah.ku
03619,Joandaly,2020-03-04,Karier.ku
03620,Legend,2020-03-30,Sekolah.ku
03621,Asijah,2020-06-13,Karier.ku
03622,Efran,2018-04-25,Sekolah.ku
03623,Evran,2020-05-19,Sekolah.ku
03624,Naitik,2021-07-02,Karier.ku
03625,Brentyn,2019-06-01,Sekolah.ku
03626,Laketa,2020-10-14,Karier.ku
03627,Elestine,2021-04-06,Sekolah.ku
03628,Tamriel,2019-11-25,Karier.ku
03629,Carly,2020-07-07,Karier.ku
03630,Philis,2020-07-13,Sekolah.ku
03631,Ineshia,2022-05-06,Sekolah.ku
03632,Caydee,2021-11-03,Sekolah.ku
03633,Celestine,2021-03-16,Karier.ku
03634,Katherline,2019-05-20,Sekolah.ku
03635,Marynel,2020-07-31,Sekolah.ku
03636,Levolia,2018-06-16,Sekolah.ku
03637,Soniah,2020-09-19,Karier.ku
03638,Jaynne,2018-10-29,Sekolah.ku
03639,Brycie,2018-11-04,Karier.ku
03640,Ashyria,2020-10-29,Sekolah.ku
03641,Sanari,2021-03-12,Sekolah.ku
03642,Milenia,2019-07-29,Karier.ku
03643,Nellie,2021-01-27,Karier.ku
03644,Cem,2020-07-19,Karier.ku
03645,Lanston,2021-11-28,Sekolah.ku
03646,Sebestian,2018-10-26,Sekolah.ku
03647,Ancel,2018-08-31,Sekolah.ku
03648,Kamaia,2018-11-01,Karier.ku
03649,Pamella,2019-08-26,Sekolah.ku
03650,Evalei,2019-06-15,Sekolah.ku
03651,Halema,2020-09-01,Sekolah.ku
03652,Precious,2019-01-22,Karier.ku
03653,Ridgley,2019-09-17,Sekolah.ku
03654,Tyesa,2018-07-10,Karier.ku
03655,Emelia,2019-03-10,Sekolah.ku
03656,Rushil,2022-02-06,Sekolah.ku
03657,Jannelly,2021-06-19,Sekolah.ku
03658,Kirsta,2021-04-22,Karier.ku
03659,Cobb,2021-12-01,Karier.ku
03660,Mandala,2018-05-26,Karier.ku
03661,Nency,2020-10-18,Karier.ku
03662,Bastion,2018-08-12,Sekolah.ku
03663,Leafie,2020-03-13,Sekolah.ku
03664,Jamyl,2019-03-08,Sekolah.ku
03665,Ahria,2020-06-15,Sekolah.ku
03666,Shemaka,2019-07-24,Sekolah.ku
03667,Leandria,2019-08-26,Sekolah.ku
03668,Temperance,2020-04-12,Sekolah.ku
03669,Massai,2019-07-04,Sekolah.ku
03670,Cylvia,2020-10-17,Sekolah.ku
03671,Naohmi,2021-07-01,Sekolah.ku
03672,Armelinda,2021-04-16,Sekolah.ku
03673,Aydriana,2020-01-07,Karier.ku
03674,Mariano,2018-10-22,Sekolah.ku
03675,Johnni,2020-09-04,Sekolah.ku
03676,Moksha,2019-08-19,Karier.ku
03677,Tarina,2020-07-17,Sekolah.ku
03678,Shohn,2019-08-15,Sekolah.ku
03679,Rejetta,2018-06-22,Sekolah.ku
03680,Dorjan,2018-10-07,Karier.ku
03681,Sandricka,2018-08-24,Sekolah.ku
03682,Damarquez,2019-11-20,Karier.ku
03683,Yoshihiko,2020-11-27,Karier.ku
03684,Griselle,2022-05-11,Karier.ku
03685,Azuri,2020-03-16,Karier.ku
03686,Rockell,2020-11-19,Sekolah.ku
03687,Neiman,2019-04-30,Sekolah.ku
03688,Dariyelle,2019-02-15,Sekolah.ku
03689,Camon,2021-08-26,Sekolah.ku
03690,Meshack,2019-09-16,Sekolah.ku
03691,Mariaisabella,2021-08-21,Sekolah.ku
03692,Dodi,2021-03-09,Karier.ku
03693,Alyea,2022-02-16,Sekolah.ku
03694,Ericsson,2018-11-27,Karier.ku
03695,Pesach,2021-02-27,Sekolah.ku
03696,Tanzim,2019-12-16,Sekolah.ku
03697,Sherea,2019-02-23,Sekolah.ku
03698,Carles,2018-10-31,Karier.ku
03699,Albee,2019-05-04,Sekolah.ku
03700,Kyona,2018-05-16,Sekolah.ku
03701,Karron,2019-04-27,Karier.ku
03702,Masai,2021-01-28,Karier.ku
03703,Timeria,2018-08-20,Karier.ku
03704,Damie,2020-12-21,Sekolah.ku
03705,Aliaa,2018-10-29,Sekolah.ku
03706,Jhamal,2022-01-23,Sekolah.ku
03707,Cedella,2019-03-19,Sekolah.ku
03708,Ranzy,2020-09-23,Sekolah.ku
03709,Azia,2021-11-01,Karier.ku
03710,Kalise,2022-03-08,Sekolah.ku
03711,Tenesia,2020-04-28,Sekolah.ku
03712,Shanita,2021-03-10,Karier.ku
03713,Jaquela,2019-08-23,Karier.ku
03714,Sheneka,2021-11-25,Karier.ku
03715,Birklee,2018-06-11,Sekolah.ku
03716,Labritney,2018-11-15,Sekolah.ku
03717,Lexsie,2020-10-11,Sekolah.ku
03718,Guistino,2018-07-10,Sekolah.ku
03719,Emilyann,2021-06-19,Karier.ku
03720,Euphoria,2020-03-25,Karier.ku
03721,Sivani,2019-10-07,Sekolah.ku
03722,Alexe,2021-10-21,Sekolah.ku
03723,Rayjohn,2021-07-27,Sekolah.ku
03724,Nakevia,2021-11-13,Sekolah.ku
03725,Uneeda,2021-08-13,Sekolah.ku
03726,Sooner,2021-01-03,Karier.ku
03727,Nichoas,2019-05-28,Sekolah.ku
03728,Bengamin,2019-08-11,Karier.ku
03729,Cecele,2020-08-05,Sekolah.ku
03730,Kimbala,2019-05-24,Karier.ku
03731,Ilisa,2018-10-29,Sekolah.ku
03732,Lareina,2018-06-05,Sekolah.ku
03733,Eulis,2018-09-19,Karier.ku
03734,Lisann,2020-05-04,Sekolah.ku
03735,Shaylon,2018-11-14,Karier.ku
03736,Abdulhakeem,2020-04-27,Sekolah.ku
03737,Joshue,2020-09-19,Sekolah.ku
03738,Lakeila,2021-06-17,Sekolah.ku
03739,Gamari,2021-04-03,Karier.ku
03740,Toula,2019-02-11,Sekolah.ku
03741,Madiyson,2021-06-10,Karier.ku
03742,Maple,2022-05-06,Karier.ku
03743,Elisheva,2021-02-17,Sekolah.ku
03744,Feltus,2021-03-02,Sekolah.ku
03745,Shoshanah,2021-07-01,Sekolah.ku
03746,Jineen,2019-09-19,Sekolah.ku
03747,Shakiea,2021-08-20,Sekolah.ku
03748,Takesha,2019-12-15,Karier.ku
03749,Valenica,2018-04-13,Karier.ku
03750,Araminta,2020-10-19,Sekolah.ku
03751,Savas,2021-12-18,Karier.ku
03752,Sebrena,2021-02-05,Sekolah.ku
03753,Jeany,2020-10-08,Karier.ku
03754,Kyndal,2020-04-14,Sekolah.ku
03755,Wyvonne,2019-04-23,Karier.ku
03756,Charyl,2018-06-21,Sekolah.ku
03757,Migna,2020-02-06,Karier.ku
03758,Phazon,2019-12-27,Sekolah.ku
03759,Adeleen,2021-10-10,Sekolah.ku
03760,Esaul,2020-12-12,Karier.ku
03761,Iriee,2021-06-21,Sekolah.ku
03762,Zaheen,2018-05-11,Sekolah.ku
03763,Lorrisa,2018-06-09,Sekolah.ku
03764,Teyton,2019-11-06,Karier.ku
03765,Normia,2021-06-25,Karier.ku
03766,Kaylix,2018-11-03,Sekolah.ku
03767,Vandell,2022-05-03,Sekolah.ku
03768,Semika,2020-10-12,Sekolah.ku
03769,Adalei,2021-10-09,Sekolah.ku
03770,Elix,2020-02-24,Karier.ku
03771,Lani,2021-10-13,Sekolah.ku
03772,Jamay,2021-11-24,Sekolah.ku
03773,Tr,2019-10-26,Sekolah.ku
03774,Charlyann,2022-01-25,Sekolah.ku
03775,Lowella,2019-03-17,Karier.ku
03776,Mateyo,2020-05-10,Karier.ku
03777,Symphonie,2020-05-09,Sekolah.ku
03778,Slaton,2019-07-08,Karier.ku
03779,Sharekia,2020-02-02,Karier.ku
03780,Reanda,2018-10-23,Sekolah.ku
03781,Tzion,2020-09-27,Sekolah.ku
03782,Daijia,2020-12-15,Sekolah.ku
03783,Nathnael,2019-03-03,Karier.ku
03784,Gemarion,2018-08-23,Karier.ku
03785,Tyhisa,2020-07-16,Karier.ku
03786,Margory,2019-05-26,Sekolah.ku
03787,Emar,2020-07-30,Sekolah.ku
03788,Alac,2021-11-14,Karier.ku
03789,Skylit,2021-11-01,Sekolah.ku
03790,Exzavior,2019-11-21,Sekolah.ku
03791,Christphor,2019-12-02,Sekolah.ku
03792,Jaleiyah,2021-05-11,Sekolah.ku
03793,Berman,2021-06-29,Sekolah.ku
03794,Barbaralee,2021-03-14,Karier.ku
03795,Cashion,2021-02-06,Sekolah.ku
03796,Kaydee,2020-05-06,Karier.ku
03797,Ellease,2019-01-16,Karier.ku
03798,Miriah,2018-04-19,Karier.ku
03799,Tyelar,2019-10-28,Sekolah.ku
03800,Alisea,2019-05-15,Karier.ku
03801,Josegabriel,2018-04-19,Sekolah.ku
03802,Claiborn,2018-07-15,Sekolah.ku
03803,Esmerlda,2018-11-01,Karier.ku
03804,Ralique,2021-10-14,Sekolah.ku
03805,Kasaan,2019-05-04,Karier.ku
03806,Isahias,2020-04-28,Sekolah.ku
03807,Chrisann,2018-12-04,Karier.ku
03808,Glennice,2021-09-15,Sekolah.ku
03809,Sihara,2020-11-26,Sekolah.ku
03810,Raja,2018-05-01,Karier.ku
03811,Ruford,2021-10-28,Karier.ku
03812,Satish,2019-09-12,Sekolah.ku
03813,Jasier,2021-12-19,Sekolah.ku
03814,Hatcher,2022-02-23,Sekolah.ku
03815,Lynli,2019-05-19,Sekolah.ku
03816,Kaylinda,2018-07-03,Karier.ku
03817,Euradell,2022-04-20,Sekolah.ku
03818,Tonesha,2021-09-25,Karier.ku
03819,Glennard,2020-08-30,Sekolah.ku
03820,Treniti,2018-08-01,Sekolah.ku
03821,Bettejo,2020-04-22,Karier.ku
03822,Kyelynn,2021-02-25,Sekolah.ku
03823,Dael,2019-08-05,Karier.ku
03824,Rayanthony,2019-07-10,Sekolah.ku
03825,Karreem,2019-09-24,Sekolah.ku
03826,Adlen,2018-09-09,Sekolah.ku
03827,Macari,2022-03-27,Sekolah.ku
03828,Annarosa,2022-03-06,Sekolah.ku
03829,Rhyannon,2021-03-27,Sekolah.ku
03830,Dylilah,2018-04-28,Sekolah.ku
03831,Eliasar,2018-10-10,Sekolah.ku
03832,Tamanika,2020-03-26,Karier.ku
03833,Reniyah,2020-06-23,Sekolah.ku
03834,Lynk,2020-09-10,Sekolah.ku
03835,Mutt,2018-05-22,Sekolah.ku
03836,Tyrin,2021-09-23,Karier.ku
03837,Anthoula,2021-09-09,Karier.ku
03838,Jeneene,2019-05-18,Sekolah.ku
03839,Marcese,2019-03-04,Karier.ku
03840,Lelah,2021-05-10,Karier.ku
03841,Henok,2018-12-03,Sekolah.ku
03842,Luccas,2018-11-28,Sekolah.ku
03843,Zniya,2019-12-02,Karier.ku
03844,Airick,2020-02-23,Sekolah.ku
03845,Eulala,2022-02-05,Sekolah.ku
03846,Tamijo,2022-05-01,Sekolah.ku
03847,Generra,2018-08-27,Karier.ku
03848,Chesnee,2019-09-08,Sekolah.ku
03849,Dahja,2022-02-12,Karier.ku
03850,Tamarria,2019-12-10,Karier.ku
03851,Decameron,2021-02-08,Sekolah.ku
03852,Camilia,2021-05-21,Sekolah.ku
03853,Daian,2019-09-27,Sekolah.ku
03854,Irais,2022-01-20,Karier.ku
03855,Remonia,2019-02-08,Sekolah.ku
03856,Caysen,2022-02-16,Sekolah.ku
03857,Kristhian,2018-07-21,Sekolah.ku
03858,Yoli,2018-04-15,Sekolah.ku
03859,Dequilla,2021-11-01,Sekolah.ku
03860,Starrla,2022-04-15,Sekolah.ku
03861,Etelvina,2020-07-16,Karier.ku
03862,Rodericus,2021-06-03,Sekolah.ku
03863,Anderson,2018-11-02,Karier.ku
03864,Cachet,2022-02-19,Karier.ku
03865,Charlesedward,2020-02-26,Karier.ku
03866,Sharmika,2022-02-24,Sekolah.ku
03867,Kishonna,2020-04-18,Sekolah.ku
03868,Kaitlan,2021-04-10,Sekolah.ku
03869,Sumyah,2018-06-12,Karier.ku
03870,Chaniqua,2021-01-31,Karier.ku
03871,Joshuaray,2019-05-28,Sekolah.ku
03872,Marial,2020-07-03,Sekolah.ku
03873,Storii,2019-09-19,Sekolah.ku
03874,Aleshanee,2019-04-12,Sekolah.ku
03875,Zarie,2021-12-04,Sekolah.ku
03876,Param,2018-12-29,Karier.ku
03877,Plumie,2019-05-03,Sekolah.ku
03878,Donnette,2020-06-14,Sekolah.ku
03879,Marnika,2019-10-07,Karier.ku
03880,Karrien,2020-09-05,Sekolah.ku
03881,Annay,2022-05-10,Sekolah.ku
03882,Merrillyn,2020-04-01,Sekolah.ku
03883,Jaesa,2020-05-17,Karier.ku
03884,Audreena,2020-11-24,Sekolah.ku
03885,Mahkenzie,2020-07-22,Karier.ku
03886,Taonna,2019-10-18,Karier.ku
03887,Bennye,2018-05-05,Karier.ku
03888,Clarine,2019-03-04,Sekolah.ku
03889,Grovene,2022-05-11,Karier.ku
03890,Steffani,2020-07-13,Sekolah.ku
03891,Galiyah,2021-02-06,Sekolah.ku
03892,Ameal,2019-03-17,Sekolah.ku
03893,Graddy,2020-11-18,Sekolah.ku
03894,Ardan,2018-07-29,Sekolah.ku
03895,Dentrell,2022-02-03,Karier.ku
03896,Mittie,2021-02-26,Sekolah.ku
03897,Ysidra,2018-08-03,Sekolah.ku
03898,Gurtaaj,2018-09-03,Sekolah.ku
03899,Geanne,2020-04-20,Sekolah.ku
03900,Ermenia,2018-11-28,Sekolah.ku
03901,Viera,2018-04-21,Karier.ku
03902,Nna,2021-01-21,Sekolah.ku
03903,Lochlynn,2020-10-08,Sekolah.ku
03904,Johnel,2019-10-20,Sekolah.ku
03905,Knoll,2019-10-23,Karier.ku
03906,Montine,2021-09-24,Sekolah.ku
03907,Leiyana,2021-08-30,Karier.ku
03908,Tahjir,2021-10-07,Sekolah.ku
03909,Dorismae,2021-11-07,Sekolah.ku
03910,Jamaiah,2021-10-24,Karier.ku
03911,Jewl,2021-09-11,Karier.ku
03912,Myliah,2022-01-10,Karier.ku
03913,Brelin,2019-11-15,Karier.ku
03914,Shahna,2019-09-04,Sekolah.ku
03915,Yasmany,2018-08-29,Karier.ku
03916,Lemorris,2020-07-15,Karier.ku
03917,Shaketra,2020-02-15,Sekolah.ku
03918,Yaireth,2018-11-28,Sekolah.ku
03919,Omair,2019-02-10,Sekolah.ku
03920,Keiani,2021-06-20,Karier.ku
03921,Divit,2021-05-24,Sekolah.ku
03922,Kweku,2020-08-04,Karier.ku
03923,Kaylan,2021-06-19,Sekolah.ku
03924,Sadia,2020-09-23,Karier.ku
03925,Sydonia,2019-03-22,Sekolah.ku
03926,Wiona,2018-08-04,Sekolah.ku
03927,Buster,2021-04-20,Karier.ku
03928,Hershel,2022-05-08,Sekolah.ku
03929,Barnabas,2022-03-01,Sekolah.ku
03930,Deloria,2020-12-16,Karier.ku
03931,Arlyle,2021-08-08,Sekolah.ku
03932,Raichel,2018-07-16,Sekolah.ku
03933,Arnette,2020-03-29,Sekolah.ku
03934,Keshav,2019-07-07,Karier.ku
03935,Lukus,2022-04-24,Sekolah.ku
03936,Aedin,2021-08-27,Sekolah.ku
03937,Xea,2021-10-22,Karier.ku
03938,Babajide,2020-10-09,Sekolah.ku
03939,Presten,2020-06-30,Sekolah.ku
03940,Ajanea,2022-03-02,Sekolah.ku
03941,Abiel,2021-01-31,Sekolah.ku
03942,Brextyn,2020-05-17,Sekolah.ku
03943,Yestin,2019-06-02,Sekolah.ku
03944,Alver,2020-06-03,Karier.ku
03945,Joelyne,2020-09-27,Karier.ku
03946,Cailon,2020-11-07,Karier.ku
03947,Ber,2018-06-29,Sekolah.ku
03948,Nilufar,2021-04-08,Karier.ku
03949,Binah,2018-11-13,Sekolah.ku
03950,Eddith,2021-02-20,Sekolah.ku
03951,Miyani,2019-08-26,Sekolah.ku
03952,Nylani,2020-07-09,Karier.ku
03953,Kaziah,2018-04-18,Karier.ku
03954,Norie,2020-03-14,Sekolah.ku
03955,Annalyse,2019-03-06,Karier.ku
03956,Shance,2019-04-02,Karier.ku
03957,Issak,2018-05-15,Sekolah.ku
03958,Dayeli,2019-04-11,Karier.ku
03959,Whitfield,2021-11-03,Sekolah.ku
03960,Druscilla,2018-05-01,Sekolah.ku
03961,Almadelia,2018-12-28,Karier.ku
03962,Rommell,2019-11-29,Sekolah.ku
03963,Naimah,2021-03-31,Sekolah.ku
03964,Suprenia,2022-01-30,Sekolah.ku
03965,Suhayb,2020-04-22,Sekolah.ku
03966,Lashawne,2021-10-27,Sekolah.ku
03967,Arlester,2022-04-01,Sekolah.ku
03968,Brytani,2021-05-12,Sekolah.ku
03969,Jacquoline,2019-02-23,Karier.ku
03970,Rorick,2021-11-03,Karier.ku
03971,Dreona,2019-08-29,Sekolah.ku
03972,Shakeara,2022-01-24,Karier.ku
03973,Seretta,2020-05-17,Sekolah.ku
03974,Mimia,2018-04-18,Karier.ku
03975,Velia,2019-02-22,Sekolah.ku
03976,Meanna,2021-02-13,Sekolah.ku
03977,Oluwapelumi,2020-07-14,Sekolah.ku
03978,Grantley,2020-11-25,Sekolah.ku
03979,Toshiko,2020-08-02,Karier.ku
03980,Lamere,2019-09-02,Sekolah.ku
03981,Demaurio,2020-12-14,Sekolah.ku
03982,Zikiya,2022-05-20,Sekolah.ku
03983,Valdimir,2018-09-23,Sekolah.ku
03984,Riha,2020-08-06,Sekolah.ku
03985,Joshuarobert,2020-02-28,Karier.ku
03986,Alliyiah,2021-11-21,Karier.ku
03987,Yanielis,2019-05-13,Sekolah.ku
03988,Kurry,2022-05-07,Sekolah.ku
03989,Faune,2019-05-17,Sekolah.ku
03990,Ahja,2021-12-26,Karier.ku
03991,Lielah,2019-05-16,Sekolah.ku
03992,Feona,2020-04-27,Karier.ku
03993,Serbando,2021-08-20,Sekolah.ku
03994,Makaila,2018-06-03,Sekolah.ku
03995,Ariann,2019-12-01,Sekolah.ku
03996,Keyton,2018-06-20,Sekolah.ku
03997,Armster,2020-07-06,Sekolah.ku
03998,Jalaa,2020-01-25,Karier.ku
03999,Lailynn,2019-11-09,Karier.ku
04000,Julez,2021-12-30,Sekolah.ku
04001,Aravis,2020-08-20,Sekolah.ku
04002,Arunima,2019-01-08,Sekolah.ku
04003,Daneisy,2020-06-15,Karier.ku
04004,Mele,2021-05-10,Karier.ku
04005,Timarah,2020-09-27,Sekolah.ku
04006,Victori,2022-03-15,Karier.ku
04007,Cashe,2020-09-13,Sekolah.ku
04008,Steffan,2021-06-25,Sekolah.ku
04009,Lynnon,2020-04-10,Karier.ku
04010,Revena,2021-12-07,Sekolah.ku
04011,Obinna,2020-10-02,Karier.ku
04012,Raymart,2021-06-30,Sekolah.ku
04013,Ranette,2019-05-19,Sekolah.ku
04014,Khamal,2019-07-04,Sekolah.ku
04015,Mohan,2020-11-28,Karier.ku
04016,Wasif,2018-07-01,Karier.ku
04017,Mollyanne,2021-07-16,Sekolah.ku
04018,Arkeisha,2018-11-30,Karier.ku
04019,Dorrence,2021-03-29,Sekolah.ku
04020,Naomie,2021-01-14,Sekolah.ku
04021,Jhala,2020-10-02,Sekolah.ku
04022,Mellani,2022-01-29,Sekolah.ku
04023,Raenada,2019-03-09,Sekolah.ku
04024,Josi,2018-08-23,Sekolah.ku
04025,Nishitha,2021-12-12,Sekolah.ku
04026,Otsie,2018-07-01,Karier.ku
04027,Jerell,2021-12-07,Sekolah.ku
04028,Dedera,2021-01-12,Sekolah.ku
04029,Lajeune,2019-08-31,Sekolah.ku
04030,Selisa,2018-11-05,Sekolah.ku
04031,Mairely,2022-01-17,Sekolah.ku
04032,August,2021-01-14,Karier.ku
04033,Paislynn,2019-06-05,Karier.ku
04034,Yatziri,2018-08-06,Karier.ku
04035,Husna,2022-04-09,Karier.ku
04036,Nosheen,2021-01-31,Sekolah.ku
04037,Margert,2021-10-21,Karier.ku
04038,Maria,2020-03-27,Sekolah.ku
04039,Dhana,2020-04-10,Sekolah.ku
04040,Antanique,2019-12-21,Sekolah.ku
04041,Jobeth,2018-11-22,Karier.ku
04042,Shawnetta,2020-01-03,Karier.ku
04043,Shaiann,2021-10-01,Karier.ku
04044,Converse,2022-01-06,Karier.ku
04045,Litcy,2019-04-21,Sekolah.ku
04046,Chanequa,2022-03-06,Karier.ku
04047,Octave,2021-03-23,Sekolah.ku
04048,Sitha,2021-07-30,Sekolah.ku
04049,Tavon,2021-04-18,Karier.ku
04050,Pacifico,2019-05-05,Karier.ku
04051,Aleks,2020-05-24,Sekolah.ku
04052,Chenee,2019-05-05,Sekolah.ku
04053,Akeiba,2022-01-18,Sekolah.ku
04054,Rheya,2018-06-21,Sekolah.ku
04055,Caneshia,2020-01-15,Sekolah.ku
04056,Kinan,2021-06-17,Sekolah.ku
04057,Hume,2021-06-29,Karier.ku
04058,Faby,2021-07-16,Sekolah.ku
04059,Ashantiana,2020-04-24,Karier.ku
04060,Aubreyona,2019-11-03,Sekolah.ku
04061,Mikhayla,2021-10-28,Sekolah.ku
04062,Vanisa,2021-12-02,Sekolah.ku
04063,Mattisyn,2019-04-26,Sekolah.ku
04064,Gabryela,2021-05-06,Sekolah.ku
04065,Pocahontas,2021-05-13,Karier.ku
04066,Omariah,2020-10-14,Sekolah.ku
04067,Nekole,2019-05-28,Sekolah.ku
04068,Adalyne,2022-01-30,Sekolah.ku
04069,Delrick,2019-01-16,Sekolah.ku
04070,Ruchama,2020-09-13,Karier.ku
04071,Willodine,2021-05-25,Sekolah.ku
04072,Tresure,2020-05-25,Sekolah.ku
04073,Audie,2018-12-13,Sekolah.ku
04074,Brisco,2019-08-02,Sekolah.ku
04075,Carmesia,2018-06-28,Sekolah.ku
04076,Khadija,2018-12-19,Karier.ku
04077,Drayvon,2021-03-29,Sekolah.ku
04078,Lakysha,2019-10-19,Karier.ku
04079,Toniesha,2021-12-14,Sekolah.ku
04080,Lateya,2019-01-07,Karier.ku
04081,Latela,2020-02-01,Sekolah.ku
04082,Charmell,2021-01-25,Sekolah.ku
04083,Jiaming,2021-03-20,Sekolah.ku
04084,Bethany,2019-11-09,Karier.ku
04085,Elissha,2018-04-24,Karier.ku
04086,Creasie,2019-07-02,Sekolah.ku
04087,Travond,2020-09-03,Karier.ku
04088,Le,2021-05-18,Sekolah.ku
04089,Saulo,2018-08-11,Sekolah.ku
04090,Alajah,2018-05-07,Karier.ku
04091,Icle,2021-11-28,Sekolah.ku
04092,Deannia,2021-10-02,Sekolah.ku
04093,Avori,2018-04-15,Sekolah.ku
04094,Markida,2018-11-28,Sekolah.ku
04095,Quinshawn,2020-06-11,Sekolah.ku
04096,Maeley,2018-08-06,Karier.ku
04097,Kalin,2022-01-08,Sekolah.ku
04098,Haja,2019-01-23,Sekolah.ku
04099,Christhoper,2018-11-29,Sekolah.ku
04100,Laniece,2020-06-11,Sekolah.ku
04101,Maansi,2021-01-05,Sekolah.ku
04102,Carlosjr,2018-08-24,Sekolah.ku
04103,Ramsha,2018-07-14,Sekolah.ku
04104,Deviyon,2020-11-30,Karier.ku
04105,Maysea,2019-10-21,Sekolah.ku
04106,Viella,2021-11-23,Sekolah.ku
04107,Tishauna,2021-03-14,Karier.ku
04108,Amarelis,2021-09-04,Sekolah.ku
04109,Tyshanta,2021-11-14,Karier.ku
04110,Jalashia,2022-01-18,Sekolah.ku
04111,Darvis,2018-07-02,Sekolah.ku
04112,Jamielyn,2019-03-01,Sekolah.ku
04113,Shota,2021-06-17,Sekolah.ku
04114,Nykell,2019-12-06,Sekolah.ku
04115,Kehley,2018-05-22,Sekolah.ku
04116,Burrel,2018-11-02,Karier.ku
04117,Megaan,2018-07-13,Sekolah.ku
04118,Javario,2020-05-21,Sekolah.ku
04119,Desare,2019-07-23,Sekolah.ku
04120,Johnnie,2019-09-16,Sekolah.ku
04121,Denitta,2019-08-27,Karier.ku
04122,Kajon,2018-08-09,Sekolah.ku
04123,Kennady,2018-12-10,Sekolah.ku
04124,Timyra,2021-05-04,Karier.ku
04125,Shondelle,2019-05-12,Sekolah.ku
04126,Inabelle,2019-08-05,Karier.ku
04127,Camyron,2020-07-29,Sekolah.ku
04128,Jaquay,2022-03-18,Sekolah.ku
04129,Lemarcus,2021-09-22,Karier.ku
04130,Abdurahmon,2018-10-10,Sekolah.ku
04131,Elayah,2020-10-04,Sekolah.ku
04132,Leithan,2022-03-10,Sekolah.ku
04133,Ronesia,2019-04-20,Sekolah.ku
04134,Rance,2021-07-12,Karier.ku
04135,Eiliyah,2021-11-27,Karier.ku
04136,Zynab,2019-08-23,Sekolah.ku
04137,Calasia,2019-03-17,Karier.ku
04138,Jennea,2019-01-03,Sekolah.ku
04139,Bridey,2019-01-29,Karier.ku
04140,Cailynne,2019-03-23,Sekolah.ku
04141,Layle,2020-02-27,Sekolah.ku
04142,Rechard,2019-08-18,Karier.ku
04143,Mystica,2019-07-01,Sekolah.ku
04144,Saafir,2021-01-09,Sekolah.ku
04145,Phylliss,2020-06-24,Sekolah.ku
04146,Janilee,2021-05-27,Sekolah.ku
04147,Galilea,2020-06-04,Sekolah.ku
04148,Saajid,2022-04-23,Sekolah.ku
04149,Aggie,2018-08-25,Karier.ku
04150,Omolola,2018-11-16,Sekolah.ku
04151,Shavar,2022-04-29,Sekolah.ku
04152,Moua,2021-05-12,Sekolah.ku
04153,Jerimaine,2019-10-01,Karier.ku
04154,Disney,2019-03-02,Sekolah.ku
04155,Garrey,2020-08-06,Sekolah.ku
04156,Jeann,2019-12-25,Sekolah.ku
04157,Malayna,2021-07-14,Sekolah.ku
04158,Aeiden,2018-07-18,Karier.ku
04159,Alayzia,2021-11-06,Sekolah.ku
04160,Laki,2018-12-25,Sekolah.ku
04161,Dalano,2020-07-19,Sekolah.ku
04162,Ereka,2020-09-01,Sekolah.ku
04163,Vibhu,2021-09-01,Karier.ku
04164,Tameshia,2022-02-21,Sekolah.ku
04165,Nihan,2018-04-28,Sekolah.ku
04166,Kimarion,2021-12-09,Sekolah.ku
04167,Emarosa,2020-09-14,Sekolah.ku
04168,Kwashawn,2022-02-09,Sekolah.ku
04169,Harnoor,2018-06-24,Sekolah.ku
04170,Juwahn,2019-02-03,Sekolah.ku
04171,Yocelyn,2022-03-27,Karier.ku
04172,Corgan,2021-09-15,Sekolah.ku
04173,Karana,2022-05-08,Sekolah.ku
04174,St,2019-12-31,Sekolah.ku
04175,Lacricia,2019-07-06,Sekolah.ku
04176,Geselle,2022-05-11,Karier.ku
04177,Elrod,2018-12-16,Karier.ku
04178,Celyn,2019-10-14,Karier.ku
04179,Chayenne,2021-03-23,Sekolah.ku
04180,Ruari,2021-05-09,Sekolah.ku
04181,Kilo,2020-03-21,Karier.ku
04182,Deverick,2021-09-03,Karier.ku
04183,Saragrace,2018-12-29,Sekolah.ku
04184,Alouise,2021-01-19,Karier.ku
04185,Sharida,2020-10-26,Sekolah.ku
04186,Kuyper,2021-11-13,Sekolah.ku
04187,Zhariah,2020-09-07,Sekolah.ku
04188,Riquel,2022-01-17,Sekolah.ku
04189,Diahn,2020-10-12,Sekolah.ku
04190,Destinee,2019-09-28,Karier.ku
04191,Nanalee,2019-06-03,Sekolah.ku
04192,Mackensey,2022-03-11,Sekolah.ku
04193,Baili,2019-02-14,Karier.ku
04194,Heidiann,2020-07-23,Karier.ku
04195,Bethenny,2021-04-14,Sekolah.ku
04196,Kyniah,2019-07-03,Sekolah.ku
04197,Vandy,2020-09-23,Sekolah.ku
04198,Aleenah,2021-04-08,Karier.ku
04199,Chariese,2018-10-20,Karier.ku
04200,Jossalin,2022-01-17,Sekolah.ku
04201,Reyniel,2022-03-25,Karier.ku
04202,Prezley,2021-02-19,Sekolah.ku
04203,Honi,2021-08-26,Sekolah.ku
04204,Jarquis,2019-10-05,Sekolah.ku
04205,Chada,2021-04-13,Sekolah.ku
04206,Leshawn,2021-01-19,Karier.ku
04207,Bartow,2019-08-15,Sekolah.ku
04208,Damarko,2020-06-07,Sekolah.ku
04209,Janeesa,2021-12-15,Karier.ku
04210,Natarsha,2021-02-26,Karier.ku
04211,Nayarit,2018-10-01,Karier.ku
04212,Mabeline,2018-07-27,Sekolah.ku
04213,Larce,2020-02-23,Sekolah.ku
04214,Sebasthian,2021-05-12,Sekolah.ku
04215,Wanika,2021-10-31,Sekolah.ku
04216,Shakirra,2019-07-12,Sekolah.ku
04217,Yovany,2020-10-07,Sekolah.ku
04218,Rydge,2018-07-30,Karier.ku
04219,Rondre,2019-10-24,Karier.ku
04220,Dion,2021-11-23,Karier.ku
04221,Jazette,2018-12-01,Sekolah.ku
04222,Andrek,2019-11-14,Karier.ku
04223,Goble,2021-10-03,Karier.ku
04224,Tshaye,2021-05-15,Karier.ku
04225,Eamonn,2020-11-02,Sekolah.ku
04226,Travyon,2019-06-11,Karier.ku
04227,Areah,2019-04-09,Karier.ku
04228,Jakaylee,2020-05-28,Sekolah.ku
04229,Satori,2019-05-29,Karier.ku
04230,Yawanda,2022-04-24,Sekolah.ku
04231,Vedant,2018-12-19,Sekolah.ku
04232,Benigno,2018-08-15,Sekolah.ku
04233,Armaun,2020-10-13,Sekolah.ku
04234,Morina,2020-02-08,Sekolah.ku
04235,Nadeige,2019-08-16,Karier.ku
04236,Jlan,2018-09-29,Sekolah.ku
04237,Bracey,2020-04-23,Karier.ku
04238,Marnay,2018-09-07,Sekolah.ku
04239,Iory,2020-05-13,Sekolah.ku
04240,Jaryah,2020-12-26,Sekolah.ku
04241,Tamesa,2018-11-15,Sekolah.ku
04242,Calbe,2021-11-07,Karier.ku
04243,Jamyriah,2019-06-12,Karier.ku
04244,Eura,2018-12-17,Karier.ku
04245,Druce,2018-05-24,Karier.ku
04246,Lotha,2021-08-28,Sekolah.ku
04247,Demire,2019-04-14,Sekolah.ku
04248,Idelfonso,2022-01-20,Karier.ku
04249,Revin,2019-05-03,Sekolah.ku
04250,Leeandre,2021-05-19,Sekolah.ku
04251,Mathilde,2020-10-28,Sekolah.ku
04252,Iri,2019-11-13,Sekolah.ku
04253,Caroletta,2019-07-06,Sekolah.ku
04254,Cylen,2021-05-13,Sekolah.ku
04255,Ustin,2021-02-12,Sekolah.ku
04256,Nakyah,2021-02-01,Karier.ku
04257,Parthina,2020-05-31,Karier.ku
04258,Chanoa,2019-04-19,Sekolah.ku
04259,Martiel,2021-01-21,Karier.ku
04260,Michaelanthony,2018-06-11,Sekolah.ku
04261,Valeri,2019-09-18,Karier.ku
04262,Deoveon,2021-08-02,Sekolah.ku
04263,Berdina,2018-08-08,Karier.ku
04264,Shanica,2022-05-18,Sekolah.ku
04265,Onesty,2019-02-06,Sekolah.ku
04266,Belany,2022-04-01,Karier.ku
04267,Loretta,2022-03-26,Sekolah.ku
04268,Jazymne,2020-12-21,Karier.ku
04269,Gaines,2019-09-24,Sekolah.ku
04270,Kaneidra,2018-06-08,Sekolah.ku
04271,Jackqulin,2019-09-01,Karier.ku
04272,Kiplin,2020-08-08,Sekolah.ku
04273,Able,2020-07-28,Karier.ku
04274,Zaelin,2021-01-10,Sekolah.ku
04275,Viveka,2021-08-01,Sekolah.ku
04276,Elijhah,2021-12-21,Karier.ku
04277,Tushima,2020-04-14,Karier.ku
04278,Mekyla,2019-09-12,Karier.ku
04279,Raphel,2019-10-16,Sekolah.ku
04280,Jodina,2018-09-01,Sekolah.ku
04281,Latifah,2019-05-27,Sekolah.ku
04282,Zylen,2019-06-30,Sekolah.ku
04283,Tenli,2020-07-03,Sekolah.ku
04284,Michaela,2021-04-03,Sekolah.ku
04285,Winda,2019-12-04,Sekolah.ku
04286,Genny,2022-03-25,Karier.ku
04287,Aided,2021-02-16,Karier.ku
04288,Alaiyah,2021-06-09,Karier.ku
04289,Daija,2019-07-17,Karier.ku
04290,Jhalyn,2021-04-18,Karier.ku
04291,Hawthorn,2020-12-26,Karier.ku
04292,Conard,2018-10-08,Sekolah.ku
04293,Lonnita,2019-10-11,Sekolah.ku
04294,Ramatu,2021-01-21,Sekolah.ku
04295,Laterrica,2018-09-27,Sekolah.ku
04296,Clim,2019-02-12,Sekolah.ku
04297,Hazin,2022-01-19,Sekolah.ku
04298,Rubi,2018-09-10,Sekolah.ku
04299,Briann,2018-10-14,Sekolah.ku
04300,Amriel,2020-05-24,Karier.ku
04301,Alyna,2020-02-16,Sekolah.ku
04302,Ameya,2021-11-14,Sekolah.ku
04303,Demeta,2018-04-17,Karier.ku
04304,Warne,2021-01-21,Karier.ku
04305,Chelcia,2019-10-13,Sekolah.ku
04306,Mizuki,2018-08-06,Karier.ku
04307,Rosston,2019-09-26,Sekolah.ku
04308,Loreane,2019-06-29,Karier.ku
04309,Valorie,2020-05-18,Karier.ku
04310,Jimenez,2019-11-30,Karier.ku
04311,Jaylia,2019-04-12,Sekolah.ku
04312,Dumas,2018-05-05,Sekolah.ku
04313,Kiaunna,2021-01-16,Sekolah.ku
04314,Deshonta,2021-09-25,Sekolah.ku
04315,Nevaehmarie,2020-08-29,Sekolah.ku
04316,Neilpatrick,2020-10-28,Sekolah.ku
04317,Beasley,2020-11-30,Sekolah.ku
04318,Terrina,2020-09-10,Sekolah.ku
04319,Keragan,2021-09-22,Sekolah.ku
04320,Robbye,2021-11-10,Karier.ku
04321,Rontavia,2020-06-12,Sekolah.ku
04322,Nan,2021-05-05,Sekolah.ku
04323,Chela,2019-02-21,Karier.ku
04324,Anzleigh,2019-09-24,Sekolah.ku
04325,Jonel,2021-03-03,Sekolah.ku
04326,Marilena,2018-12-21,Karier.ku
04327,Agigail,2021-03-05,Sekolah.ku
04328,Erno,2018-10-04,Sekolah.ku
04329,Fosteen,2019-12-22,Sekolah.ku
04330,Jontelle,2021-05-14,Karier.ku
04331,Kalaiyah,2019-07-15,Karier.ku
04332,Wojciech,2019-10-14,Karier.ku
04333,Haitham,2021-07-23,Sekolah.ku
04334,Juella,2022-04-08,Karier.ku
04335,Modene,2018-09-15,Sekolah.ku
04336,Yejun,2020-01-26,Sekolah.ku
04337,Zabrien,2020-07-16,Sekolah.ku
04338,Skyanna,2022-04-30,Sekolah.ku
04339,Jivan,2019-06-03,Sekolah.ku
04340,Akif,2020-09-26,Karier.ku
04341,Emmory,2018-05-20,Sekolah.ku
04342,Gabreille,2020-07-28,Sekolah.ku
04343,Amaura,2021-06-22,Karier.ku
04344,Wolf,2021-01-27,Sekolah.ku
04345,Shamone,2021-04-09,Karier.ku
04346,Loranzo,2018-04-24,Karier.ku
04347,Verlene,2020-09-07,Sekolah.ku
04348,Kataria,2018-12-11,Sekolah.ku
04349,Akelia,2020-11-14,Sekolah.ku
04350,Azhane,2018-10-10,Sekolah.ku
04351,Palyn,2020-02-17,Sekolah.ku
04352,Dazhanae,2022-02-10,Sekolah.ku
04353,Gared,2021-12-09,Karier.ku
04354,Virma,2020-03-07,Sekolah.ku
04355,Shamyria,2022-04-22,Sekolah.ku
04356,Aneecia,2021-03-30,Sekolah.ku
04357,Melayna,2019-04-17,Karier.ku
04358,Fotios,2021-07-07,Karier.ku
04359,Fabien,2021-01-29,Sekolah.ku
04360,Kimery,2018-10-15,Sekolah.ku
04361,Jasmin,2019-07-31,Sekolah.ku
04362,Annalycia,2021-08-17,Sekolah.ku
04363,Lasondra,2021-09-13,Karier.ku
04364,Semya,2021-11-01,Karier.ku
04365,Whitmore,2021-05-08,Sekolah.ku
04366,Lakwan,2022-04-15,Sekolah.ku
04367,Latece,2021-06-03,Sekolah.ku
04368,Ivola,2018-10-31,Sekolah.ku
04369,Tivona,2020-11-27,Sekolah.ku
04370,Trenny,2019-02-06,Sekolah.ku
04371,Praneel,2018-04-13,Karier.ku
04372,Meba,2020-08-06,Karier.ku
04373,Merisha,2021-08-09,Karier.ku
04374,Roseellen,2020-05-26,Sekolah.ku
04375,Cassondr,2019-04-06,Sekolah.ku
04376,Zinnia,2018-04-14,Sekolah.ku
04377,Sharrita,2021-09-18,Sekolah.ku
04378,Brihanna,2021-08-19,Sekolah.ku
04379,Tyronzia,2019-07-18,Sekolah.ku
04380,Cybelle,2021-04-17,Sekolah.ku
04381,Bezalel,2022-04-08,Sekolah.ku
04382,Millianna,2019-12-15,Karier.ku
04383,Breshaun,2019-03-23,Karier.ku
04384,Zephan,2021-07-19,Sekolah.ku
04385,Sada,2020-10-31,Sekolah.ku
04386,Yanni,2019-02-08,Sekolah.ku
04387,Tasneem,2020-02-04,Karier.ku
04388,Chael,2019-01-03,Sekolah.ku
04389,Lakala,2020-01-30,Sekolah.ku
04390,Cortazia,2021-06-22,Sekolah.ku
04391,Othelia,2022-05-02,Sekolah.ku
04392,Latanja,2018-12-11,Sekolah.ku
04393,Veldon,2018-12-14,Sekolah.ku
04394,Smyrna,2021-11-28,Karier.ku
04395,Sequoia,2021-07-10,Karier.ku
04396,Doyle,2021-04-20,Sekolah.ku
04397,Addie,2019-11-06,Sekolah.ku
04398,Alizabeth,2019-08-23,Sekolah.ku
04399,Lucyanna,2021-03-12,Sekolah.ku
04400,Kenzy,2018-06-30,Sekolah.ku
04401,Sammyjo,2019-07-21,Karier.ku
04402,Azera,2021-08-26,Sekolah.ku
04403,Aarielle,2021-12-31,Sekolah.ku
04404,Manita,2021-04-14,Sekolah.ku
04405,Siham,2018-09-12,Karier.ku
04406,Tarrance,2019-12-25,Karier.ku
04407,Mikyla,2021-04-29,Sekolah.ku
04408,Aengus,2021-06-04,Sekolah.ku
04409,Ashlye,2019-09-20,Karier.ku
04410,Junho,2021-09-06,Sekolah.ku
04411,Kadarious,2020-10-21,Karier.ku
04412,Ilayna,2021-03-16,Sekolah.ku
04413,Lashaw,2021-02-14,Sekolah.ku
04414,Junne,2019-08-05,Sekolah.ku
04415,Cederick,2022-01-09,Sekolah.ku
04416,Jhett,2021-01-11,Sekolah.ku
04417,Lorijo,2021-10-08,Sekolah.ku
04418,Tramia,2020-03-15,Karier.ku
04419,Dwaun,2018-07-14,Karier.ku
04420,Newton,2020-05-05,Sekolah.ku
04421,Chardasia,2019-07-10,Karier.ku
04422,Jimeka,2020-06-20,Sekolah.ku
04423,Ronte,2020-08-14,Sekolah.ku
04424,Knylah,2019-01-22,Sekolah.ku
04425,Zulmira,2019-08-16,Karier.ku
04426,Henna,2018-07-04,Sekolah.ku
04427,Jaili,2019-02-04,Karier.ku
04428,Ryin,2019-09-05,Sekolah.ku
04429,Legrand,2019-11-25,Sekolah.ku
04430,Waco,2021-04-09,Karier.ku
04431,Alveiro,2019-10-04,Karier.ku
04432,Gearleen,2022-04-16,Sekolah.ku
04433,Haleyjo,2021-11-01,Karier.ku
04434,Viviane,2019-11-08,Karier.ku
04435,Tiant,2022-03-05,Sekolah.ku
04436,Fernando,2020-07-27,Sekolah.ku
04437,Loay,2020-04-26,Sekolah.ku
04438,Kouki,2020-02-20,Karier.ku
04439,Abdulloh,2018-11-09,Karier.ku
04440,Kathyanne,2019-07-05,Karier.ku
04441,Shirah,2019-04-20,Sekolah.ku
04442,Nachmen,2021-07-17,Sekolah.ku
04443,Ephraim,2020-12-17,Karier.ku
04444,Treymaine,2019-10-01,Karier.ku
04445,Serguio,2021-11-15,Sekolah.ku
04446,Andreena,2022-03-11,Sekolah.ku
04447,Zatara,2021-01-23,Sekolah.ku
04448,Ariene,2020-12-22,Karier.ku
04449,Naishawn,2021-03-13,Karier.ku
04450,Analeece,2020-05-30,Karier.ku
04451,Zainub,2020-09-07,Sekolah.ku
04452,Hanniel,2021-02-19,Sekolah.ku
04453,Myrtlee,2021-07-12,Sekolah.ku
04454,Makhaya,2020-02-15,Sekolah.ku
04455,Jonson,2019-06-15,Sekolah.ku
04456,Daijohn,2019-02-20,Karier.ku
04457,Deaken,2021-10-04,Karier.ku
04458,Nahara,2020-03-08,Sekolah.ku
04459,Venancio,2021-05-15,Karier.ku
04460,Saphyre,2021-10-14,Karier.ku
04461,Mahadev,2019-11-06,Karier.ku
04462,Sahibjot,2018-11-21,Sekolah.ku
04463,Alyus,2021-08-27,Karier.ku
04464,Vivion,2021-11-01,Sekolah.ku
04465,Abyan,2021-08-27,Sekolah.ku
04466,Rikkie,2018-12-13,Karier.ku
04467,Manon,2018-07-11,Karier.ku
04468,Ero,2019-02-15,Sekolah.ku
04469,Peityn,2021-04-18,Sekolah.ku
04470,Oluwatosin,2019-04-14,Sekolah.ku
04471,Reily,2022-02-13,Sekolah.ku
04472,Tylecia,2018-12-16,Sekolah.ku
04473,Kasheem,2021-03-04,Karier.ku
04474,Makhy,2019-08-30,Karier.ku
04475,Taishia,2019-01-12,Sekolah.ku
04476,Or,2018-05-31,Sekolah.ku
04477,Midori,2020-07-19,Karier.ku
04478,Bristin,2020-11-11,Sekolah.ku
04479,Tone,2018-07-03,Sekolah.ku
04480,Norwood,2022-01-14,Sekolah.ku
04481,Fardin,2021-07-18,Karier.ku
04482,Rasia,2021-04-16,Sekolah.ku
04483,Arionna,2020-09-21,Sekolah.ku
04484,Aki,2019-11-12,Karier.ku
04485,Yulianna,2018-10-09,Sekolah.ku
04486,Yoshani,2019-05-03,Sekolah.ku
04487,Fahmi,2019-10-30,Karier.ku
04488,Niti,2020-01-14,Sekolah.ku
04489,Lileigh,2020-12-08,Sekolah.ku
04490,Arvella,2021-04-16,Sekolah.ku
04491,Enmanuel,2019-11-25,Sekolah.ku
04492,Tinlee,2021-01-21,Sekolah.ku
04493,Witten,2019-03-08,Karier.ku
04494,Abihail,2021-06-22,Sekolah.ku
04495,Rl,2021-09-11,Sekolah.ku
04496,Temya,2021-07-14,Sekolah.ku
04497,Daxon,2019-01-23,Sekolah.ku
04498,Bella,2019-06-06,Sekolah.ku
04499,Minhquan,2020-03-25,Karier.ku
04500,Jobi,2020-06-05,Sekolah.ku
04501,Reymi,2018-07-01,Sekolah.ku
04502,Windi,2021-05-21,Sekolah.ku
04503,Telvis,2018-10-16,Karier.ku
04504,Tue,2020-12-13,Sekolah.ku
04505,Dohn,2019-07-16,Sekolah.ku
04506,Kyda,2019-07-27,Karier.ku
04507,Coramae,2021-10-03,Sekolah.ku
04508,Cadhla,2018-07-07,Karier.ku
04509,Schmeka,2019-05-22,Sekolah.ku
04510,Kathaleen,2021-06-12,Sekolah.ku
04511,Thaine,2021-07-07,Sekolah.ku
04512,Kavir,2022-02-18,Karier.ku
04513,Ajoni,2019-04-25,Sekolah.ku
04514,Sista,2021-08-24,Sekolah.ku
04515,Tephanie,2020-11-17,Sekolah.ku
04516,Faith,2019-01-04,Sekolah.ku
04517,Jonbenet,2019-12-26,Sekolah.ku
04518,Jairus,2018-07-12,Sekolah.ku
04519,Rexene,2020-01-30,Sekolah.ku
04520,Ida,2018-12-16,Sekolah.ku
04521,Isao,2019-07-07,Karier.ku
04522,Mileke,2020-07-19,Sekolah.ku
04523,Jozlyne,2021-04-19,Karier.ku
04524,Sinnamon,2018-06-25,Karier.ku
04525,Tanveer,2018-05-23,Sekolah.ku
04526,Delorise,2022-01-28,Sekolah.ku
04527,Naterria,2020-10-28,Karier.ku
04528,Shamariona,2018-05-07,Sekolah.ku
04529,Aareon,2019-03-16,Sekolah.ku
04530,Radene,2019-06-16,Sekolah.ku
04531,Geraine,2019-05-29,Karier.ku
04532,Dormon,2020-07-01,Sekolah.ku
04533,Diantha,2021-10-01,Karier.ku
04534,Jillynn,2019-11-29,Sekolah.ku
04535,Lashaunti,2021-06-01,Sekolah.ku
04536,Marliegh,2022-05-19,Sekolah.ku
04537,Cania,2019-05-26,Karier.ku
04538,Niveditha,2019-01-30,Sekolah.ku
04539,Burle,2019-04-19,Karier.ku
04540,Kinsler,2020-02-15,Karier.ku
04541,Ashana,2019-10-30,Sekolah.ku
04542,Leotta,2021-11-06,Sekolah.ku
04543,Maryagnes,2018-10-02,Karier.ku
04544,Gwendy,2019-10-25,Sekolah.ku
04545,Zhanae,2021-04-04,Sekolah.ku
04546,Kimbereley,2021-07-08,Sekolah.ku
04547,Eashaan,2020-09-07,Karier.ku
04548,Nicko,2021-06-08,Sekolah.ku
04549,Treyshaun,2019-12-28,Karier.ku
04550,Printes,2019-08-06,Sekolah.ku
04551,Kadetria,2022-01-03,Sekolah.ku
04552,Chancelor,2021-02-04,Sekolah.ku
04553,Danyia,2021-01-29,Sekolah.ku
04554,Donelda,2022-03-20,Sekolah.ku
04555,Ossian,2019-10-03,Sekolah.ku
04556,Kristopfer,2020-08-09,Sekolah.ku
04557,Decorius,2019-03-02,Karier.ku
04558,Onyinyechukwu,2018-10-13,Karier.ku
04559,Vivien,2018-08-10,Sekolah.ku
04560,Jaysion,2019-06-26,Karier.ku
04561,Christophe,2022-05-03,Sekolah.ku
04562,Cashawn,2019-01-28,Karier.ku
04563,Padrick,2021-06-03,Sekolah.ku
04564,Damika,2018-10-17,Karier.ku
04565,Pomaikai,2020-09-14,Sekolah.ku
04566,Marleta,2019-04-23,Sekolah.ku
04567,Francies,2018-06-21,Karier.ku
04568,Sabriah,2020-01-24,Sekolah.ku
04569,Latrayvion,2020-05-08,Sekolah.ku
04570,Ilaisaane,2021-03-20,Sekolah.ku
04571,Bernel,2019-11-29,Sekolah.ku
04572,Tomoko,2018-11-07,Sekolah.ku
04573,Jollene,2020-02-12,Karier.ku
04574,Lister,2019-02-25,Sekolah.ku
04575,Kino,2021-05-08,Sekolah.ku
04576,Narielle,2020-09-28,Sekolah.ku
04577,Bowdie,2018-10-19,Sekolah.ku
04578,Shabria,2018-08-01,Karier.ku
04579,Antoinetta,2021-11-19,Sekolah.ku
04580,Seryniti,2020-07-19,Sekolah.ku
04581,Chiyoko,2021-08-08,Sekolah.ku
04582,Keben,2018-05-19,Karier.ku
04583,Jonjon,2019-04-27,Karier.ku
04584,Leylanni,2018-08-30,Sekolah.ku
04585,Lavon,2020-06-27,Sekolah.ku
04586,Myleisha,2020-11-05,Karier.ku
04587,Kathyjo,2021-03-16,Sekolah.ku
04588,Jereny,2021-08-29,Sekolah.ku
04589,Randolyn,2019-02-08,Sekolah.ku
04590,Davetta,2020-09-16,Sekolah.ku
04591,Talysa,2020-01-23,Sekolah.ku
04592,Adelya,2020-02-19,Sekolah.ku
04593,Macara,2019-07-03,Karier.ku
04594,Breyona,2020-12-29,Karier.ku
04595,Senecca,2018-05-27,Sekolah.ku
04596,Bryasia,2021-08-29,Karier.ku
04597,Shaneia,2021-02-06,Sekolah.ku
04598,Lakeda,2021-12-05,Karier.ku
04599,Valirie,2020-11-27,Sekolah.ku
04600,Garik,2018-06-22,Sekolah.ku
04601,Tericka,2021-01-20,Karier.ku
04602,Lilyonna,2018-11-09,Sekolah.ku
04603,Octaviano,2020-05-23,Karier.ku
04604,Coryn,2021-12-19,Sekolah.ku
04605,Kin,2020-03-01,Karier.ku
04606,Omri,2020-06-03,Sekolah.ku
04607,Meilin,2019-08-13,Sekolah.ku
04608,Leila,2018-06-06,Sekolah.ku
04609,Meco,2018-07-08,Sekolah.ku
04610,Ela,2020-12-28,Karier.ku
04611,Husein,2020-05-25,Sekolah.ku
04612,Karese,2021-01-01,Sekolah.ku
04613,Joce,2022-05-13,Sekolah.ku
04614,Marjani,2019-10-17,Karier.ku
04615,Lynnessa,2021-03-05,Sekolah.ku
04616,Stepen,2020-07-11,Karier.ku
04617,Iyani,2020-02-27,Sekolah.ku
04618,Truxton,2021-07-27,Sekolah.ku
04619,Broderik,2022-03-13,Sekolah.ku
04620,Rowyn,2021-04-12,Sekolah.ku
04621,Ayaan,2019-02-03,Sekolah.ku
04622,Christophor,2020-04-25,Sekolah.ku
04623,Hilarion,2021-03-19,Sekolah.ku
04624,Kao,2020-08-06,Sekolah.ku
04625,Demaury,2019-07-13,Sekolah.ku
04626,Kenroy,2021-07-15,Karier.ku
04627,Chalice,2018-04-20,Karier.ku
04628,Edwyna,2019-11-16,Sekolah.ku
04629,Jayjuan,2018-08-12,Sekolah.ku
04630,Lucee,2018-06-10,Sekolah.ku
04631,Eliot,2020-10-13,Sekolah.ku
04632,Ronessa,2019-08-20,Sekolah.ku
04633,Leve,2021-02-13,Sekolah.ku
04634,Trakelia,2021-10-25,Karier.ku
04635,Zowey,2019-11-19,Sekolah.ku
04636,Tarig,2019-06-11,Sekolah.ku
04637,Talisha,2021-10-13,Sekolah.ku
04638,Ameryst,2018-09-07,Sekolah.ku
04639,Alynah,2021-06-23,Sekolah.ku
04640,Imanni,2019-10-16,Karier.ku
04641,Beyah,2019-07-11,Karier.ku
04642,Bellasophia,2018-09-14,Sekolah.ku
04643,Jasim,2018-07-01,Sekolah.ku
04644,Antwand,2022-04-28,Sekolah.ku
04645,Izaiah,2021-12-17,Sekolah.ku
04646,Ezaan,2021-02-03,Sekolah.ku
04647,Karen,2019-01-24,Sekolah.ku
04648,Darrelle,2021-12-26,Sekolah.ku
04649,Charlae,2021-09-06,Karier.ku
04650,Garnieta,2020-04-02,Sekolah.ku
04651,Jerniah,2020-09-16,Karier.ku
04652,Joshusa,2021-09-09,Karier.ku
04653,Domenica,2018-09-07,Sekolah.ku
04654,Kameisha,2018-11-30,Sekolah.ku
04655,Rayli,2019-11-26,Sekolah.ku
04656,Aamira,2020-08-16,Karier.ku
04657,Analily,2019-12-06,Sekolah.ku
04658,Illana,2018-10-24,Sekolah.ku
04659,Kadrian,2021-02-25,Sekolah.ku
04660,Virda,2020-06-14,Sekolah.ku
04661,Shyonna,2018-08-11,Karier.ku
04662,Jamiyla,2021-12-02,Sekolah.ku
04663,Talina,2020-04-13,Sekolah.ku
04664,Assad,2019-04-27,Karier.ku
04665,Meika,2021-08-13,Sekolah.ku
04666,Kennette,2018-10-25,Sekolah.ku
04667,Harles,2020-12-14,Karier.ku
04668,Nekeisha,2020-07-27,Karier.ku
04669,Reyah,2021-07-31,Sekolah.ku
04670,Myelle,2020-03-20,Sekolah.ku
04671,Demeatrius,2021-03-13,Sekolah.ku
04672,Athlene,2019-05-17,Karier.ku
04673,Madysun,2019-01-13,Karier.ku
04674,Jaecob,2022-05-09,Sekolah.ku
04675,Immaculata,2019-07-25,Sekolah.ku
04676,Zuhur,2021-12-20,Sekolah.ku
04677,Ayvan,2018-10-17,Sekolah.ku
04678,Azeem,2018-05-23,Karier.ku
04679,Martesha,2019-02-03,Sekolah.ku
04680,Alfreada,2019-12-13,Sekolah.ku
04681,Rashid,2018-08-15,Karier.ku
04682,Penny,2019-08-23,Sekolah.ku
04683,Jamien,2018-09-10,Sekolah.ku
04684,Beaulah,2020-09-29,Sekolah.ku
04685,Markiese,2020-08-28,Sekolah.ku
04686,Elydia,2018-06-27,Karier.ku
04687,Lafon,2021-12-24,Sekolah.ku
04688,Jelesa,2019-11-03,Karier.ku
04689,Corine,2019-03-14,Karier.ku
04690,Zekia,2021-09-03,Sekolah.ku
04691,Srividya,2019-04-03,Sekolah.ku
04692,Ciyah,2018-04-20,Sekolah.ku
04693,Anastasi,2018-09-06,Sekolah.ku
04694,Gamalier,2019-08-02,Karier.ku
04695,Ryan,2020-01-08,Sekolah.ku
04696,Jarnae,2020-05-31,Sekolah.ku
04697,Luvada,2021-09-11,Karier.ku
04698,Filiberto,2020-01-02,Karier.ku
04699,Jenniffer,2022-03-26,Sekolah.ku
04700,Tijanae,2019-06-07,Sekolah.ku
04701,Shalyn,2020-06-05,Sekolah.ku
04702,Marialaura,2018-08-03,Karier.ku
04703,Krisztian,2018-10-26,Sekolah.ku
04704,Dashyia,2021-03-27,Karier.ku
04705,Waller,2019-07-12,Karier.ku
04706,Kawanza,2022-01-02,Karier.ku
04707,Selyn,2021-08-21,Karier.ku
04708,Kanyon,2021-08-20,Sekolah.ku
04709,Ariahna,2019-11-19,Karier.ku
04710,Roydon,2019-02-26,Sekolah.ku
04711,Anagrace,2022-04-23,Karier.ku
04712,Aliyna,2021-07-28,Karier.ku
04713,Gaelyn,2019-03-24,Sekolah.ku
04714,Kimathi,2020-05-26,Sekolah.ku
04715,Mykenzi,2019-11-03,Sekolah.ku
04716,Kaydyn,2021-07-10,Karier.ku
04717,Houa,2020-01-18,Sekolah.ku
04718,Raizy,2021-04-04,Karier.ku
04719,Brion,2021-05-19,Sekolah.ku
04720,Arshaan,2020-02-22,Karier.ku
04721,Zavia,2021-03-10,Karier.ku
04722,Gamila,2020-01-24,Karier.ku
04723,Jamiah,2019-03-20,Sekolah.ku
04724,Kathlene,2021-09-25,Sekolah.ku
04725,Samario,2019-07-30,Sekolah.ku
04726,Jollette,2022-02-05,Sekolah.ku
04727,Eyva,2021-02-24,Sekolah.ku
04728,Ineta,2018-10-01,Karier.ku
04729,Celinna,2020-03-01,Karier.ku
04730,Sherian,2018-09-07,Karier.ku
04731,Ahliyah,2022-03-19,Sekolah.ku
04732,Antrell,2020-08-13,Karier.ku
04733,Diamantina,2021-07-14,Karier.ku
04734,Geleah,2021-10-06,Sekolah.ku
04735,Giacomina,2021-08-04,Karier.ku
04736,Ladean,2022-03-31,Karier.ku
04737,Jazmere,2020-06-30,Sekolah.ku
04738,Terrius,2018-06-02,Sekolah.ku
04739,Michaelynn,2021-01-14,Karier.ku
04740,Heran,2021-07-29,Sekolah.ku
04741,Dresden,2021-01-20,Karier.ku
04742,Marg,2018-10-12,Karier.ku
04743,Sarrinah,2022-03-17,Sekolah.ku
04744,Laird,2019-02-14,Sekolah.ku
04745,Fili,2018-09-04,Sekolah.ku
04746,Taniko,2019-08-23,Sekolah.ku
04747,Nieman,2020-08-04,Sekolah.ku
04748,Emileigh,2020-12-02,Karier.ku
04749,Adeleigh,2019-05-25,Sekolah.ku
04750,Tyan,2018-06-05,Sekolah.ku
04751,Mirabel,2019-03-25,Sekolah.ku
04752,Larianna,2019-02-23,Karier.ku
04753,Milisia,2021-07-13,Karier.ku
04754,Hershey,2021-01-17,Sekolah.ku
04755,Murlee,2021-12-15,Karier.ku
04756,Yalisa,2021-04-04,Sekolah.ku
04757,Lizmar,2018-12-27,Sekolah.ku
04758,Haylan,2021-05-15,Sekolah.ku
04759,Natisa,2018-05-10,Sekolah.ku
04760,Nashyah,2019-01-19,Karier.ku
04761,Amritha,2021-07-04,Sekolah.ku
04762,Jarrott,2020-05-10,Karier.ku
04763,Yuriel,2018-08-19,Sekolah.ku
04764,Coila,2021-06-08,Sekolah.ku
04765,Bryler,2021-01-17,Karier.ku
04766,Kincaid,2021-05-15,Sekolah.ku
04767,Beretta,2019-10-04,Sekolah.ku
04768,Mathiew,2020-08-13,Karier.ku
04769,Mugdha,2019-02-06,Karier.ku
04770,Matraca,2019-09-02,Karier.ku
04771,Dasmon,2019-09-14,Karier.ku
04772,Sharat,2021-10-26,Sekolah.ku
04773,Corabelle,2020-02-08,Sekolah.ku
04774,Dwyer,2018-07-16,Sekolah.ku
04775,Icel,2021-12-19,Sekolah.ku
04776,Rosaisela,2019-02-08,Sekolah.ku
04777,Fransisca,2020-02-04,Karier.ku
04778,Feodora,2018-11-06,Sekolah.ku
04779,Arbadella,2018-10-10,Sekolah.ku
04780,Fillmore,2019-10-27,Sekolah.ku
04781,Natausha,2020-03-21,Sekolah.ku
04782,Chadwyck,2021-05-31,Sekolah.ku
04783,Jodine,2021-07-07,Karier.ku
04784,Jameera,2020-08-01,Karier.ku
04785,Yanelly,2018-12-12,Karier.ku
04786,Lundin,2018-08-13,Sekolah.ku
04787,Brittiani,2021-11-29,Sekolah.ku
04788,Kelise,2021-06-19,Karier.ku
04789,Shawaiz,2021-03-16,Sekolah.ku
04790,Yustin,2021-09-24,Sekolah.ku
04791,Mckinzley,2021-09-22,Sekolah.ku
04792,Latony,2019-03-16,Sekolah.ku
04793,Kerian,2020-07-11,Sekolah.ku
04794,Roxann,2018-05-03,Karier.ku
04795,Jacenta,2021-12-24,Sekolah.ku
04796,Natessa,2021-07-22,Sekolah.ku
04797,Gaillard,2020-02-17,Karier.ku
04798,Yohanes,2020-10-31,Karier.ku
04799,Darreion,2020-07-20,Karier.ku
04800,Dashay,2021-11-18,Sekolah.ku
04801,Ivori,2022-02-12,Sekolah.ku
04802,Capri,2019-10-12,Karier.ku
04803,Azareeyah,2018-09-19,Sekolah.ku
04804,Xiaver,2020-01-16,Karier.ku
04805,Amanita,2018-08-02,Sekolah.ku
04806,Neri,2021-03-13,Sekolah.ku
04807,Calese,2020-06-21,Karier.ku
04808,Jesteen,2019-10-02,Karier.ku
04809,Evalean,2022-03-09,Karier.ku
04810,Sydnea,2021-10-25,Sekolah.ku
04811,Briscoe,2019-03-03,Sekolah.ku
04812,Jalayshia,2019-05-19,Sekolah.ku
04813,Kiriaki,2021-08-25,Karier.ku
04814,Saraly,2018-05-26,Sekolah.ku
04815,Zinda,2021-07-28,Sekolah.ku
04816,Ladawna,2019-01-08,Karier.ku
04817,Monyetta,2020-05-23,Sekolah.ku
04818,Favio,2022-02-26,Sekolah.ku
04819,Leonidis,2019-03-02,Karier.ku
04820,Bladyn,2021-01-03,Sekolah.ku
04821,Indasha,2019-05-21,Karier.ku
04822,Kiwanis,2019-08-02,Karier.ku
04823,Wrylee,2021-01-05,Sekolah.ku
04824,Analissa,2020-08-06,Sekolah.ku
04825,Sulekha,2018-07-05,Sekolah.ku
04826,Ralen,2020-03-12,Karier.ku
04827,Dalesa,2019-08-22,Karier.ku
04828,Brianni,2021-01-07,Sekolah.ku
04829,Sindey,2021-04-19,Sekolah.ku
04830,Ernette,2020-04-20,Sekolah.ku
04831,Nashalie,2021-05-24,Sekolah.ku
04832,Keyairra,2021-08-14,Karier.ku
04833,Latanyia,2022-02-05,Karier.ku
04834,Kortez,2019-09-19,Karier.ku
04835,Iresha,2019-02-26,Sekolah.ku
04836,Deriya,2019-07-25,Sekolah.ku
04837,Jennavi,2021-05-26,Sekolah.ku
04838,Emmilia,2019-07-18,Karier.ku
04839,Jusin,2020-09-07,Karier.ku
04840,Brijesh,2021-11-20,Sekolah.ku
04841,Kassem,2019-01-26,Sekolah.ku
04842,Vaya,2020-09-26,Sekolah.ku
04843,Yennifer,2021-01-01,Karier.ku
04844,Anaelle,2018-08-18,Sekolah.ku
04845,Brylon,2021-05-21,Sekolah.ku
04846,Shaniyla,2020-05-07,Sekolah.ku
04847,Aishe,2022-04-04,Sekolah.ku
04848,Briggette,2021-03-13,Sekolah.ku
04849,Sukhraj,2019-02-02,Karier.ku
04850,Guin,2021-07-26,Sekolah.ku
04851,Taleaha,2018-08-26,Sekolah.ku
04852,Nathanjames,2020-12-05,Sekolah.ku
04853,Khassidy,2019-05-14,Sekolah.ku
04854,Rembrandt,2018-10-18,Sekolah.ku
04855,Edras,2021-10-31,Karier.ku
04856,Criselda,2021-05-17,Sekolah.ku
04857,Celiyah,2019-07-03,Karier.ku
04858,Chritopher,2019-12-05,Sekolah.ku
04859,Abed,2018-06-05,Karier.ku
04860,Asayo,2022-01-27,Sekolah.ku
04861,Tanush,2019-06-01,Sekolah.ku
04862,Shacori,2020-08-19,Sekolah.ku
04863,Benjamim,2022-01-17,Karier.ku
04864,Aile,2019-02-27,Sekolah.ku
04865,Rejena,2021-11-15,Karier.ku
04866,Roxi,2020-01-01,Karier.ku
04867,Taveah,2019-04-24,Karier.ku
04868,Bellami,2019-05-04,Sekolah.ku
04869,Antwaun,2020-07-27,Sekolah.ku
04870,Ishta,2019-02-08,Karier.ku
04871,Sumika,2020-03-19,Sekolah.ku
04872,Ireanna,2021-06-29,Sekolah.ku
04873,Brinya,2021-10-27,Karier.ku
04874,Kaitlyne,2020-12-03,Sekolah.ku
04875,Solanch,2020-08-06,Sekolah.ku
04876,Lilliauna,2019-03-04,Sekolah.ku
04877,Hansen,2022-01-06,Sekolah.ku
04878,Amabel,2020-05-25,Sekolah.ku
04879,Ryer,2018-11-07,Sekolah.ku
04880,Denece,2021-02-07,Sekolah.ku
04881,Alla,2019-05-08,Sekolah.ku
04882,Avea,2018-10-16,Sekolah.ku
04883,Torean,2022-02-09,Sekolah.ku
04884,Princesa,2019-12-19,Sekolah.ku
04885,Ridhima,2020-11-26,Sekolah.ku
04886,Sulaf,2018-06-28,Sekolah.ku
04887,Jerie,2021-12-17,Karier.ku
04888,Silviana,2020-06-21,Sekolah.ku
04889,Cammeron,2019-12-30,Sekolah.ku
04890,Anagabriela,2021-09-10,Sekolah.ku
04891,Rebeccalynn,2021-11-05,Sekolah.ku
04892,Ayleth,2019-12-06,Sekolah.ku
04893,Naryan,2021-04-17,Karier.ku
04894,Sharnese,2022-02-17,Sekolah.ku
04895,Delain,2019-07-14,Karier.ku
04896,Brianne,2020-10-11,Sekolah.ku
04897,Statia,2020-08-11,Sekolah.ku
04898,Chassiti,2019-08-04,Sekolah.ku
04899,Ferren,2018-09-11,Karier.ku
04900,Sacora,2018-10-25,Sekolah.ku
04901,Kadaysha,2019-04-17,Karier.ku
04902,Olachi,2020-12-21,Karier.ku
04903,Dioselin,2022-01-07,Sekolah.ku
04904,Antonica,2021-09-01,Sekolah.ku
04905,Jmiyah,2018-08-24,Sekolah.ku
04906,Yusmeri,2021-06-09,Sekolah.ku
04907,Domonick,2018-07-29,Sekolah.ku
04908,Esmond,2019-04-23,Sekolah.ku
04909,Deshone,2020-04-07,Sekolah.ku
04910,Nicholson,2021-03-02,Sekolah.ku
04911,Wyonia,2020-01-02,Karier.ku
04912,Ivion,2021-06-12,Sekolah.ku
04913,Tyairah,2020-12-27,Karier.ku
04914,Pollie,2020-07-02,Karier.ku
04915,Inya,2021-01-13,Sekolah.ku
04916,Antoniette,2021-06-06,Karier.ku
04917,Aylena,2019-07-16,Sekolah.ku
04918,Boice,2019-07-11,Karier.ku
04919,Rubelle,2018-06-24,Karier.ku
04920,Aryon,2022-05-02,Karier.ku
04921,Ltanya,2018-07-28,Sekolah.ku
04922,Roniece,2021-08-12,Karier.ku
04923,Ramata,2021-03-01,Sekolah.ku
04924,Tinyah,2020-02-26,Karier.ku
04925,Ontario,2021-04-03,Sekolah.ku
04926,Jackilynn,2019-05-12,Sekolah.ku
04927,Decarlo,2020-10-08,Karier.ku
04928,Standly,2020-11-02,Karier.ku
04929,Xaiver,2018-06-12,Sekolah.ku
04930,Roberta,2019-05-28,Sekolah.ku
04931,Jaray,2019-06-25,Sekolah.ku
04932,Vernesteen,2019-01-22,Sekolah.ku
04933,Kaman,2020-05-24,Sekolah.ku
04934,Catie,2018-07-19,Karier.ku
04935,Kazden,2019-02-01,Sekolah.ku
04936,Kavia,2021-08-28,Sekolah.ku
04937,Chrissie,2018-05-29,Sekolah.ku
04938,Zahriya,2020-03-16,Karier.ku
04939,Neelan,2019-03-30,Sekolah.ku
04940,Evelyne,2018-06-25,Sekolah.ku
04941,Catenia,2021-04-22,Karier.ku
04942,Ruah,2021-09-12,Karier.ku
04943,Elaina,2022-04-23,Sekolah.ku
04944,Vadis,2021-06-11,Sekolah.ku
04945,Chuma,2020-09-15,Sekolah.ku
04946,Lourene,2022-04-09,Sekolah.ku
04947,Imogene,2020-05-02,Sekolah.ku
04948,Sifat,2021-08-16,Sekolah.ku
04949,Decorey,2019-04-02,Karier.ku
04950,Zella,2019-10-30,Karier.ku
04951,Derez,2019-07-30,Sekolah.ku
04952,Myya,2019-11-28,Karier.ku
04953,Irasema,2021-11-21,Karier.ku
04954,Damontre,2022-03-25,Sekolah.ku
04955,Lavare,2021-04-19,Karier.ku
04956,Tawnja,2019-07-31,Sekolah.ku
04957,Icey,2018-11-02,Sekolah.ku
04958,Zuleyma,2019-10-26,Sekolah.ku
04959,Rakee,2019-08-21,Sekolah.ku
04960,Keari,2021-06-30,Sekolah.ku
04961,Delite,2020-12-09,Sekolah.ku
04962,Norlishia,2021-07-20,Karier.ku
04963,Rukaya,2018-07-31,Karier.ku
04964,Ortis,2020-04-26,Karier.ku
04965,Prayag,2021-06-25,Sekolah.ku
04966,Xiamara,2019-11-26,Karier.ku
04967,Neeka,2019-10-15,Sekolah.ku
04968,Arkesha,2019-08-13,Karier.ku
04969,Trijal,2021-11-18,Sekolah.ku
04970,Taurus,2018-12-01,Sekolah.ku
04971,Haden,2018-06-25,Sekolah.ku
04972,Saige,2021-09-16,Sekolah.ku
04973,Jayziel,2020-11-15,Karier.ku
04974,Kyshia,2021-04-02,Karier.ku
04975,Verdie,2020-03-15,Sekolah.ku
04976,Manases,2019-04-24,Sekolah.ku
04977,Nethan,2022-02-26,Karier.ku
04978,Kristabel,2020-08-30,Sekolah.ku
04979,Iden,2019-02-07,Sekolah.ku
04980,Hickory,2020-01-03,Karier.ku
04981,Crhistopher,2021-11-22,Karier.ku
04982,Rodley,2019-09-22,Sekolah.ku
04983,Melvonia,2021-08-28,Sekolah.ku
04984,Strummer,2021-11-07,Sekolah.ku
04985,Enedelia,2019-10-05,Karier.ku
04986,Ryne,2020-02-29,Sekolah.ku
04987,Mlissa,2021-09-10,Sekolah.ku
04988,Sierralynn,2020-07-23,Sekolah.ku
04989,Riqui,2020-08-18,Karier.ku
04990,Drewcilla,2019-03-03,Sekolah.ku
04991,Emmalie,2021-06-01,Karier.ku
04992,Khasir,2021-11-19,Sekolah.ku
04993,Qirat,2022-04-22,Sekolah.ku
04994,Kailee,2019-04-10,Sekolah.ku
04995,Shephen,2019-10-05,Sekolah.ku
04996,Kelis,2022-02-16,Karier.ku
04997,Jonhathan,2020-01-18,Karier.ku
04998,Adeoluwa,2022-02-03,Sekolah.ku
04999,Manuell,2021-08-02,Sekolah.ku
05000,Zenorah,2021-01-08,Sekolah.ku
05001,Amelie,2021-06-15,Karier.ku
05002,Alphones,2020-12-23,Sekolah.ku
05003,Kirtland,2019-01-10,Karier.ku
05004,Calisha,2021-04-04,Sekolah.ku
05005,Elzada,2021-09-02,Sekolah.ku
05006,Takina,2019-06-11,Sekolah.ku
05007,Dsean,2019-08-21,Sekolah.ku
05008,Vilma,2020-09-26,Sekolah.ku
05009,Jyrell,2020-07-07,Sekolah.ku
05010,Melrose,2018-06-11,Sekolah.ku
05011,Clemma,2021-04-07,Sekolah.ku
05012,Deleah,2019-05-23,Karier.ku
05013,Zatanna,2018-09-25,Karier.ku
05014,Glynice,2019-05-16,Karier.ku
05015,Arwilda,2020-10-19,Karier.ku
05016,Aviad,2018-10-29,Karier.ku
05017,Gwynith,2019-05-12,Sekolah.ku
05018,Roshonna,2020-05-23,Sekolah.ku
05019,Mondra,2019-09-19,Sekolah.ku
05020,Shanikqua,2020-12-07,Sekolah.ku
05021,Peja,2021-07-21,Karier.ku
05022,Tarran,2018-04-18,Sekolah.ku
05023,Gordie,2018-05-12,Karier.ku
05024,Chaylynn,2020-01-11,Karier.ku
05025,Yassmin,2020-05-17,Sekolah.ku
05026,Luce,2020-03-03,Sekolah.ku
05027,Trenady,2020-07-03,Sekolah.ku
05028,Rylah,2020-09-20,Sekolah.ku
05029,Ariaa,2021-10-06,Sekolah.ku
05030,Erdell,2019-01-28,Karier.ku
05031,Leaon,2019-07-20,Sekolah.ku
05032,Gerson,2018-07-19,Sekolah.ku
05033,Aidyn,2019-08-16,Sekolah.ku
05034,Tou,2020-06-16,Sekolah.ku
05035,Ronld,2021-10-10,Karier.ku
05036,Doraly,2018-04-23,Sekolah.ku
05037,Adoline,2018-11-12,Sekolah.ku
05038,Jessicanicole,2019-01-11,Sekolah.ku
05039,Seeley,2022-01-21,Karier.ku
05040,Yanik,2019-10-27,Karier.ku
05041,Prinz,2019-01-09,Sekolah.ku
05042,Aleacia,2021-10-07,Sekolah.ku
05043,Dajonna,2018-08-24,Sekolah.ku
05044,Havish,2020-03-14,Karier.ku
05045,Hayven,2020-03-24,Karier.ku
05046,Akisha,2018-08-05,Sekolah.ku
05047,Roane,2020-02-19,Karier.ku
05048,Barris,2020-01-06,Sekolah.ku
05049,Ashaunie,2021-10-25,Sekolah.ku
05050,Judianne,2018-10-12,Sekolah.ku
05051,Bisher,2021-12-03,Sekolah.ku
05052,Shada,2021-09-30,Sekolah.ku
05053,Altair,2019-10-20,Sekolah.ku
05054,Natalia,2019-06-12,Sekolah.ku
05055,Illythia,2021-11-16,Sekolah.ku
05056,Gilman,2019-11-25,Sekolah.ku
05057,Paxten,2018-11-01,Sekolah.ku
05058,Sheeba,2019-08-04,Sekolah.ku
05059,Mailinh,2021-04-25,Sekolah.ku
05060,Ionna,2019-08-20,Sekolah.ku
05061,Melisha,2020-05-09,Sekolah.ku
05062,Sakiah,2018-12-07,Karier.ku
05063,Dayamir,2019-08-29,Karier.ku
05064,Shaniah,2021-10-08,Karier.ku
05065,Brinslee,2022-02-28,Karier.ku
05066,Almeter,2018-10-12,Sekolah.ku
05067,Pipper,2021-04-23,Karier.ku
05068,Aricin,2019-11-10,Karier.ku
05069,Zariyah,2019-06-08,Sekolah.ku
05070,Melvine,2019-05-03,Karier.ku
05071,Kahmia,2019-10-12,Sekolah.ku
05072,Tracina,2019-10-30,Sekolah.ku
05073,Tashie,2021-01-15,Sekolah.ku
05074,Lakiyah,2021-08-06,Sekolah.ku
05075,Dabne,2018-07-11,Sekolah.ku
05076,Tazz,2019-01-01,Sekolah.ku
05077,Kerrey,2021-11-07,Sekolah.ku
05078,Wilie,2020-09-05,Sekolah.ku
05079,Sherita,2018-07-08,Sekolah.ku
05080,Finn,2021-12-18,Sekolah.ku
05081,Lavella,2019-10-15,Sekolah.ku
05082,Dekisha,2020-02-09,Karier.ku
05083,Nahlani,2021-05-26,Sekolah.ku
05084,Haydyn,2019-01-19,Sekolah.ku
05085,Aniha,2019-08-10,Karier.ku
05086,Honesty,2021-08-27,Karier.ku
05087,Shaenna,2018-11-17,Sekolah.ku
05088,Jescie,2020-02-02,Karier.ku
05089,Genevea,2021-12-27,Karier.ku
05090,Jontrell,2019-10-29,Sekolah.ku
05091,Jomar,2019-02-26,Sekolah.ku
05092,Lular,2020-02-22,Karier.ku
05093,Hassanatou,2021-10-30,Sekolah.ku
05094,Natella,2021-09-13,Karier.ku
05095,Olha,2019-06-01,Sekolah.ku
05096,Wyette,2019-12-15,Karier.ku
05097,Zayna,2019-06-20,Sekolah.ku
05098,Jong,2020-08-18,Sekolah.ku
05099,Rikky,2021-10-19,Sekolah.ku
05100,Zriyah,2020-06-04,Sekolah.ku
05101,Heavon,2020-08-22,Sekolah.ku
05102,Mikhal,2019-10-17,Karier.ku
05103,Sarthak,2019-08-20,Sekolah.ku
05104,Amarilis,2020-06-19,Karier.ku
05105,Jaceson,2019-08-08,Sekolah.ku
05106,Shaye,2019-09-28,Sekolah.ku
05107,Jannis,2020-04-15,Sekolah.ku
05108,Honestii,2021-08-12,Sekolah.ku
05109,Kyralee,2020-01-01,Karier.ku
05110,Siobhan,2020-11-30,Karier.ku
05111,Reona,2020-03-21,Karier.ku
05112,Finna,2021-06-05,Sekolah.ku
05113,Ohani,2020-11-26,Karier.ku
05114,Loida,2020-11-01,Karier.ku
05115,Barren,2020-09-11,Karier.ku
05116,Ulyssess,2021-01-01,Sekolah.ku
05117,Suad,2019-01-12,Karier.ku
05118,Ridger,2019-04-21,Karier.ku
05119,Riland,2020-02-08,Sekolah.ku
05120,Irline,2021-06-20,Sekolah.ku
05121,Katelynn,2020-03-27,Sekolah.ku
05122,Firman,2021-02-04,Karier.ku
05123,Shigeyuki,2020-05-07,Sekolah.ku
05124,Madissyn,2021-07-03,Sekolah.ku
05125,Antwonne,2019-02-02,Sekolah.ku
05126,Raeona,2018-09-09,Sekolah.ku
05127,Shaisha,2018-09-28,Sekolah.ku
05128,Sandra,2018-09-25,Sekolah.ku
05129,Nimrod,2021-07-11,Karier.ku
05130,Mozart,2020-03-09,Sekolah.ku
05131,Jerimiah,2018-12-10,Sekolah.ku
05132,Kamyria,2018-11-30,Sekolah.ku
05133,Divya,2020-03-04,Karier.ku
05134,Zitlali,2018-11-07,Karier.ku
05135,Michaelle,2021-08-09,Sekolah.ku
05136,Geneivieve,2020-07-28,Sekolah.ku
05137,Kenshin,2018-05-20,Sekolah.ku
05138,Airiana,2019-08-30,Karier.ku
05139,Stephanie,2021-07-14,Sekolah.ku
05140,Kamia,2018-08-22,Karier.ku
05141,Shyler,2018-08-23,Sekolah.ku
05142,Stefnie,2020-06-23,Karier.ku
05143,Gabreilla,2020-10-09,Sekolah.ku
05144,Crisinda,2020-08-11,Karier.ku
05145,Dayra,2019-08-19,Karier.ku
05146,Jaimey,2019-09-18,Sekolah.ku
05147,Deserea,2019-10-10,Karier.ku
05148,Cateena,2022-02-01,Karier.ku
05149,Dashley,2021-10-10,Sekolah.ku
05150,Jacqueleen,2019-04-15,Karier.ku
05151,Lashieka,2021-11-14,Sekolah.ku
05152,Kearston,2019-03-08,Sekolah.ku
05153,Yovanni,2019-06-01,Sekolah.ku
05154,Mikinlee,2020-08-10,Sekolah.ku
05155,Royesha,2021-03-12,Sekolah.ku
05156,Olivette,2020-04-05,Sekolah.ku
05157,Kilee,2021-01-08,Karier.ku
05158,Mikara,2020-02-18,Karier.ku
05159,Diala,2018-11-21,Karier.ku
05160,Nancylee,2022-01-07,Karier.ku
05161,Jyra,2020-05-29,Sekolah.ku
05162,Dmontae,2020-05-28,Sekolah.ku
05163,Jeremaine,2018-11-17,Sekolah.ku
05164,Jamerius,2018-05-27,Sekolah.ku
05165,Jeshia,2018-04-22,Sekolah.ku
05166,Chiann,2018-04-13,Sekolah.ku
05167,Olav,2019-02-18,Sekolah.ku
05168,Pajtim,2020-04-05,Sekolah.ku
05169,Layonna,2019-01-17,Karier.ku
05170,Masaya,2018-08-29,Karier.ku
05171,Japleen,2019-08-07,Karier.ku
05172,Soyoung,2021-04-17,Karier.ku
05173,Laurene,2021-04-18,Sekolah.ku
05174,Veeda,2018-12-15,Karier.ku
05175,Ayvrie,2019-05-14,Sekolah.ku
05176,Masumi,2021-06-25,Karier.ku
05177,Evodio,2021-11-23,Karier.ku
05178,Corvell,2019-08-19,Sekolah.ku
05179,Taura,2021-12-07,Sekolah.ku
05180,Leahla,2020-06-29,Karier.ku
05181,Addah,2020-10-05,Sekolah.ku
05182,Robert,2019-02-06,Karier.ku
05183,Taijha,2021-07-03,Sekolah.ku
05184,Delvina,2020-08-10,Sekolah.ku
05185,Jawwaad,2021-01-14,Sekolah.ku
05186,Diba,2019-07-28,Karier.ku
05187,Zaniyah,2021-08-07,Sekolah.ku
05188,Pervie,2022-04-22,Sekolah.ku
05189,Sharalynn,2018-11-19,Sekolah.ku
05190,Raushaun,2021-07-25,Karier.ku
05191,Laraib,2020-03-09,Sekolah.ku
05192,Takashia,2020-09-22,Sekolah.ku
05193,Winona,2019-04-26,Karier.ku
05194,Jvonte,2021-11-22,Sekolah.ku
05195,Wynoma,2020-03-14,Sekolah.ku
05196,Kedrian,2020-12-05,Sekolah.ku
05197,Zackeri,2020-01-26,Sekolah.ku
05198,Nyrell,2020-05-23,Sekolah.ku
05199,Yohanan,2020-07-05,Karier.ku
05200,Aniki,2019-12-18,Sekolah.ku
05201,Sieglinde,2019-11-15,Karier.ku
05202,Utha,2022-02-09,Sekolah.ku
05203,Rodion,2020-05-10,Sekolah.ku
05204,Caylob,2020-11-03,Karier.ku
05205,Stoic,2020-11-28,Karier.ku
05206,Carmenlita,2020-07-05,Karier.ku
05207,Cabrina,2021-01-08,Karier.ku
05208,Cam,2020-04-07,Sekolah.ku
05209,Terence,2021-12-05,Karier.ku
05210,Zakkary,2018-12-25,Sekolah.ku
05211,Halsten,2018-06-28,Sekolah.ku
05212,Tanija,2020-08-10,Sekolah.ku
05213,Nimrat,2021-03-08,Sekolah.ku
05214,Brannen,2020-02-08,Sekolah.ku
05215,Camren,2021-01-12,Sekolah.ku
05216,Soren,2020-02-26,Sekolah.ku
05217,Narvelle,2021-05-07,Sekolah.ku
05218,Marlita,2019-01-27,Sekolah.ku
05219,Huriel,2019-12-28,Sekolah.ku
05220,Jayquin,2021-06-19,Sekolah.ku
05221,Jabo,2020-10-09,Karier.ku
05222,Shaneek,2019-10-15,Sekolah.ku
05223,Elzy,2020-11-03,Sekolah.ku
05224,Kimira,2019-08-03,Sekolah.ku
05225,Mita,2020-05-06,Karier.ku
05226,Srilaasya,2021-10-28,Sekolah.ku
05227,Avimael,2020-11-15,Karier.ku
05228,Arielyz,2020-06-13,Sekolah.ku
05229,Harriot,2022-05-15,Sekolah.ku
05230,Delancey,2021-04-23,Sekolah.ku
05231,Hawanatu,2021-07-10,Sekolah.ku
05232,Nakiyha,2019-08-17,Karier.ku
05233,Chaysen,2020-04-26,Sekolah.ku
05234,Ryo,2019-01-13,Sekolah.ku
05235,Amethyst,2019-04-10,Karier.ku
05236,Yeremi,2019-08-16,Karier.ku
05237,Riyanshi,2020-05-05,Sekolah.ku
05238,Raju,2020-06-16,Sekolah.ku
05239,Tarren,2022-04-12,Karier.ku
05240,Zederick,2020-04-14,Sekolah.ku
05241,Aslee,2021-07-05,Sekolah.ku
05242,Costa,2021-08-16,Sekolah.ku
05243,Sladen,2018-06-27,Sekolah.ku
05244,Evard,2018-10-17,Sekolah.ku
05245,Azaleyah,2019-10-13,Sekolah.ku
05246,Sidda,2021-06-07,Karier.ku
05247,Nasim,2019-04-28,Sekolah.ku
05248,Darlen,2019-10-28,Karier.ku
05249,Elviria,2021-07-06,Sekolah.ku
05250,Dacen,2022-03-22,Karier.ku
05251,Olamilekan,2019-05-08,Sekolah.ku
05252,Chetanna,2019-10-21,Sekolah.ku
05253,Heddie,2019-04-12,Sekolah.ku
05254,Kamoree,2020-02-12,Sekolah.ku
05255,Ercell,2021-01-30,Karier.ku
05256,Saxton,2020-07-31,Sekolah.ku
05257,Zackorie,2020-06-07,Sekolah.ku
05258,Derwyn,2021-05-01,Sekolah.ku
05259,Geno,2018-12-25,Karier.ku
05260,Torray,2019-06-19,Karier.ku
05261,Shereda,2021-10-06,Sekolah.ku
05262,Ranaiya,2021-11-11,Sekolah.ku
05263,Melicent,2022-05-05,Karier.ku
05264,Tisean,2021-07-26,Sekolah.ku
05265,Jaethan,2019-05-20,Karier.ku
05266,Osamu,2019-10-29,Karier.ku
05267,Ervil,2020-03-02,Sekolah.ku
05268,Taunia,2021-09-29,Sekolah.ku
05269,Caramie,2018-09-21,Sekolah.ku
05270,Yary,2018-10-21,Sekolah.ku
05271,Hank,2019-02-06,Sekolah.ku
05272,Jovanah,2021-07-26,Karier.ku
05273,Ayia,2021-07-08,Sekolah.ku
05274,Maydean,2022-04-20,Karier.ku
05275,Gretel,2020-03-22,Sekolah.ku
05276,Mazzy,2019-08-20,Sekolah.ku
05277,Tongia,2018-07-07,Karier.ku
05278,Zaylon,2021-05-10,Karier.ku
05279,Jaleesa,2022-02-03,Sekolah.ku
05280,Aziyah,2018-04-13,Sekolah.ku
05281,Israa,2020-12-05,Sekolah.ku
05282,Lihi,2019-10-22,Sekolah.ku
05283,Tooba,2018-12-17,Sekolah.ku
05284,Chamique,2021-01-05,Sekolah.ku
05285,Jametra,2018-11-10,Sekolah.ku
05286,Rosalind,2019-06-07,Karier.ku
05287,Fedelina,2019-09-30,Karier.ku
05288,Daneil,2020-07-27,Sekolah.ku
05289,Anjeliett,2019-07-16,Sekolah.ku
05290,Solstice,2022-01-31,Karier.ku
05291,Nalana,2021-04-29,Sekolah.ku
05292,Sarala,2022-03-23,Sekolah.ku
05293,Bernda,2019-10-12,Sekolah.ku
05294,Diontae,2020-08-17,Karier.ku
05295,Kannyn,2021-01-05,Sekolah.ku
05296,Dejarae,2020-07-21,Sekolah.ku
05297,Sandrea,2022-04-05,Sekolah.ku
05298,Janaka,2018-11-27,Sekolah.ku
05299,Nikesha,2019-05-19,Sekolah.ku
05300,Rilo,2020-08-05,Sekolah.ku
05301,Shiley,2021-08-29,Sekolah.ku
05302,Jurel,2021-11-02,Karier.ku
05303,Tonaya,2019-01-18,Karier.ku
05304,Dementrius,2021-02-21,Sekolah.ku
05305,Danieljames,2021-09-27,Sekolah.ku
05306,Arkita,2018-12-01,Karier.ku
05307,Zorie,2018-06-07,Karier.ku
05308,Adreyan,2020-05-27,Karier.ku
05309,Gerrilyn,2021-10-09,Sekolah.ku
05310,Dalores,2020-01-17,Karier.ku
05311,Sabriana,2021-06-07,Sekolah.ku
05312,Tchalla,2018-11-25,Sekolah.ku
05313,Sahej,2020-06-03,Karier.ku
05314,Ulys,2020-10-22,Karier.ku
05315,Joseguadalupe,2018-06-19,Sekolah.ku
05316,Taliea,2020-06-05,Karier.ku
05317,Sherby,2020-10-05,Sekolah.ku
05318,Durand,2020-03-31,Sekolah.ku
05319,Akiyra,2021-01-25,Sekolah.ku
05320,Adleigh,2018-07-26,Sekolah.ku
05321,Dlaney,2022-02-25,Sekolah.ku
05322,Coalton,2022-04-01,Karier.ku
05323,Jearldine,2020-07-05,Karier.ku
05324,Ayron,2020-09-04,Karier.ku
05325,Tryell,2022-02-26,Karier.ku
05326,Terrial,2019-01-18,Karier.ku
05327,Breella,2019-02-05,Sekolah.ku
05328,Jeraldyn,2018-08-31,Karier.ku
05329,Daiza,2019-12-04,Karier.ku
05330,Johnjack,2022-01-29,Sekolah.ku
05331,Rajab,2021-09-25,Sekolah.ku
05332,Daqwan,2019-02-24,Sekolah.ku
05333,Haniah,2018-08-25,Sekolah.ku
05334,Kartyr,2019-03-23,Karier.ku
05335,Driver,2021-10-27,Sekolah.ku
05336,Shiven,2018-10-04,Karier.ku
05337,Isata,2021-11-10,Sekolah.ku
05338,Shamorrow,2021-12-21,Karier.ku
05339,Shacarla,2021-11-13,Karier.ku
05340,Piffany,2021-11-14,Karier.ku
05341,Terrilee,2018-06-14,Sekolah.ku
05342,Shiraz,2018-09-09,Karier.ku
05343,Raynelle,2018-05-28,Sekolah.ku
05344,Roderiquez,2021-11-16,Sekolah.ku
05345,Jalpa,2019-02-28,Sekolah.ku
05346,Boey,2018-09-16,Karier.ku
05347,Oladele,2021-11-06,Sekolah.ku
05348,Jamonta,2020-09-17,Sekolah.ku
05349,Pennie,2020-08-18,Sekolah.ku
05350,Analys,2019-02-10,Sekolah.ku
05351,Tonda,2021-09-20,Sekolah.ku
05352,Keric,2019-08-22,Sekolah.ku
05353,Jameriya,2019-03-31,Sekolah.ku
05354,Laquarius,2021-07-08,Karier.ku
05355,Arien,2020-09-06,Karier.ku
05356,Avondre,2019-08-16,Karier.ku
05357,Jadiana,2020-12-19,Karier.ku
05358,Quentisha,2022-05-17,Sekolah.ku
05359,Esperanza,2018-07-14,Sekolah.ku
05360,Arthemise,2021-11-15,Sekolah.ku
05361,Kester,2019-11-10,Sekolah.ku
05362,Frika,2021-03-28,Sekolah.ku
05363,Suzelle,2018-11-08,Sekolah.ku
05364,Trilba,2021-01-22,Sekolah.ku
05365,Casadee,2018-09-22,Karier.ku
05366,Ritha,2019-09-15,Sekolah.ku
05367,Solmari,2020-11-04,Sekolah.ku
05368,Sanjan,2021-04-28,Sekolah.ku
05369,Aubria,2018-08-19,Sekolah.ku
05370,Sharree,2019-05-26,Karier.ku
05371,Codey,2022-03-20,Sekolah.ku
05372,Lavin,2019-05-22,Sekolah.ku
05373,Enzley,2018-11-28,Sekolah.ku
05374,Jaemin,2021-10-01,Sekolah.ku
05375,Betteann,2022-01-26,Karier.ku
05376,Vivika,2018-10-18,Sekolah.ku
05377,Gabryl,2019-05-03,Sekolah.ku
05378,Keeno,2021-04-17,Sekolah.ku
05379,Darl,2020-04-28,Sekolah.ku
05380,Jerimia,2020-10-10,Sekolah.ku
05381,Chamelle,2018-04-30,Karier.ku
05382,Jaidden,2020-10-19,Karier.ku
05383,Samai,2019-03-20,Karier.ku
05384,Saevion,2020-11-02,Karier.ku
05385,Avyaan,2020-06-27,Sekolah.ku
05386,Meshawn,2019-07-15,Karier.ku
05387,Hildebrando,2019-01-10,Sekolah.ku
05388,Kemare,2021-05-26,Sekolah.ku
05389,Gladystine,2020-08-05,Sekolah.ku
05390,Javia,2019-02-19,Sekolah.ku
05391,Yandry,2019-08-06,Karier.ku
05392,Cemiyah,2018-11-05,Sekolah.ku
05393,Mattison,2020-07-31,Sekolah.ku
05394,Zanaya,2020-08-14,Karier.ku
05395,Gemia,2020-08-16,Sekolah.ku
05396,Edmere,2018-06-21,Sekolah.ku
05397,Shinese,2020-12-10,Karier.ku
05398,Ivaan,2020-09-26,Karier.ku
05399,Alynn,2020-03-17,Karier.ku
05400,Duchess,2021-01-02,Sekolah.ku
05401,Makaih,2019-05-04,Karier.ku
05402,Addsion,2019-11-08,Karier.ku
05403,Syanna,2020-03-07,Sekolah.ku
05404,Graylen,2019-04-05,Sekolah.ku
05405,Fishel,2020-06-30,Sekolah.ku
05406,Mohanad,2020-03-12,Sekolah.ku
05407,Maksen,2021-04-06,Karier.ku
05408,Breccan,2020-08-17,Sekolah.ku
05409,Ettamae,2018-05-24,Karier.ku
05410,Bevis,2019-03-29,Sekolah.ku
05411,Glendia,2020-07-13,Sekolah.ku
05412,Shakeita,2018-10-06,Karier.ku
05413,Deep,2021-03-30,Karier.ku
05414,Glema,2019-12-03,Karier.ku
05415,Shawntee,2018-10-20,Sekolah.ku
05416,Milahn,2022-03-13,Karier.ku
05417,Lilley,2021-04-21,Sekolah.ku
05418,Dhyan,2020-09-03,Sekolah.ku
05419,Analiya,2018-10-24,Karier.ku
05420,Trupti,2021-06-20,Karier.ku
05421,Jovonda,2018-10-11,Karier.ku
05422,Shenan,2018-12-22,Sekolah.ku
05423,Raenee,2018-11-22,Sekolah.ku
05424,Dayshon,2021-08-29,Sekolah.ku
05425,Stefany,2021-06-02,Sekolah.ku
05426,Layth,2019-05-22,Sekolah.ku
05427,Youness,2020-05-08,Sekolah.ku
05428,Kyong,2021-02-24,Sekolah.ku
05429,Britttany,2020-03-24,Sekolah.ku
05430,Zahmaria,2020-05-02,Sekolah.ku
05431,Leyonna,2018-11-29,Sekolah.ku
05432,Charneshia,2020-06-10,Sekolah.ku
05433,Jadereon,2019-12-30,Sekolah.ku
05434,Mertin,2022-04-01,Karier.ku
05435,Raniya,2018-07-24,Sekolah.ku
05436,Makelah,2021-01-31,Karier.ku
05437,Dezirea,2019-02-19,Sekolah.ku
05438,Arlesia,2019-01-26,Sekolah.ku
05439,Mitsuki,2021-11-01,Sekolah.ku
05440,Lennetta,2019-06-07,Karier.ku
05441,Deryn,2021-01-27,Sekolah.ku
05442,Sayaka,2020-03-09,Sekolah.ku
05443,Annaleigh,2018-07-17,Sekolah.ku
05444,Miecislaus,2020-05-05,Karier.ku
05445,Alizea,2022-03-04,Sekolah.ku
05446,Sameerah,2019-05-06,Karier.ku
05447,Sharmeka,2021-07-16,Sekolah.ku
05448,Donquarius,2021-04-05,Sekolah.ku
05449,Kemarri,2022-03-11,Karier.ku
05450,Jennavicia,2019-09-05,Sekolah.ku
05451,Rozan,2021-09-28,Karier.ku
05452,Ilyne,2021-04-29,Sekolah.ku
05453,Mareesa,2020-12-01,Sekolah.ku
05454,Rithy,2022-01-15,Karier.ku
05455,Leelynd,2020-03-23,Sekolah.ku
05456,Arbutus,2021-08-17,Sekolah.ku
05457,Gaige,2019-11-30,Karier.ku
05458,Alfonson,2018-09-17,Sekolah.ku
05459,Ariiana,2021-04-13,Sekolah.ku
05460,Oleita,2019-10-29,Karier.ku
05461,Steely,2020-09-10,Karier.ku
05462,Tanai,2022-05-18,Karier.ku
05463,Ediberto,2021-01-04,Karier.ku
05464,Tyreke,2020-10-06,Karier.ku
05465,Bosco,2020-01-06,Sekolah.ku
05466,Keduse,2021-06-28,Sekolah.ku
05467,Murdoc,2018-12-25,Sekolah.ku
05468,Condra,2018-04-21,Sekolah.ku
05469,Kaliannah,2018-07-22,Sekolah.ku
05470,Serani,2019-07-02,Sekolah.ku
05471,Norah,2019-06-13,Sekolah.ku
05472,Shamiqua,2018-10-17,Sekolah.ku
05473,Neima,2019-03-17,Sekolah.ku
05474,Kingjames,2021-02-11,Sekolah.ku
05475,Laekyn,2019-04-12,Sekolah.ku
05476,Hopeton,2020-05-13,Sekolah.ku
05477,Takeichi,2021-05-06,Sekolah.ku
05478,Chairty,2019-09-21,Karier.ku
05479,Annamarie,2018-09-28,Sekolah.ku
05480,Dazlynn,2020-08-17,Sekolah.ku
05481,Joniah,2018-12-17,Sekolah.ku
05482,Ashonta,2020-06-04,Sekolah.ku
05483,Monica,2018-09-16,Sekolah.ku
05484,Jaidi,2020-07-22,Sekolah.ku
05485,Martine,2019-03-04,Sekolah.ku
05486,Jazma,2022-04-10,Sekolah.ku
05487,Amaiya,2021-03-07,Karier.ku
05488,Devante,2019-09-05,Sekolah.ku
05489,Shunterria,2022-03-02,Sekolah.ku
05490,Ernesto,2019-12-16,Sekolah.ku
05491,Saladin,2021-01-02,Karier.ku
05492,Deserey,2019-06-30,Sekolah.ku
05493,Nattiel,2022-02-10,Karier.ku
05494,Jerdean,2021-03-09,Sekolah.ku
05495,Anayi,2020-05-24,Karier.ku
05496,Marijayne,2019-11-19,Sekolah.ku
05497,Takhi,2021-02-11,Sekolah.ku
05498,Heavenleigh,2018-04-22,Sekolah.ku
05499,Yelonda,2018-05-07,Sekolah.ku
05500,Zanelle,2020-03-01,Karier.ku
05501,Raylenn,2021-06-16,Sekolah.ku
05502,Deshaune,2018-10-19,Karier.ku
05503,Dilyla,2019-10-28,Karier.ku
05504,Tahlor,2022-04-04,Sekolah.ku
05505,Yair,2021-12-05,Sekolah.ku
05506,Rosilyn,2020-12-20,Karier.ku
05507,Regory,2019-06-10,Sekolah.ku
05508,Laima,2018-11-09,Karier.ku
05509,Welcome,2019-01-25,Karier.ku
05510,Adhley,2019-05-20,Karier.ku
05511,Dylam,2019-09-05,Sekolah.ku
05512,Tiny,2022-01-17,Sekolah.ku
05513,Antwion,2019-08-15,Sekolah.ku
05514,Mansell,2018-07-16,Sekolah.ku
05515,Ramen,2021-03-17,Karier.ku
05516,Shivang,2021-09-27,Sekolah.ku
05517,Sathvika,2018-11-29,Karier.ku
05518,Milisa,2019-10-29,Sekolah.ku
05519,Whitnee,2020-12-21,Sekolah.ku
05520,Tomyra,2019-08-09,Sekolah.ku
05521,Nikkitta,2020-04-26,Sekolah.ku
05522,Kaviya,2018-05-20,Karier.ku
05523,Floria,2021-11-26,Sekolah.ku
05524,Mashunda,2020-04-27,Karier.ku
05525,Tekisha,2018-08-11,Karier.ku
05526,Laysa,2021-08-08,Karier.ku
05527,Brayan,2020-04-27,Sekolah.ku
05528,Josaiah,2019-04-22,Sekolah.ku
05529,Annsleigh,2019-09-06,Sekolah.ku
05530,Wiltz,2019-05-01,Sekolah.ku
05531,Lakaiya,2018-05-13,Sekolah.ku
05532,Chavas,2020-09-29,Karier.ku
05533,Kaitlynne,2021-04-28,Sekolah.ku
05534,Maizey,2020-10-03,Karier.ku
05535,Esai,2021-01-11,Karier.ku
05536,Yaslyn,2021-11-06,Sekolah.ku
05537,Rowene,2019-01-09,Sekolah.ku
05538,Naydeli,2020-03-01,Karier.ku
05539,Brandace,2018-11-02,Sekolah.ku
05540,Jaidence,2019-07-20,Karier.ku
05541,Yazan,2020-11-07,Sekolah.ku
05542,Tangee,2022-03-11,Karier.ku
05543,Nazya,2020-10-02,Sekolah.ku
05544,Ledora,2022-03-20,Sekolah.ku
05545,Avaani,2020-11-21,Sekolah.ku
05546,Darnae,2018-06-05,Sekolah.ku
05547,Clarrissa,2019-06-27,Sekolah.ku
05548,Bobette,2020-04-17,Sekolah.ku
05549,Nikida,2020-10-14,Sekolah.ku
05550,Auline,2021-10-12,Karier.ku
05551,Paola,2020-02-27,Sekolah.ku
05552,Chrisitan,2021-07-18,Karier.ku
05553,Zaryah,2020-08-26,Sekolah.ku
05554,Damier,2018-04-15,Sekolah.ku
05555,Brodney,2021-05-15,Sekolah.ku
05556,Meklit,2019-05-08,Sekolah.ku
05557,Miryan,2021-01-22,Sekolah.ku
05558,Bellarae,2020-02-05,Karier.ku
05559,Craigory,2020-05-20,Karier.ku
05560,Quavious,2022-05-03,Sekolah.ku
05561,Jayven,2018-11-16,Karier.ku
05562,Demaree,2022-04-27,Karier.ku
05563,Jayliani,2021-11-04,Sekolah.ku
05564,Samtha,2018-04-17,Sekolah.ku
05565,Caellum,2019-03-26,Karier.ku
05566,Kimbie,2019-10-07,Sekolah.ku
05567,Cosandra,2018-11-13,Sekolah.ku
05568,Arahi,2020-03-30,Sekolah.ku
05569,Najila,2018-07-26,Sekolah.ku
05570,Jorja,2018-11-13,Sekolah.ku
05571,Elaheh,2022-02-28,Sekolah.ku
05572,Zoja,2019-06-19,Sekolah.ku
05573,Towan,2018-11-29,Sekolah.ku
05574,Midhuna,2018-08-26,Sekolah.ku
05575,Taneca,2019-04-18,Sekolah.ku
05576,Qualyn,2021-09-13,Sekolah.ku
05577,Ariena,2022-01-21,Sekolah.ku
05578,Cherryann,2019-06-21,Sekolah.ku
05579,Romunda,2019-10-01,Karier.ku
05580,Cesar,2018-12-24,Karier.ku
05581,Simote,2022-02-14,Sekolah.ku
05582,Khaleil,2019-10-04,Karier.ku
05583,Cameron,2021-12-23,Sekolah.ku
05584,Jayvean,2020-03-02,Sekolah.ku
05585,Aarya,2021-10-27,Sekolah.ku
05586,Rajanee,2018-09-12,Sekolah.ku
05587,Rylenn,2020-03-14,Sekolah.ku
05588,Kadeidra,2020-04-30,Sekolah.ku
05589,Marieanne,2020-10-06,Karier.ku
05590,Mancil,2020-06-26,Karier.ku
05591,Abdulmalik,2021-12-14,Karier.ku
05592,Sarajo,2019-10-12,Karier.ku
05593,Sophya,2019-09-12,Sekolah.ku
05594,Rougui,2019-12-13,Sekolah.ku
05595,Sita,2020-10-26,Sekolah.ku
05596,Zayceon,2019-03-17,Sekolah.ku
05597,Deisi,2020-07-29,Sekolah.ku
05598,Kasen,2022-04-01,Sekolah.ku
05599,Lerlean,2019-06-26,Sekolah.ku
05600,Billi,2020-07-12,Karier.ku
05601,Jawayne,2020-09-10,Sekolah.ku
05602,Quayshawn,2019-01-06,Karier.ku
05603,Ashirah,2020-03-19,Karier.ku
05604,Yacir,2021-01-09,Sekolah.ku
05605,Cylas,2019-04-02,Sekolah.ku
05606,Lendsey,2018-08-04,Karier.ku
05607,Aldahir,2020-10-29,Karier.ku
05608,Natricia,2018-10-16,Sekolah.ku
05609,Odalyz,2021-09-17,Sekolah.ku
05610,Aayanna,2021-09-01,Karier.ku
05611,Tiffanymarie,2020-05-12,Sekolah.ku
05612,Tequia,2019-11-29,Karier.ku
05613,Ganesh,2019-02-25,Sekolah.ku
05614,Shantel,2019-05-07,Sekolah.ku
05615,Barker,2019-01-02,Sekolah.ku
05616,Katielyn,2018-11-28,Karier.ku
05617,Tonicia,2021-04-24,Sekolah.ku
05618,Jareal,2019-03-08,Sekolah.ku
05619,Aletse,2018-09-14,Karier.ku
05620,Wilhem,2019-07-10,Sekolah.ku
05621,Stefane,2018-08-07,Sekolah.ku
05622,Lameeka,2020-08-15,Karier.ku
05623,Arayana,2018-07-21,Karier.ku
05624,Quamane,2020-03-08,Sekolah.ku
05625,Tashiana,2019-05-29,Karier.ku
05626,Aurieona,2019-09-26,Sekolah.ku
05627,Tejus,2019-11-02,Sekolah.ku
05628,Fajr,2018-05-28,Karier.ku
05629,Samarpreet,2021-05-17,Sekolah.ku
05630,Jsutin,2019-09-20,Sekolah.ku
05631,Anhelica,2018-12-14,Sekolah.ku
05632,Samwise,2020-01-24,Karier.ku
05633,Enari,2021-01-04,Sekolah.ku
05634,Maomi,2021-12-17,Karier.ku
05635,Yomari,2022-04-19,Karier.ku
05636,Jamilliah,2019-06-27,Karier.ku
05637,Joris,2021-04-28,Sekolah.ku
05638,Shillae,2021-05-06,Karier.ku
05639,Takima,2020-04-20,Karier.ku
05640,Talae,2020-11-25,Karier.ku
05641,Evangelina,2018-11-03,Karier.ku
05642,Tevez,2019-09-22,Sekolah.ku
05643,Rupert,2020-08-29,Karier.ku
05644,Abey,2021-10-01,Sekolah.ku
05645,Olawale,2020-06-09,Sekolah.ku
05646,Taramarie,2022-04-19,Sekolah.ku
05647,Geore,2018-07-30,Sekolah.ku
05648,Aurel,2020-04-17,Karier.ku
05649,Bahia,2019-01-27,Sekolah.ku
05650,Chrystina,2019-09-17,Sekolah.ku
05651,Sarath,2019-08-25,Sekolah.ku
05652,Makinnah,2018-09-09,Karier.ku
05653,Freddick,2019-04-07,Sekolah.ku
05654,Darnelle,2019-08-23,Sekolah.ku
05655,Leonilda,2021-06-13,Karier.ku
05656,Riona,2018-10-31,Sekolah.ku
05657,Idalyz,2019-06-16,Sekolah.ku
05658,Chadijah,2019-01-18,Sekolah.ku
05659,Ramia,2018-12-10,Sekolah.ku
05660,Krisheena,2020-01-27,Karier.ku
05661,Jayeda,2018-06-08,Sekolah.ku
05662,Stephina,2021-07-02,Sekolah.ku
05663,Zenaiya,2020-09-25,Sekolah.ku
05664,Skyye,2020-02-03,Sekolah.ku
05665,Ginny,2019-03-30,Sekolah.ku
05666,Myanah,2019-05-02,Sekolah.ku
05667,Alyvia,2019-07-17,Karier.ku
05668,Jasonlee,2022-02-27,Karier.ku
05669,Chrystelle,2020-02-06,Sekolah.ku
05670,Arpad,2021-10-31,Sekolah.ku
05671,Miyako,2019-12-01,Karier.ku
05672,Johnaton,2020-08-02,Sekolah.ku
05673,Colyer,2021-09-04,Karier.ku
05674,Mossimo,2018-08-30,Sekolah.ku
05675,Dequincy,2019-09-21,Karier.ku
05676,Kamsiyochi,2020-04-22,Karier.ku
05677,Dezrae,2019-04-18,Sekolah.ku
05678,Ryneisha,2018-04-19,Sekolah.ku
05679,Cashmir,2019-03-23,Karier.ku
05680,Evo,2019-12-19,Sekolah.ku
05681,Raichelle,2021-02-10,Sekolah.ku
05682,Carliyah,2018-09-22,Sekolah.ku
05683,Donneisha,2020-06-18,Sekolah.ku
05684,Adriauna,2019-11-15,Karier.ku
05685,Aidrianna,2018-04-24,Sekolah.ku
05686,Ladarren,2022-03-06,Sekolah.ku
05687,Yaritzel,2022-04-14,Sekolah.ku
05688,Branoon,2021-11-18,Karier.ku
05689,Dshanti,2020-10-29,Karier.ku
05690,Drexton,2021-04-12,Sekolah.ku
05691,Cevanna,2021-12-25,Karier.ku
05692,Jeslee,2020-11-18,Sekolah.ku
05693,Nazavier,2018-12-01,Sekolah.ku
05694,Edrick,2022-05-09,Sekolah.ku
05695,Murlyn,2021-03-31,Sekolah.ku
05696,Fayette,2019-03-21,Karier.ku
05697,Antwaine,2019-07-23,Sekolah.ku
05698,Dazja,2018-07-02,Karier.ku
05699,Mirissa,2020-08-07,Sekolah.ku
05700,Solmayra,2020-01-08,Sekolah.ku
05701,Patiance,2021-12-13,Sekolah.ku
05702,Karelis,2020-02-21,Sekolah.ku
05703,Dillan,2019-07-19,Sekolah.ku
05704,Ashayla,2022-05-07,Sekolah.ku
05705,Kervins,2022-01-12,Sekolah.ku
05706,Maddalena,2021-05-30,Sekolah.ku
05707,Jahya,2019-04-13,Sekolah.ku
05708,Suzetta,2020-07-31,Karier.ku
05709,Zooey,2019-08-15,Karier.ku
05710,Deb,2019-06-30,Sekolah.ku
05711,Milah,2021-05-20,Sekolah.ku
05712,Ieshea,2022-04-12,Sekolah.ku
05713,Latrise,2021-04-30,Sekolah.ku
05714,Shaghayegh,2021-09-01,Sekolah.ku
05715,Jenaia,2020-05-30,Sekolah.ku
05716,Donahue,2020-11-20,Sekolah.ku
05717,Lyrika,2019-09-18,Sekolah.ku
05718,Resham,2018-06-23,Karier.ku
05719,Jamaka,2018-05-17,Sekolah.ku
05720,Narayani,2020-04-19,Sekolah.ku
05721,Traquez,2020-10-16,Sekolah.ku
05722,Wheeler,2020-09-12,Sekolah.ku
05723,Myna,2018-04-12,Karier.ku
05724,Braelen,2020-04-19,Sekolah.ku
05725,Jaegar,2019-06-18,Sekolah.ku
05726,Yeicob,2020-06-18,Sekolah.ku
05727,Hasina,2018-06-26,Sekolah.ku
05728,Hanzalah,2020-07-06,Sekolah.ku
05729,Emyiah,2018-11-24,Sekolah.ku
05730,Richards,2018-09-02,Karier.ku
05731,Shye,2021-03-30,Sekolah.ku
05732,Christoher,2021-02-13,Sekolah.ku
05733,Jaycek,2018-07-28,Karier.ku
05734,Braedon,2019-06-28,Sekolah.ku
05735,Carvis,2018-12-14,Sekolah.ku
05736,Jazlina,2021-08-02,Sekolah.ku
05737,Cassiana,2020-06-13,Sekolah.ku
05738,Khou,2022-02-20,Sekolah.ku
05739,Reneta,2021-07-26,Karier.ku
05740,Tyriel,2020-09-21,Karier.ku
05741,Mckinleigh,2019-05-04,Sekolah.ku
05742,Fiala,2018-07-07,Karier.ku
05743,Zyheem,2021-03-13,Sekolah.ku
05744,Carmeisha,2019-05-23,Sekolah.ku
05745,Trishalana,2021-09-21,Karier.ku
05746,Keyra,2020-11-04,Sekolah.ku
05747,Daegan,2020-10-10,Sekolah.ku
05748,Tau,2021-02-24,Sekolah.ku
05749,Sibel,2020-12-01,Sekolah.ku
05750,Nyle,2020-05-19,Sekolah.ku
05751,Brashaun,2018-11-14,Sekolah.ku
05752,Christof,2018-09-17,Sekolah.ku
05753,Moctezuma,2018-10-04,Sekolah.ku
05754,Mikali,2018-07-02,Karier.ku
05755,Aimee,2020-02-01,Sekolah.ku
05756,Amariae,2022-01-21,Sekolah.ku
05757,Xsavion,2020-06-19,Sekolah.ku
05758,Jurnei,2020-11-25,Sekolah.ku
05759,Anatolia,2019-03-12,Karier.ku
05760,Melynna,2021-11-09,Sekolah.ku
05761,Kahmyra,2022-05-09,Karier.ku
05762,Deago,2018-05-03,Karier.ku
05763,Aaryn,2018-08-14,Sekolah.ku
05764,Doha,2019-12-20,Sekolah.ku
05765,Jeaden,2018-10-02,Sekolah.ku
05766,Bevely,2020-04-30,Sekolah.ku
05767,Kiley,2018-09-21,Sekolah.ku
05768,Moiz,2019-08-02,Karier.ku
05769,Seanan,2019-08-05,Sekolah.ku
05770,Paskel,2020-03-18,Sekolah.ku
05771,Jakelin,2019-06-03,Karier.ku
05772,Wright,2022-02-18,Sekolah.ku
05773,Nacy,2020-01-17,Sekolah.ku
05774,Shawona,2021-12-15,Sekolah.ku
05775,Syvella,2021-05-28,Sekolah.ku
05776,Brookly,2020-07-27,Sekolah.ku
05777,Lionel,2021-04-23,Karier.ku
05778,Geneiva,2021-10-28,Sekolah.ku
05779,Meryl,2018-11-13,Karier.ku
05780,Jordache,2021-09-08,Sekolah.ku
05781,Nata,2021-01-13,Sekolah.ku
05782,Scheherazade,2021-05-14,Karier.ku
05783,Mitra,2018-10-25,Karier.ku
05784,Chasteline,2018-06-28,Sekolah.ku
05785,Yeidan,2020-06-24,Karier.ku
05786,Desiyah,2020-08-15,Sekolah.ku
05787,Angeljesus,2020-07-17,Karier.ku
05788,Joniyah,2019-07-03,Sekolah.ku
05789,Erza,2019-01-13,Sekolah.ku
05790,Tirus,2021-09-21,Karier.ku
05791,Safiya,2019-09-17,Karier.ku
05792,Azalynn,2021-05-16,Sekolah.ku
05793,Yna,2020-07-06,Sekolah.ku
05794,Orell,2018-12-13,Karier.ku
05795,Amiriya,2019-02-27,Karier.ku
05796,Nickiyah,2018-09-07,Sekolah.ku
05797,Daxten,2019-03-29,Sekolah.ku
05798,Hailo,2021-04-22,Karier.ku
05799,Caprina,2021-07-12,Karier.ku
05800,Irmalee,2021-11-24,Karier.ku
05801,Romal,2018-04-23,Karier.ku
05802,Chadman,2022-03-21,Karier.ku
05803,Camacho,2020-02-16,Sekolah.ku
05804,Syrita,2021-07-17,Sekolah.ku
05805,Taryne,2019-07-31,Sekolah.ku
05806,Gesselle,2020-02-04,Sekolah.ku
05807,Leandre,2020-07-14,Karier.ku
05808,Sheraton,2021-06-14,Karier.ku
05809,Aalayiah,2019-01-21,Sekolah.ku
05810,Birchel,2018-07-09,Karier.ku
05811,Suniyah,2019-06-06,Karier.ku
05812,Calloway,2019-11-16,Karier.ku
05813,Gillen,2020-03-16,Sekolah.ku
05814,Ephrata,2021-09-17,Sekolah.ku
05815,Legolas,2021-08-23,Sekolah.ku
05816,Zsophia,2019-02-26,Karier.ku
05817,Lakesiha,2020-09-11,Sekolah.ku
05818,Belah,2019-05-30,Karier.ku
05819,Brosnan,2020-08-19,Sekolah.ku
05820,Graceann,2022-04-04,Sekolah.ku
05821,Petie,2021-12-09,Sekolah.ku
05822,Casha,2020-01-02,Sekolah.ku
05823,Lakesa,2021-02-08,Sekolah.ku
05824,Yoon,2021-03-22,Sekolah.ku
05825,Merrilyn,2022-02-05,Karier.ku
05826,Julixa,2018-12-24,Sekolah.ku
05827,Bruke,2022-01-20,Sekolah.ku
05828,Lorrainne,2019-05-22,Sekolah.ku
05829,Sajata,2022-03-19,Karier.ku
05830,Sibylla,2019-12-12,Sekolah.ku
05831,Maudean,2020-03-27,Sekolah.ku
05832,Tamike,2018-07-17,Sekolah.ku
05833,Mariques,2022-04-30,Sekolah.ku
05834,Jazper,2021-12-04,Karier.ku
05835,Ghina,2021-11-09,Sekolah.ku
05836,Merline,2020-02-02,Karier.ku
05837,Meliza,2021-03-30,Sekolah.ku
05838,Tymir,2021-11-02,Sekolah.ku
05839,Dazzlyn,2022-05-17,Sekolah.ku
05840,Nyasiah,2020-07-26,Sekolah.ku
05841,Tamy,2020-08-10,Karier.ku
05842,Maiha,2020-11-25,Sekolah.ku
05843,Tarini,2020-04-28,Karier.ku
05844,Amista,2018-11-16,Sekolah.ku
05845,Bellaann,2018-07-15,Karier.ku
05846,Krimsyn,2022-04-12,Sekolah.ku
05847,Tynique,2021-07-10,Karier.ku
05848,Anahii,2019-01-09,Sekolah.ku
05849,Halaya,2021-04-25,Sekolah.ku
05850,Vernisa,2019-01-09,Sekolah.ku
05851,Heavynn,2021-10-15,Sekolah.ku
05852,Uel,2020-07-19,Karier.ku
05853,Ridah,2018-11-17,Sekolah.ku
05854,Endiyah,2021-09-22,Sekolah.ku
05855,Lauris,2019-08-22,Sekolah.ku
05856,Austynn,2021-03-06,Karier.ku
05857,Lillee,2019-01-01,Sekolah.ku
05858,Floral,2021-05-01,Karier.ku
05859,Danniell,2022-02-28,Sekolah.ku
05860,Tawnjai,2018-05-13,Karier.ku
05861,Kellar,2021-09-14,Karier.ku
05862,Delmon,2020-11-15,Sekolah.ku
05863,Alliana,2019-05-30,Karier.ku
05864,Mackenson,2019-04-04,Sekolah.ku
05865,Lailarose,2019-04-29,Sekolah.ku
05866,Chave,2020-08-27,Sekolah.ku
05867,Leannah,2022-01-31,Sekolah.ku
05868,Hansley,2022-05-20,Sekolah.ku
05869,Nolawi,2019-03-22,Sekolah.ku
05870,Marlia,2019-06-11,Karier.ku
05871,Afsa,2019-02-05,Sekolah.ku
05872,Temkia,2018-04-27,Sekolah.ku
05873,Nikeesha,2020-11-30,Sekolah.ku
05874,Sophieanne,2019-01-02,Sekolah.ku
05875,Johnvictor,2019-02-16,Sekolah.ku
05876,Jessimae,2021-05-27,Sekolah.ku
05877,Olie,2019-10-17,Sekolah.ku
05878,Paticia,2019-10-23,Karier.ku
05879,Graclyn,2021-11-30,Sekolah.ku
05880,Zelle,2018-08-05,Karier.ku
05881,Jontaye,2019-12-05,Sekolah.ku
05882,Leamarie,2019-08-15,Karier.ku
05883,Kriselda,2018-05-15,Sekolah.ku
05884,Charise,2022-01-14,Karier.ku
05885,Jerrett,2018-12-25,Karier.ku
05886,Tynesia,2022-02-26,Sekolah.ku
05887,Horacio,2021-06-16,Sekolah.ku
05888,Jaymes,2021-12-18,Karier.ku
05889,Tralyn,2020-07-09,Sekolah.ku
05890,Skyli,2018-06-03,Karier.ku
05891,Fairen,2019-08-04,Sekolah.ku
05892,Adain,2022-03-21,Sekolah.ku
05893,Cubie,2020-05-20,Sekolah.ku
05894,Rasaun,2018-08-07,Karier.ku
05895,Joshlin,2021-04-01,Sekolah.ku
05896,Jadaija,2020-04-04,Sekolah.ku
05897,Aizlynn,2019-11-29,Sekolah.ku
05898,Siene,2020-10-23,Sekolah.ku
05899,Riansh,2019-08-12,Karier.ku
05900,Lynnzie,2018-09-27,Sekolah.ku
05901,Caraleigh,2020-06-13,Sekolah.ku
05902,Arnetha,2019-04-11,Karier.ku
05903,Genner,2022-01-30,Sekolah.ku
05904,Sherianne,2020-06-28,Sekolah.ku
05905,Azarriah,2022-02-25,Karier.ku
05906,Samariah,2021-07-20,Sekolah.ku
05907,Aundra,2020-10-05,Sekolah.ku
05908,Teeka,2020-09-13,Sekolah.ku
05909,Cheng,2020-04-16,Sekolah.ku
05910,Larreon,2019-01-17,Sekolah.ku
05911,Johntel,2018-05-13,Sekolah.ku
05912,Kianah,2021-10-17,Karier.ku
05913,Kamrynne,2022-04-28,Sekolah.ku
05914,Marthann,2018-09-01,Sekolah.ku
05915,Cyre,2019-09-05,Karier.ku
05916,Parris,2020-12-15,Karier.ku
05917,Ladana,2022-02-06,Sekolah.ku
05918,Emiterio,2020-01-17,Sekolah.ku
05919,Brynlynn,2021-09-12,Sekolah.ku
05920,Dalia,2020-01-01,Sekolah.ku
05921,Tenneill,2019-01-03,Sekolah.ku
05922,Balam,2022-01-07,Sekolah.ku
05923,Jeffon,2022-01-26,Karier.ku
05924,Takyla,2018-11-16,Sekolah.ku
05925,Keymoni,2022-02-14,Karier.ku
05926,Azhia,2019-01-12,Sekolah.ku
05927,Thayer,2021-08-23,Karier.ku
05928,Kolt,2021-08-12,Sekolah.ku
05929,Quevin,2021-04-12,Sekolah.ku
05930,Lucymarie,2021-01-05,Karier.ku
05931,Emmariah,2021-10-16,Sekolah.ku
05932,Vianay,2021-02-24,Sekolah.ku
05933,Olavi,2022-05-18,Sekolah.ku
05934,Sybastian,2021-11-28,Sekolah.ku
05935,Zamarious,2022-05-17,Karier.ku
05936,Aaraya,2018-08-20,Sekolah.ku
05937,Walfrid,2022-04-26,Karier.ku
05938,Yuvonne,2021-06-03,Karier.ku
05939,Majesta,2021-07-03,Karier.ku
05940,Camillo,2018-09-26,Karier.ku
05941,Eiden,2020-02-29,Sekolah.ku
05942,Adar,2018-10-11,Karier.ku
05943,Robertta,2018-12-17,Karier.ku
05944,Kender,2018-05-30,Sekolah.ku
05945,Neesa,2018-05-11,Karier.ku
05946,Earthel,2021-07-19,Sekolah.ku
05947,Miata,2021-06-10,Sekolah.ku
05948,Shellby,2020-06-22,Sekolah.ku
05949,Jenrry,2018-07-26,Sekolah.ku
05950,Trinity,2021-08-30,Karier.ku
05951,Dartha,2022-01-17,Sekolah.ku
05952,Taelin,2019-03-10,Sekolah.ku
05953,Ariyanna,2018-04-27,Sekolah.ku
05954,Breneshia,2021-02-03,Sekolah.ku
05955,Hoda,2018-06-28,Sekolah.ku
05956,Jacquel,2021-10-22,Sekolah.ku
05957,Malessa,2021-06-22,Karier.ku
05958,Claudya,2020-11-07,Sekolah.ku
05959,Korrey,2019-05-14,Karier.ku
05960,Malekai,2019-10-27,Sekolah.ku
05961,Yuto,2018-08-24,Sekolah.ku
05962,Neleah,2020-05-09,Sekolah.ku
05963,Johnie,2022-03-06,Sekolah.ku
05964,Evontae,2019-10-31,Karier.ku
05965,Keeara,2022-01-07,Sekolah.ku
05966,Ryat,2020-01-19,Sekolah.ku
05967,Sklyer,2020-09-25,Karier.ku
05968,Leteshia,2020-01-31,Sekolah.ku
05969,Atari,2020-06-19,Karier.ku
05970,Imagine,2019-03-10,Karier.ku
05971,Rosalynda,2018-12-28,Sekolah.ku
05972,Maevry,2018-10-06,Karier.ku
05973,Thoms,2019-04-01,Sekolah.ku
05974,Presilla,2020-03-19,Sekolah.ku
05975,Daisja,2019-04-18,Sekolah.ku
05976,Oriya,2020-07-05,Sekolah.ku
05977,Shariece,2022-02-03,Sekolah.ku
05978,Arwin,2020-03-02,Sekolah.ku
05979,Loice,2021-11-13,Sekolah.ku
05980,Krischan,2018-12-12,Sekolah.ku
05981,Joneric,2022-04-07,Sekolah.ku
05982,Cheyeanne,2020-12-10,Karier.ku
05983,Destenee,2019-11-18,Sekolah.ku
05984,Conny,2021-10-12,Sekolah.ku
05985,Printis,2021-03-09,Karier.ku
05986,Juanalberto,2018-07-01,Karier.ku
05987,Kamario,2020-11-15,Sekolah.ku
05988,Alilia,2018-05-05,Sekolah.ku
05989,Cheral,2021-03-28,Sekolah.ku
05990,Chelena,2020-07-28,Karier.ku
05991,Cloteal,2018-10-30,Sekolah.ku
05992,Yarizmar,2022-05-06,Karier.ku
05993,Londonrose,2018-07-31,Karier.ku
05994,Catrin,2018-11-18,Sekolah.ku
05995,Bocephus,2021-01-16,Karier.ku
05996,Zhaiden,2020-09-11,Sekolah.ku
05997,Denyla,2021-02-27,Karier.ku
05998,Mayel,2021-03-20,Karier.ku
05999,Esabel,2022-04-23,Sekolah.ku
06000,Maicon,2021-01-10,Sekolah.ku
06001,Eidy,2020-05-23,Karier.ku
06002,Abeal,2018-07-30,Sekolah.ku
06003,Lennyn,2021-11-10,Sekolah.ku
06004,Ishmil,2018-09-23,Karier.ku
06005,Cerena,2019-07-26,Karier.ku
06006,Sanora,2020-02-06,Karier.ku
06007,Montrez,2021-04-13,Sekolah.ku
06008,Markette,2020-04-22,Karier.ku
06009,Ciasia,2022-01-31,Sekolah.ku
06010,Alexandira,2019-10-14,Karier.ku
06011,Jaceton,2018-06-10,Karier.ku
06012,Samarie,2021-07-31,Sekolah.ku
06013,Joplin,2018-09-08,Sekolah.ku
06014,Cian,2022-04-08,Karier.ku
06015,Evvie,2020-02-12,Karier.ku
06016,Kallon,2019-06-18,Sekolah.ku
06017,Pari,2022-01-29,Sekolah.ku
06018,Lekeysha,2018-12-06,Karier.ku
06019,Amica,2018-10-06,Sekolah.ku
06020,Valleri,2019-01-20,Sekolah.ku
06021,Roneil,2020-04-25,Karier.ku
06022,Liva,2019-06-04,Karier.ku
06023,Moxley,2019-03-18,Sekolah.ku
06024,Jerret,2019-01-15,Sekolah.ku
06025,Delexis,2020-10-20,Sekolah.ku
06026,Giany,2019-06-19,Sekolah.ku
06027,Evaggelia,2021-01-08,Sekolah.ku
06028,Karrina,2020-04-23,Sekolah.ku
06029,Sirkka,2018-09-30,Sekolah.ku
06030,Elianagrace,2020-12-16,Sekolah.ku
06031,Lindse,2020-01-19,Sekolah.ku
06032,Delvecchio,2021-03-16,Sekolah.ku
06033,Nayef,2021-07-22,Sekolah.ku
06034,Mckinley,2019-05-17,Karier.ku
06035,Korion,2018-07-22,Sekolah.ku
06036,Kaustav,2021-04-01,Karier.ku
06037,Emerii,2021-12-11,Karier.ku
06038,Mukarram,2021-08-25,Sekolah.ku
06039,Azai,2020-10-17,Sekolah.ku
06040,Amando,2019-06-22,Karier.ku
06041,Caesar,2019-01-20,Karier.ku
06042,Ricke,2018-07-28,Sekolah.ku
06043,Parker,2020-02-26,Sekolah.ku
06044,Gwenn,2020-10-09,Sekolah.ku
06045,Decklen,2021-01-30,Karier.ku
06046,Devlen,2018-06-25,Karier.ku
06047,Dallis,2018-07-28,Sekolah.ku
06048,Sennett,2019-08-06,Sekolah.ku
06049,Damaurion,2019-12-31,Karier.ku
06050,Lanavia,2018-05-13,Karier.ku
06051,Kahlina,2022-03-08,Sekolah.ku
06052,Sanjeet,2019-09-07,Sekolah.ku
06053,Aadin,2020-04-17,Sekolah.ku
06054,Nicolino,2022-04-11,Sekolah.ku
06055,Leelu,2018-10-29,Sekolah.ku
06056,Teirney,2020-04-21,Sekolah.ku
06057,Rylene,2021-08-25,Sekolah.ku
06058,Alymuhammad,2018-06-27,Karier.ku
06059,Lacee,2020-07-28,Sekolah.ku
06060,Eschol,2021-07-31,Sekolah.ku
06061,Heydy,2021-04-23,Sekolah.ku
06062,Kiaura,2021-12-28,Sekolah.ku
06063,Kayleighann,2020-04-24,Karier.ku
06064,Leavon,2019-07-03,Sekolah.ku
06065,Julya,2019-06-12,Sekolah.ku
06066,Tyric,2019-01-07,Sekolah.ku
06067,Magavi,2020-01-25,Sekolah.ku
06068,Talazia,2020-04-08,Sekolah.ku
06069,Genovieve,2021-02-28,Sekolah.ku
06070,Emiliya,2019-10-29,Sekolah.ku
06071,Verneda,2019-10-27,Sekolah.ku
06072,Makenzii,2021-09-02,Sekolah.ku
06073,Marcous,2019-07-15,Karier.ku
06074,Zyanah,2018-05-27,Sekolah.ku
06075,Cahner,2021-08-16,Sekolah.ku
06076,Kryston,2021-08-06,Karier.ku
06077,Merrik,2018-04-19,Sekolah.ku
06078,Emerson,2020-01-25,Karier.ku
06079,Lelie,2021-03-16,Sekolah.ku
06080,Aariketh,2019-01-16,Sekolah.ku
06081,Jlea,2022-01-20,Karier.ku
06082,Jakevia,2021-11-16,Karier.ku
06083,Cossette,2022-03-18,Sekolah.ku
06084,Shymel,2021-08-14,Sekolah.ku
06085,Neyland,2020-01-09,Karier.ku
06086,Amabelle,2018-11-26,Sekolah.ku
06087,Cyanna,2019-12-13,Sekolah.ku
06088,Lynal,2022-04-19,Karier.ku
06089,Sidak,2019-09-07,Sekolah.ku
06090,Sabion,2018-08-16,Karier.ku
06091,Mavourneen,2019-04-30,Sekolah.ku
06092,Tavalas,2021-02-24,Karier.ku
06093,Arriyana,2019-03-26,Sekolah.ku
06094,Maialen,2021-09-20,Sekolah.ku
06095,Shanely,2022-03-29,Sekolah.ku
06096,Naioma,2021-07-02,Sekolah.ku
06097,Jaimari,2019-11-25,Sekolah.ku
06098,Jazae,2019-09-26,Sekolah.ku
06099,Jamisyn,2019-12-21,Karier.ku
06100,Chastie,2018-04-30,Sekolah.ku
06101,Naydelin,2020-06-16,Sekolah.ku
06102,Lemmy,2021-06-19,Sekolah.ku
06103,Tonicka,2018-06-27,Karier.ku
06104,Lakim,2021-12-16,Sekolah.ku
06105,Valentinna,2020-07-15,Sekolah.ku
06106,Toshina,2020-05-03,Sekolah.ku
06107,Iosif,2020-04-01,Sekolah.ku
06108,Zamyria,2022-05-12,Sekolah.ku
06109,Zadarius,2018-12-09,Karier.ku
06110,Armetrice,2020-04-09,Sekolah.ku
06111,Kaylub,2019-04-13,Sekolah.ku
06112,Anuhya,2020-09-19,Sekolah.ku
06113,Kaikane,2020-11-04,Karier.ku
06114,Khadeem,2018-05-20,Karier.ku
06115,Rovilla,2018-09-29,Sekolah.ku
06116,Glennwood,2019-09-19,Sekolah.ku
06117,Latrecia,2022-03-09,Sekolah.ku
06118,Vivaan,2019-09-19,Karier.ku
06119,Tapatha,2020-01-30,Sekolah.ku
06120,Kosuke,2022-02-09,Sekolah.ku
06121,Andrius,2019-05-06,Sekolah.ku
06122,Mariyam,2020-10-17,Sekolah.ku
06123,Floya,2020-07-01,Sekolah.ku
06124,Aieshia,2022-01-26,Sekolah.ku
06125,Berteal,2020-05-28,Sekolah.ku
06126,Torivio,2018-06-21,Karier.ku
06127,Nevine,2021-03-11,Sekolah.ku
06128,Aleiza,2019-01-29,Karier.ku
06129,Kelie,2020-10-11,Sekolah.ku
06130,Generosa,2019-01-21,Karier.ku
06131,Caytie,2020-03-05,Sekolah.ku
06132,Shauntavious,2021-04-16,Sekolah.ku
06133,Deniya,2019-11-06,Sekolah.ku
06134,Karlena,2019-05-04,Karier.ku
06135,Tashekia,2018-06-18,Karier.ku
06136,Cameka,2018-11-04,Karier.ku
06137,Veena,2020-01-25,Karier.ku
06138,Tanisa,2021-10-16,Sekolah.ku
06139,Ziare,2021-11-01,Karier.ku
06140,Jesusa,2018-06-14,Karier.ku
06141,Awab,2019-06-25,Karier.ku
06142,Takyia,2019-02-11,Sekolah.ku
06143,Jolayne,2019-07-24,Sekolah.ku
06144,Annalyss,2019-08-16,Sekolah.ku
06145,Khameron,2022-01-13,Sekolah.ku
06146,Derringer,2021-04-28,Karier.ku
06147,Huldia,2020-02-10,Karier.ku
06148,Royalene,2018-07-29,Sekolah.ku
06149,Zenus,2019-02-11,Sekolah.ku
06150,Aisen,2020-01-17,Karier.ku
06151,Decarter,2019-11-12,Karier.ku
06152,Epsie,2018-06-30,Sekolah.ku
06153,Bartholome,2019-08-19,Sekolah.ku
06154,Mcgwire,2018-07-01,Karier.ku
06155,Brynzlee,2022-03-13,Sekolah.ku
06156,Almo,2018-12-13,Sekolah.ku
06157,Cassanda,2021-07-13,Sekolah.ku
06158,Amsi,2022-02-21,Karier.ku
06159,Armanti,2020-02-08,Karier.ku
06160,Trekwan,2021-08-17,Sekolah.ku
06161,Nerriah,2020-10-07,Sekolah.ku
06162,Chari,2020-04-28,Sekolah.ku
06163,Marielena,2022-03-16,Sekolah.ku
06164,Slyvester,2020-04-04,Sekolah.ku
06165,Darrick,2021-07-27,Sekolah.ku
06166,Yelixa,2018-07-27,Sekolah.ku
06167,Beathrice,2020-10-13,Karier.ku
06168,Soumil,2022-04-25,Sekolah.ku
06169,Ebelia,2021-02-25,Sekolah.ku
06170,Kinsey,2019-12-26,Sekolah.ku
06171,Kadden,2019-06-23,Sekolah.ku
06172,Polett,2018-12-01,Karier.ku
06173,Chaunice,2022-04-30,Sekolah.ku
06174,Temesgen,2019-02-12,Sekolah.ku
06175,Geshia,2019-07-31,Sekolah.ku
06176,Askia,2021-08-24,Sekolah.ku
06177,Xsavier,2020-08-15,Sekolah.ku
06178,Hughey,2021-12-21,Karier.ku
06179,Dreana,2019-06-16,Sekolah.ku
06180,Jorgi,2019-03-02,Sekolah.ku
06181,Constantino,2020-11-02,Sekolah.ku
06182,Claudia,2020-02-08,Karier.ku
06183,Carlyn,2019-04-29,Sekolah.ku
06184,Teniah,2022-03-15,Sekolah.ku
06185,Krystofer,2020-08-25,Sekolah.ku
06186,Elford,2020-01-12,Karier.ku
06187,Emyleigh,2019-05-17,Sekolah.ku
06188,Shawdae,2018-06-19,Sekolah.ku
06189,Elizaida,2021-08-16,Sekolah.ku
06190,Niran,2020-08-03,Sekolah.ku
06191,Cristyna,2020-03-17,Sekolah.ku
06192,Malicia,2022-04-21,Sekolah.ku
06193,Widad,2018-06-09,Sekolah.ku
06194,Saudi,2021-02-11,Karier.ku
06195,Tilford,2019-04-21,Sekolah.ku
06196,Elizeo,2020-05-09,Sekolah.ku
06197,Hatina,2022-03-19,Karier.ku
06198,Burchel,2018-11-22,Karier.ku
06199,Isaira,2018-11-06,Sekolah.ku
06200,Khalise,2018-11-28,Sekolah.ku
06201,Kashmere,2021-05-26,Sekolah.ku
06202,Yitel,2020-07-31,Sekolah.ku
06203,Morgana,2018-08-12,Sekolah.ku
06204,Tamiah,2022-05-10,Sekolah.ku
06205,Jeanmarie,2021-12-13,Sekolah.ku
06206,Boyden,2019-02-20,Sekolah.ku
06207,Aissa,2020-10-06,Sekolah.ku
06208,Thoedore,2018-04-26,Sekolah.ku
06209,Luka,2019-06-12,Karier.ku
06210,Solee,2019-11-14,Karier.ku
06211,Keleah,2022-02-26,Sekolah.ku
06212,Krislynn,2020-03-15,Sekolah.ku
06213,Anela,2020-01-07,Karier.ku
06214,Kirtis,2019-09-08,Karier.ku
06215,Baby,2021-12-31,Sekolah.ku
06216,Jarryd,2021-07-19,Karier.ku
06217,Kanta,2020-12-16,Karier.ku
06218,Wednesday,2020-10-27,Karier.ku
06219,Giamarie,2020-07-29,Sekolah.ku
06220,Calib,2019-04-15,Sekolah.ku
06221,Jakeil,2021-09-24,Karier.ku
06222,Kiandre,2019-01-02,Karier.ku
06223,Tylayah,2021-09-26,Sekolah.ku
06224,Xinyu,2020-07-18,Karier.ku
06225,Marvins,2018-12-17,Karier.ku
06226,Salvina,2019-11-30,Karier.ku
06227,Davynn,2018-08-19,Karier.ku
06228,Alexsus,2020-09-21,Karier.ku
06229,Diondra,2022-04-23,Sekolah.ku
06230,Alula,2020-12-15,Sekolah.ku
06231,Lezah,2022-01-01,Sekolah.ku
06232,Ethanjames,2021-05-22,Sekolah.ku
06233,Dazie,2019-02-26,Karier.ku
06234,Marja,2018-11-15,Sekolah.ku
06235,Sieara,2020-11-28,Sekolah.ku
06236,Napua,2020-02-16,Sekolah.ku
06237,Carrey,2021-12-24,Sekolah.ku
06238,Jeneen,2018-05-02,Karier.ku
06239,Mckensley,2021-02-13,Sekolah.ku
06240,Treon,2019-08-01,Karier.ku
06241,Karlise,2018-08-20,Karier.ku
06242,Evanell,2021-06-25,Karier.ku
06243,Tiawanna,2020-01-29,Karier.ku
06244,Shametria,2019-10-29,Karier.ku
06245,Ylanda,2021-11-06,Karier.ku
06246,Kievan,2021-07-22,Sekolah.ku
06247,Kyliana,2019-07-15,Sekolah.ku
06248,Jaslene,2018-06-09,Sekolah.ku
06249,Ajax,2019-10-15,Karier.ku
06250,Kaisee,2020-05-17,Sekolah.ku
06251,Shuichi,2020-11-11,Sekolah.ku
06252,Jaevin,2019-06-08,Sekolah.ku
06253,Mackinzie,2021-12-27,Sekolah.ku
06254,Kiyler,2022-01-10,Sekolah.ku
06255,Gustas,2019-04-01,Sekolah.ku
06256,Pual,2020-03-12,Sekolah.ku
06257,Alsace,2020-06-29,Karier.ku
06258,Syrenna,2019-10-06,Karier.ku
06259,Alyson,2021-02-15,Sekolah.ku
06260,Allita,2018-11-24,Karier.ku
06261,Thonda,2022-02-21,Sekolah.ku
06262,Teyla,2020-06-23,Sekolah.ku
06263,Nanie,2018-06-10,Sekolah.ku
06264,Nataniah,2021-02-19,Sekolah.ku
06265,Keltie,2020-12-16,Sekolah.ku
06266,Tamzen,2021-06-03,Karier.ku
06267,Raissa,2021-02-02,Sekolah.ku
06268,Aleysha,2018-11-26,Sekolah.ku
06269,Anguel,2019-10-11,Sekolah.ku
06270,Penisimani,2019-08-05,Karier.ku
06271,Joenell,2019-04-14,Sekolah.ku
06272,Korden,2022-04-14,Sekolah.ku
06273,Lafonzo,2018-05-19,Sekolah.ku
06274,Terico,2022-02-22,Sekolah.ku
06275,Juane,2021-05-29,Sekolah.ku
06276,Frances,2019-12-04,Sekolah.ku
06277,Alexanderia,2019-01-30,Sekolah.ku
06278,Joynae,2020-04-19,Sekolah.ku
06279,Savaya,2022-01-08,Sekolah.ku
06280,Fortunate,2019-04-24,Karier.ku
06281,Evera,2020-10-15,Sekolah.ku
06282,Alixa,2021-04-09,Sekolah.ku
06283,Lyman,2020-08-04,Sekolah.ku
06284,Brytne,2020-04-20,Sekolah.ku
06285,Kimm,2022-02-04,Sekolah.ku
06286,Marvela,2021-04-16,Karier.ku
06287,Laten,2018-05-16,Sekolah.ku
06288,Azleigh,2018-08-14,Karier.ku
06289,Dadra,2018-07-05,Sekolah.ku
06290,Maty,2020-08-16,Karier.ku
06291,Meyosha,2021-07-20,Karier.ku
06292,Serynity,2021-02-24,Sekolah.ku
06293,Sanea,2019-06-03,Karier.ku
06294,Alexeia,2019-09-10,Sekolah.ku
06295,Ketha,2018-10-09,Sekolah.ku
06296,Annakate,2021-12-16,Karier.ku
06297,Philomen,2021-08-06,Sekolah.ku
06298,Maryangel,2022-02-08,Sekolah.ku
06299,Envi,2020-08-22,Sekolah.ku
06300,Tiamara,2020-02-28,Karier.ku
06301,Kymorra,2020-10-25,Karier.ku
06302,Edword,2022-01-30,Karier.ku
06303,Dimetra,2021-07-08,Sekolah.ku
06304,Taidyn,2018-09-02,Sekolah.ku
06305,Cathaline,2021-04-03,Karier.ku
06306,Alexaundra,2022-01-02,Karier.ku
06307,Levity,2018-07-26,Sekolah.ku
06308,Rosaliz,2018-07-20,Sekolah.ku
06309,Karmah,2021-08-29,Sekolah.ku
06310,Syiere,2020-05-29,Sekolah.ku
06311,Annanya,2022-01-06,Karier.ku
06312,Yiyang,2020-11-20,Sekolah.ku
06313,Omeed,2022-01-10,Sekolah.ku
06314,Ladrea,2019-10-13,Sekolah.ku
06315,Kesleigh,2018-06-30,Karier.ku
06316,Heathr,2019-04-11,Sekolah.ku
06317,Autry,2020-06-20,Sekolah.ku
06318,Radiah,2018-07-25,Sekolah.ku
06319,Daishon,2018-07-09,Sekolah.ku
06320,Keonne,2019-10-17,Sekolah.ku
06321,Chigozirim,2021-05-25,Karier.ku
06322,Azjon,2021-06-24,Sekolah.ku
06323,Clee,2022-03-09,Karier.ku
06324,Jerith,2019-06-27,Sekolah.ku
06325,Elisey,2021-10-07,Karier.ku
06326,Jasenya,2020-07-23,Karier.ku
06327,Emeris,2019-12-01,Karier.ku
06328,Cathlena,2020-08-09,Sekolah.ku
06329,Rhealyn,2022-04-18,Sekolah.ku
06330,Valdon,2021-07-13,Sekolah.ku
06331,Demontrez,2019-11-04,Sekolah.ku
06332,Masin,2019-02-08,Karier.ku
06333,Kalah,2020-01-30,Sekolah.ku
06334,Amvi,2021-06-22,Karier.ku
06335,Apryll,2018-05-28,Karier.ku
06336,Nourah,2020-04-17,Sekolah.ku
06337,Braydee,2020-04-20,Karier.ku
06338,Wavie,2020-08-11,Sekolah.ku
06339,Talayah,2018-08-25,Sekolah.ku
06340,Knolan,2018-05-13,Sekolah.ku
06341,Tasheana,2020-02-04,Karier.ku
06342,Cameria,2021-02-12,Karier.ku
06343,Roneal,2021-02-21,Sekolah.ku
06344,Ilze,2018-12-10,Karier.ku
06345,Delcy,2020-02-06,Karier.ku
06346,Lann,2021-12-08,Sekolah.ku
06347,Henley,2019-01-18,Karier.ku
06348,Krishay,2018-09-11,Karier.ku
06349,Marva,2019-10-09,Karier.ku
06350,Maysaa,2022-02-21,Karier.ku
06351,Flavious,2019-12-18,Sekolah.ku
06352,Trystian,2019-06-20,Sekolah.ku
06353,Torre,2019-08-03,Sekolah.ku
06354,Tena,2018-10-21,Karier.ku
06355,Recie,2019-10-28,Karier.ku
06356,Brya,2018-11-16,Sekolah.ku
06357,Jadamarie,2019-04-05,Karier.ku
06358,Ailynn,2021-10-31,Karier.ku
06359,Avyonna,2022-05-11,Sekolah.ku
06360,Deane,2022-02-28,Sekolah.ku
06361,Arlton,2018-05-07,Sekolah.ku
06362,Kassidy,2018-11-21,Karier.ku
06363,Toshiharu,2021-12-19,Karier.ku
06364,Ronaya,2022-02-16,Sekolah.ku
06365,Kamyiah,2021-12-21,Sekolah.ku
06366,Apolonio,2020-01-12,Sekolah.ku
06367,Yaindhy,2020-01-28,Sekolah.ku
06368,Onye,2019-10-06,Karier.ku
06369,Yurani,2018-07-07,Sekolah.ku
06370,Hermance,2019-08-02,Sekolah.ku
06371,Strickland,2021-03-29,Sekolah.ku
06372,Sayer,2020-07-30,Sekolah.ku
06373,Dmyah,2019-08-22,Sekolah.ku
06374,Mackinzi,2019-06-30,Sekolah.ku
06375,Liany,2019-08-26,Sekolah.ku
06376,Tahirih,2020-08-06,Karier.ku
06377,Zitlalli,2019-06-13,Sekolah.ku
06378,Rikhil,2018-05-20,Sekolah.ku
06379,Pettus,2018-07-14,Sekolah.ku
06380,Haripriya,2020-10-06,Sekolah.ku
06381,Rema,2022-04-08,Karier.ku
06382,Shadajah,2021-10-06,Karier.ku
06383,Aba,2020-05-20,Sekolah.ku
06384,Madiline,2020-11-13,Karier.ku
06385,Nikkos,2018-06-14,Sekolah.ku
06386,Marvic,2019-12-21,Sekolah.ku
06387,Ellwyn,2021-12-23,Sekolah.ku
06388,Virgnia,2021-04-22,Karier.ku
06389,Jeshaun,2020-10-20,Karier.ku
06390,Makaliah,2018-11-11,Sekolah.ku
06391,Azlin,2018-09-14,Karier.ku
06392,Cayli,2020-05-07,Sekolah.ku
06393,Ernstine,2018-05-03,Karier.ku
06394,Leticha,2018-07-14,Sekolah.ku
06395,Tranae,2019-11-20,Karier.ku
06396,Tinie,2021-08-19,Karier.ku
06397,Bera,2021-03-13,Sekolah.ku
06398,Charika,2022-05-06,Karier.ku
06399,Jionny,2018-12-27,Sekolah.ku
06400,Potter,2022-03-05,Karier.ku
06401,Isahi,2022-03-21,Karier.ku
06402,Neidi,2021-04-04,Sekolah.ku
06403,Malette,2019-05-15,Sekolah.ku
06404,Kimatha,2022-01-01,Sekolah.ku
06405,Janeice,2020-02-24,Sekolah.ku
06406,Britini,2021-02-07,Karier.ku
06407,Stephani,2021-09-23,Sekolah.ku
06408,Ratan,2018-10-05,Sekolah.ku
06409,Sayden,2021-02-23,Karier.ku
06410,Lynnly,2019-12-15,Sekolah.ku
06411,Emmit,2018-12-17,Karier.ku
06412,Obediah,2019-02-05,Sekolah.ku
06413,Zoriana,2019-04-11,Sekolah.ku
06414,Mi,2020-06-12,Sekolah.ku
06415,Alverta,2019-01-20,Sekolah.ku
06416,Krystianna,2018-10-13,Karier.ku
06417,Umbert,2019-12-15,Sekolah.ku
06418,Silvan,2021-08-26,Sekolah.ku
06419,Brainard,2018-06-26,Sekolah.ku
06420,Gicell,2020-09-13,Karier.ku
06421,Tangela,2022-05-11,Karier.ku
06422,Zaedin,2021-05-15,Sekolah.ku
06423,Tomio,2020-03-06,Sekolah.ku
06424,Orenthial,2019-07-09,Karier.ku
06425,Keshawndra,2019-02-27,Sekolah.ku
06426,Gianfranco,2020-08-10,Sekolah.ku
06427,Wandell,2018-07-18,Sekolah.ku
06428,Canace,2021-11-28,Karier.ku
06429,Naiym,2021-08-03,Karier.ku
06430,Adya,2020-03-20,Karier.ku
06431,Chrystiana,2020-10-22,Sekolah.ku
06432,Shamiah,2019-01-10,Sekolah.ku
06433,Montese,2021-07-19,Karier.ku
06434,Rajae,2018-11-18,Sekolah.ku
06435,Emonni,2019-05-18,Sekolah.ku
06436,Kharlie,2020-08-09,Karier.ku
06437,Chennelle,2021-10-23,Sekolah.ku
06438,Aubreyann,2020-03-01,Sekolah.ku
06439,Jenrri,2019-08-01,Sekolah.ku
06440,Ilea,2020-06-14,Karier.ku
06441,Taze,2021-05-20,Sekolah.ku
06442,Seviah,2019-03-25,Karier.ku
06443,Nikeea,2018-08-07,Sekolah.ku
06444,Alten,2020-02-13,Sekolah.ku
06445,Serrena,2020-09-22,Karier.ku
06446,Leneisha,2021-03-26,Sekolah.ku
06447,Tyreak,2018-07-06,Sekolah.ku
06448,Shalima,2020-11-21,Sekolah.ku
06449,Anndi,2019-01-23,Karier.ku
06450,Macilynn,2018-08-15,Karier.ku
06451,Kemon,2019-11-20,Sekolah.ku
06452,Seymour,2019-07-04,Sekolah.ku
06453,Launa,2020-12-10,Sekolah.ku
06454,Juventino,2021-05-07,Sekolah.ku
06455,Rawn,2019-02-13,Karier.ku
06456,Ebben,2019-12-24,Sekolah.ku
06457,Tomeko,2022-01-19,Karier.ku
06458,Alfy,2020-09-26,Karier.ku
06459,Elissabeth,2021-07-23,Karier.ku
06460,Jonethen,2018-09-30,Karier.ku
06461,Uldene,2020-09-03,Sekolah.ku
06462,Pattii,2021-11-09,Karier.ku
06463,Ariyani,2018-11-20,Sekolah.ku
06464,Sou,2018-07-06,Sekolah.ku
06465,Dakeem,2020-08-02,Sekolah.ku
06466,Arminda,2019-06-12,Sekolah.ku
06467,Lainie,2019-05-21,Sekolah.ku
06468,Success,2018-08-04,Sekolah.ku
06469,Nadia,2019-08-09,Sekolah.ku
06470,Maged,2020-04-15,Karier.ku
06471,Chrysti,2018-11-22,Sekolah.ku
06472,Sheikha,2020-12-03,Karier.ku
06473,Darrisha,2018-08-21,Karier.ku
06474,Claudette,2020-07-11,Sekolah.ku
06475,Javieon,2018-05-15,Sekolah.ku
06476,Deztinee,2022-02-15,Karier.ku
06477,Bimbo,2019-06-12,Sekolah.ku
06478,Keaven,2018-09-01,Sekolah.ku
06479,Thalita,2019-12-11,Sekolah.ku
06480,Mowgli,2020-05-05,Sekolah.ku
06481,Learon,2018-11-05,Sekolah.ku
06482,Brandarius,2021-03-03,Karier.ku
06483,Alliah,2018-11-16,Karier.ku
06484,Khamon,2019-04-25,Karier.ku
06485,Isaac,2021-08-21,Sekolah.ku
06486,Talbott,2019-01-04,Karier.ku
06487,Lothrop,2018-06-30,Karier.ku
06488,Iszabella,2019-05-22,Sekolah.ku
06489,Aijha,2021-11-02,Sekolah.ku
06490,Sadae,2020-11-26,Karier.ku
06491,Lajla,2022-01-31,Sekolah.ku
06492,Shabrie,2022-01-27,Sekolah.ku
06493,Tonna,2019-06-12,Sekolah.ku
06494,Carolynn,2018-09-24,Karier.ku
06495,Malysa,2022-04-28,Sekolah.ku
06496,Yeferson,2019-05-09,Sekolah.ku
06497,Zariana,2022-05-18,Sekolah.ku
06498,Evorn,2019-01-18,Sekolah.ku
06499,Camello,2018-05-29,Sekolah.ku
06500,Allissia,2020-03-08,Sekolah.ku
06501,Ashir,2019-07-31,Karier.ku
06502,Imogin,2021-11-22,Sekolah.ku
06503,Dione,2020-04-11,Karier.ku
06504,Mystical,2020-11-15,Karier.ku
06505,Ples,2021-09-29,Karier.ku
06506,Brisseida,2020-03-06,Sekolah.ku
06507,Acura,2018-08-02,Karier.ku
06508,Nikka,2021-01-02,Sekolah.ku
06509,Kolter,2018-10-21,Sekolah.ku
06510,Emogene,2021-06-27,Sekolah.ku
06511,Ricarda,2020-03-25,Karier.ku
06512,Dionisio,2018-09-04,Karier.ku
06513,Dineisha,2020-06-26,Sekolah.ku
06514,Jesseca,2021-03-14,Sekolah.ku
06515,Orvell,2021-02-19,Sekolah.ku
06516,Doree,2021-06-21,Karier.ku
06517,Dayanera,2018-07-19,Karier.ku
06518,Finneus,2021-03-17,Karier.ku
06519,Unnamed,2019-11-26,Sekolah.ku
06520,Ojay,2022-03-30,Karier.ku
06521,Tresia,2019-07-07,Sekolah.ku
06522,Brylie,2021-09-21,Sekolah.ku
06523,Deklin,2021-04-20,Sekolah.ku
06524,Daedra,2019-08-27,Karier.ku
06525,Jameson,2020-08-15,Karier.ku
06526,Synithia,2019-05-01,Sekolah.ku
06527,Lolla,2019-10-07,Sekolah.ku
06528,Jairen,2018-12-26,Sekolah.ku
06529,Eragon,2020-02-26,Sekolah.ku
06530,Keiner,2021-01-20,Sekolah.ku
06531,Mylinda,2018-09-30,Sekolah.ku
06532,Anjuan,2021-07-28,Karier.ku
06533,Krisily,2022-04-25,Sekolah.ku
06534,Sujal,2019-03-04,Karier.ku
06535,Alphus,2018-10-09,Sekolah.ku
06536,Eliabeth,2021-10-31,Sekolah.ku
06537,Annjanette,2020-07-07,Sekolah.ku
06538,Jaffar,2020-04-26,Sekolah.ku
06539,Luchious,2018-09-12,Karier.ku
06540,Laurelei,2020-11-02,Karier.ku
06541,Adalyn,2018-07-11,Sekolah.ku
06542,Tamyrah,2018-04-25,Sekolah.ku
06543,Markiyah,2019-06-16,Sekolah.ku
06544,Janera,2021-12-05,Sekolah.ku
06545,Aloa,2019-12-03,Sekolah.ku
06546,Leandra,2020-11-24,Sekolah.ku
06547,Baylon,2022-03-11,Karier.ku
06548,Samyr,2018-11-28,Sekolah.ku
06549,Tyquavius,2019-08-03,Karier.ku
06550,Chenel,2021-10-25,Karier.ku
06551,Manaswini,2018-05-07,Sekolah.ku
06552,Jadaiah,2018-07-28,Sekolah.ku
06553,Searl,2020-11-19,Sekolah.ku
06554,Mysia,2018-12-11,Karier.ku
06555,Doryan,2021-07-24,Sekolah.ku
06556,Arney,2020-09-30,Karier.ku
06557,Rosemaria,2018-07-01,Karier.ku
06558,Amalea,2019-02-09,Sekolah.ku
06559,Terah,2019-03-02,Karier.ku
06560,Majic,2021-02-12,Sekolah.ku
06561,Allannah,2020-04-06,Sekolah.ku
06562,Luie,2019-01-03,Sekolah.ku
06563,Jensine,2020-04-04,Sekolah.ku
06564,Dianamarie,2019-08-30,Sekolah.ku
06565,Joanmarie,2018-07-05,Karier.ku
06566,Cielle,2020-07-22,Sekolah.ku
06567,Carriana,2020-02-11,Sekolah.ku
06568,Majida,2020-09-09,Sekolah.ku
06569,Feryl,2020-05-21,Karier.ku
06570,Sevana,2020-06-04,Sekolah.ku
06571,Kennisha,2018-04-27,Karier.ku
06572,Gorje,2021-01-19,Karier.ku
06573,Peneloperose,2019-08-14,Karier.ku
06574,Micailah,2020-02-29,Karier.ku
06575,Lajeanne,2022-01-24,Sekolah.ku
06576,Vice,2019-10-05,Karier.ku
06577,Alya,2020-04-01,Sekolah.ku
06578,Oney,2019-11-26,Sekolah.ku
06579,Osmo,2019-01-01,Sekolah.ku
06580,Saiveon,2018-07-09,Sekolah.ku
06581,Nequila,2019-05-08,Sekolah.ku
06582,Mckenley,2020-07-15,Sekolah.ku
06583,Tomora,2022-03-26,Karier.ku
06584,Alathea,2020-08-14,Karier.ku
06585,Destoni,2022-04-28,Karier.ku
06586,Lakreshia,2020-05-11,Karier.ku
06587,Chad,2020-07-06,Karier.ku
06588,Iney,2021-08-28,Sekolah.ku
06589,Azyrah,2019-12-04,Sekolah.ku
06590,Ryahn,2021-08-24,Karier.ku
06591,Kiante,2018-05-19,Sekolah.ku
06592,Cherice,2022-05-04,Karier.ku
06593,Zacheus,2018-06-15,Sekolah.ku
06594,Theon,2018-05-09,Karier.ku
06595,Mitsuyoshi,2020-12-18,Karier.ku
06596,Logic,2018-06-27,Sekolah.ku
06597,Rhona,2021-07-27,Sekolah.ku
06598,Caytlyn,2019-01-19,Karier.ku
06599,Seeta,2019-07-15,Sekolah.ku
06600,Jenalee,2019-03-28,Sekolah.ku
06601,Catheleen,2021-10-06,Karier.ku
06602,Jeanae,2019-05-11,Sekolah.ku
06603,Lyndyn,2020-04-27,Karier.ku
06604,Lusio,2019-07-21,Karier.ku
06605,Pauleta,2022-05-08,Sekolah.ku
06606,Gathel,2018-08-25,Karier.ku
06607,Arsula,2020-09-16,Sekolah.ku
06608,Antia,2019-12-28,Sekolah.ku
06609,Lavergne,2020-05-30,Karier.ku
06610,Krisa,2020-01-17,Karier.ku
06611,Aiman,2020-01-17,Sekolah.ku
06612,Candas,2018-11-12,Sekolah.ku
06613,Teena,2020-11-01,Sekolah.ku
06614,Lafayette,2019-12-07,Sekolah.ku
06615,Kiyora,2021-12-31,Karier.ku
06616,Jahliya,2020-04-23,Sekolah.ku
06617,Natoya,2020-04-06,Sekolah.ku
06618,Anke,2022-04-19,Sekolah.ku
06619,Dakhia,2021-10-29,Sekolah.ku
06620,Lilianna,2019-02-20,Sekolah.ku
06621,Lille,2022-04-09,Karier.ku
06622,Peteris,2018-05-14,Sekolah.ku
06623,Keish,2021-12-28,Sekolah.ku
06624,Antavion,2020-03-12,Karier.ku
06625,Jadzia,2022-04-22,Sekolah.ku
06626,Hristine,2022-02-17,Sekolah.ku
06627,Songa,2022-04-03,Karier.ku
06628,Hollynn,2020-11-28,Sekolah.ku
06629,Renford,2018-10-06,Karier.ku
06630,Dalay,2022-03-30,Karier.ku
06631,Kanetha,2018-06-01,Sekolah.ku
06632,Dart,2020-04-15,Sekolah.ku
06633,Ulrick,2019-03-24,Karier.ku
06634,Wayde,2021-10-19,Karier.ku
06635,Add,2021-04-24,Sekolah.ku
06636,Skyyler,2018-07-28,Sekolah.ku
06637,Latifia,2018-09-12,Sekolah.ku
06638,Alexsondra,2020-06-12,Sekolah.ku
06639,Kahryn,2019-02-12,Sekolah.ku
06640,Annettie,2022-04-08,Sekolah.ku
06641,Corderial,2022-01-02,Sekolah.ku
06642,Marcangelo,2021-10-09,Karier.ku
06643,Demiya,2021-06-19,Karier.ku
06644,Devanand,2021-12-11,Sekolah.ku
06645,Pavi,2018-10-12,Sekolah.ku
06646,Rici,2022-03-13,Sekolah.ku
06647,Patina,2020-01-01,Sekolah.ku
06648,Brishen,2019-01-22,Sekolah.ku
06649,Ellisha,2019-06-07,Sekolah.ku
06650,Shepherd,2021-08-11,Sekolah.ku
06651,Mathyas,2021-05-29,Sekolah.ku
06652,Breanda,2021-02-24,Sekolah.ku
06653,Argeniz,2020-12-18,Sekolah.ku
06654,Kabri,2019-09-18,Karier.ku
06655,Youssef,2019-02-05,Karier.ku
06656,Anniston,2019-02-20,Karier.ku
06657,Jillene,2020-02-13,Sekolah.ku
06658,Tzirel,2018-09-15,Sekolah.ku
06659,Damyn,2019-09-06,Sekolah.ku
06660,Tynijah,2021-11-19,Karier.ku
06661,Jebron,2021-02-02,Sekolah.ku
06662,Avenly,2021-05-19,Sekolah.ku
06663,Maliza,2018-08-30,Sekolah.ku
06664,Xylie,2020-04-06,Karier.ku
06665,Santoria,2020-11-16,Sekolah.ku
06666,Brysonn,2018-09-28,Sekolah.ku
06667,Orielle,2021-06-24,Sekolah.ku
06668,Cloyce,2020-11-26,Sekolah.ku
06669,Clayton,2021-10-31,Sekolah.ku
06670,Oumie,2022-02-21,Karier.ku
06671,Kynsey,2018-06-04,Sekolah.ku
06672,Elanny,2021-06-24,Karier.ku
06673,Ellarine,2018-07-06,Sekolah.ku
06674,Davontai,2019-05-06,Karier.ku
06675,Sanjuana,2018-05-28,Sekolah.ku
06676,Iriana,2021-12-03,Karier.ku
06677,Nayara,2022-04-19,Sekolah.ku
06678,Hyden,2019-08-08,Karier.ku
06679,Janellie,2019-12-20,Sekolah.ku
06680,Aunisti,2019-02-04,Karier.ku
06681,Miami,2020-11-04,Sekolah.ku
06682,Stclair,2022-03-12,Sekolah.ku
06683,Oradell,2021-06-27,Sekolah.ku
06684,Blakeney,2019-06-02,Sekolah.ku
06685,Malanna,2020-01-05,Sekolah.ku
06686,Heleyna,2021-05-11,Sekolah.ku
06687,Lakiara,2018-11-06,Sekolah.ku
06688,Nichael,2018-04-28,Sekolah.ku
06689,Caidence,2021-07-26,Sekolah.ku
06690,Brycn,2020-05-22,Sekolah.ku
06691,Reshonda,2020-10-10,Sekolah.ku
06692,Seri,2021-10-13,Sekolah.ku
06693,Lynell,2020-06-03,Sekolah.ku
06694,Geneveve,2022-05-05,Karier.ku
06695,Arcadia,2019-04-17,Karier.ku
06696,Jarael,2022-03-28,Sekolah.ku
06697,Kcee,2020-04-06,Sekolah.ku
06698,Andrw,2020-04-19,Sekolah.ku
06699,Talajha,2020-09-09,Sekolah.ku
06700,Rosetta,2019-05-17,Karier.ku
06701,Ghali,2021-02-24,Karier.ku
06702,Abdalla,2019-10-04,Sekolah.ku
06703,Giovannie,2021-04-12,Sekolah.ku
06704,Penne,2018-11-14,Sekolah.ku
06705,Torrell,2019-09-16,Sekolah.ku
06706,Kyralynn,2020-09-30,Sekolah.ku
06707,Effa,2020-02-29,Sekolah.ku
06708,Westlee,2018-05-09,Karier.ku
06709,Jones,2021-02-24,Karier.ku
06710,Aymaan,2021-05-15,Sekolah.ku
06711,Jerona,2019-12-01,Sekolah.ku
06712,Diavionne,2020-04-09,Sekolah.ku
06713,Cleophes,2019-05-26,Sekolah.ku
06714,Dayde,2021-12-05,Karier.ku
06715,Priella,2019-04-14,Sekolah.ku
06716,Zayvier,2018-09-19,Sekolah.ku
06717,Aldean,2021-01-27,Sekolah.ku
06718,Peggylee,2018-09-13,Sekolah.ku
06719,Deniqua,2019-08-03,Karier.ku
06720,Shakeeta,2018-06-13,Sekolah.ku
06721,Aeona,2020-08-21,Karier.ku
06722,Anya,2019-05-10,Sekolah.ku
06723,Bry,2019-06-10,Karier.ku
06724,Meganelizabeth,2019-10-10,Karier.ku
06725,Aldea,2020-09-08,Sekolah.ku
06726,Shalai,2019-03-15,Karier.ku
06727,Kyten,2021-01-22,Karier.ku
06728,Daveed,2020-05-29,Sekolah.ku
06729,Bunie,2019-08-15,Sekolah.ku
06730,Germarion,2020-08-23,Sekolah.ku
06731,Annjelica,2018-08-24,Karier.ku
06732,Zianne,2021-07-12,Karier.ku
06733,Nestora,2019-08-13,Sekolah.ku
06734,Tunde,2020-05-08,Sekolah.ku
06735,Krisy,2022-05-04,Sekolah.ku
06736,Bekka,2018-09-26,Karier.ku
06737,Eudine,2018-12-12,Karier.ku
06738,Mikaeyla,2019-09-09,Karier.ku
06739,Marniqua,2018-10-05,Karier.ku
06740,Meaghen,2020-12-02,Sekolah.ku
06741,Judell,2019-11-06,Sekolah.ku
06742,Tiffni,2021-05-23,Karier.ku
06743,Shenelle,2019-10-04,Karier.ku
06744,Isal,2020-04-30,Karier.ku
06745,Tyneeka,2021-06-15,Sekolah.ku
06746,Heylen,2021-07-18,Sekolah.ku
06747,Canada,2021-06-14,Sekolah.ku
06748,Chaisty,2018-07-23,Karier.ku
06749,Aseneth,2021-09-15,Sekolah.ku
06750,Ramos,2022-01-13,Sekolah.ku
06751,Tafari,2019-12-26,Karier.ku
06752,Corban,2019-07-08,Sekolah.ku
06753,Kiril,2022-04-12,Sekolah.ku
06754,Deaundra,2020-09-24,Sekolah.ku
06755,Zadie,2022-04-09,Sekolah.ku
06756,Benjy,2021-11-17,Sekolah.ku
06757,Danice,2021-12-11,Karier.ku
06758,Hamida,2019-07-24,Sekolah.ku
06759,Lapresha,2021-11-19,Sekolah.ku
06760,Jamir,2019-10-27,Karier.ku
06761,Arbon,2022-01-12,Sekolah.ku
06762,Ramy,2020-10-23,Sekolah.ku
06763,Yana,2020-06-01,Karier.ku
06764,Khalil,2020-06-09,Sekolah.ku
06765,Everrett,2018-05-12,Karier.ku
06766,Poonam,2020-02-24,Karier.ku
06767,Bernal,2019-12-03,Sekolah.ku
06768,Abbiegail,2018-08-27,Sekolah.ku
06769,Davidjoseph,2021-05-03,Sekolah.ku
06770,Terrico,2018-11-22,Sekolah.ku
06771,Juliet,2021-11-13,Karier.ku
06772,Quenesha,2019-02-10,Sekolah.ku
06773,Emmylou,2022-04-15,Karier.ku
06774,Jamesyn,2018-09-11,Sekolah.ku
06775,Soraia,2019-01-10,Sekolah.ku
06776,Marelie,2018-11-11,Sekolah.ku
06777,Maquita,2018-09-05,Sekolah.ku
06778,Jaemi,2018-08-27,Sekolah.ku
06779,Assael,2020-07-03,Sekolah.ku
06780,Dolleen,2020-09-04,Sekolah.ku
06781,Kyan,2019-02-18,Karier.ku
06782,Ketsy,2020-10-30,Sekolah.ku
06783,Krista,2021-07-27,Karier.ku
06784,Averley,2020-02-01,Sekolah.ku
06785,Sharese,2018-07-23,Sekolah.ku
06786,Eliana,2020-08-09,Sekolah.ku
06787,Hadeer,2018-12-24,Sekolah.ku
06788,Bangaly,2021-02-26,Sekolah.ku
06789,Tullie,2021-02-02,Sekolah.ku
06790,Magaly,2018-12-29,Sekolah.ku
06791,Silvestre,2020-05-01,Sekolah.ku
06792,Kiesha,2021-10-10,Sekolah.ku
06793,Korey,2019-10-21,Sekolah.ku
06794,Garlene,2021-08-08,Sekolah.ku
06795,Danyiel,2018-10-23,Sekolah.ku
06796,Saaya,2018-04-19,Sekolah.ku
06797,Elija,2018-06-26,Sekolah.ku
06798,Sakima,2021-01-03,Sekolah.ku
06799,Aliyyah,2019-11-01,Sekolah.ku
06800,Daviere,2019-10-13,Sekolah.ku
06801,Yanxiel,2020-03-21,Karier.ku
06802,Tyjanea,2022-02-22,Sekolah.ku
06803,Galen,2020-07-19,Karier.ku
06804,Yaretsi,2020-12-18,Karier.ku
06805,Wezley,2018-08-22,Sekolah.ku
06806,Brekke,2021-10-27,Sekolah.ku
06807,Exzavier,2021-08-07,Karier.ku
06808,Kyden,2021-03-04,Sekolah.ku
06809,Phanta,2020-11-25,Sekolah.ku
06810,Farhaan,2021-06-14,Sekolah.ku
06811,Lorena,2022-03-19,Sekolah.ku
06812,Neeson,2018-11-21,Sekolah.ku
06813,Aadesh,2022-04-19,Karier.ku
06814,Rhiana,2020-01-18,Sekolah.ku
06815,Woodfin,2018-09-18,Sekolah.ku
06816,Fredricka,2019-11-05,Karier.ku
06817,Ileena,2021-12-30,Karier.ku
06818,Norrah,2020-03-04,Karier.ku
06819,Gidgett,2022-01-27,Sekolah.ku
06820,Kailie,2020-10-02,Sekolah.ku
06821,Nakiria,2019-09-14,Sekolah.ku
06822,Revelation,2018-07-24,Sekolah.ku
06823,Johnia,2021-03-02,Karier.ku
06824,Kwok,2020-12-10,Sekolah.ku
06825,Driggs,2019-02-27,Sekolah.ku
06826,Andreina,2019-09-19,Karier.ku
06827,Carmelite,2019-04-15,Karier.ku
06828,Bobbiejean,2019-06-21,Sekolah.ku
06829,Halfred,2019-06-15,Sekolah.ku
06830,Elwell,2021-02-05,Sekolah.ku
06831,Roseline,2021-02-06,Karier.ku
06832,Damerius,2019-11-04,Sekolah.ku
06833,Kirpa,2019-06-08,Sekolah.ku
06834,Kefren,2019-01-02,Sekolah.ku
06835,Arlene,2019-03-08,Sekolah.ku
06836,Keiya,2021-03-12,Karier.ku
06837,Antiono,2018-09-28,Karier.ku
06838,Meiyi,2018-11-20,Sekolah.ku
06839,Micaya,2021-12-01,Karier.ku
06840,Taqwan,2020-03-26,Karier.ku
06841,Shep,2019-10-01,Sekolah.ku
06842,Jonmark,2021-07-20,Sekolah.ku
06843,Saidy,2020-10-27,Karier.ku
06844,Judea,2020-09-08,Sekolah.ku
06845,Cheriah,2018-04-28,Karier.ku
06846,Damonni,2020-09-18,Sekolah.ku
06847,Charletta,2022-03-11,Sekolah.ku
06848,Saanvika,2022-03-01,Sekolah.ku
06849,Yaneliz,2022-02-28,Sekolah.ku
06850,Auden,2021-10-28,Sekolah.ku
06851,Llesica,2020-10-23,Karier.ku
06852,Lorie,2021-10-24,Sekolah.ku
06853,Pedrito,2019-09-22,Sekolah.ku
06854,Tameem,2022-01-24,Karier.ku
06855,Chenia,2019-06-04,Karier.ku
06856,Kerrilee,2021-03-28,Karier.ku
06857,Dontez,2020-06-06,Karier.ku
06858,Arsie,2022-05-07,Sekolah.ku
06859,Ameyia,2021-12-07,Karier.ku
06860,Houda,2019-01-23,Sekolah.ku
06861,Malaika,2021-11-09,Sekolah.ku
06862,Maeli,2018-07-15,Karier.ku
06863,Duuna,2021-06-04,Sekolah.ku
06864,Aisatou,2020-07-08,Sekolah.ku
06865,Levie,2018-11-03,Sekolah.ku
06866,Carletha,2018-05-25,Sekolah.ku
06867,Eris,2018-10-12,Sekolah.ku
06868,Taylinn,2019-11-20,Sekolah.ku
06869,Khaia,2019-11-02,Karier.ku
06870,Oluwadunmininu,2021-04-24,Sekolah.ku
06871,Shereta,2019-10-16,Karier.ku
06872,Keyshawna,2019-01-13,Sekolah.ku
06873,Amran,2019-08-16,Karier.ku
06874,Tereska,2020-10-23,Sekolah.ku
06875,Palmyra,2019-12-06,Sekolah.ku
06876,Neidy,2019-05-02,Sekolah.ku
06877,Deserae,2019-10-31,Sekolah.ku
06878,Shaunacy,2018-05-10,Karier.ku
06879,Jasemine,2021-07-11,Karier.ku
06880,Elwillie,2021-06-09,Sekolah.ku
06881,Navian,2020-04-18,Sekolah.ku
06882,Tyrita,2018-05-13,Karier.ku
06883,Tariq,2018-08-30,Sekolah.ku
06884,Giahnna,2019-03-12,Sekolah.ku
06885,Kresten,2020-05-31,Sekolah.ku
06886,Jhadiel,2021-08-17,Sekolah.ku
06887,Mylayah,2019-01-17,Karier.ku
06888,Keilana,2019-09-03,Karier.ku
06889,Melan,2020-02-03,Karier.ku
06890,Cashala,2019-08-19,Sekolah.ku
06891,Ulices,2021-03-18,Sekolah.ku
06892,Yuridiana,2018-12-29,Sekolah.ku
06893,Tesse,2019-03-19,Sekolah.ku
06894,Eudell,2019-07-01,Sekolah.ku
06895,Flynt,2019-01-09,Sekolah.ku
06896,Chianti,2018-09-23,Karier.ku
06897,Danali,2019-01-04,Karier.ku
06898,Custer,2019-04-14,Sekolah.ku
06899,Quintrel,2020-12-09,Karier.ku
06900,Alpha,2021-08-03,Karier.ku
06901,Chibueze,2019-12-05,Sekolah.ku
06902,Lace,2019-05-05,Karier.ku
06903,Tachina,2021-02-08,Sekolah.ku
06904,Annastassia,2018-12-30,Sekolah.ku
06905,Kathyria,2018-11-11,Karier.ku
06906,Jayanni,2021-01-19,Sekolah.ku
06907,Zarrin,2020-01-11,Karier.ku
06908,Arvill,2018-12-30,Karier.ku
06909,Philomene,2021-08-30,Sekolah.ku
06910,Kes,2019-08-05,Karier.ku
06911,Noralynn,2021-04-16,Sekolah.ku
06912,Varish,2020-11-03,Karier.ku
06913,Renitta,2019-08-06,Sekolah.ku
06914,Crescencio,2021-02-25,Sekolah.ku
06915,Zanteria,2019-07-08,Karier.ku
06916,Emitt,2018-12-03,Sekolah.ku
06917,Jenaliz,2019-02-28,Sekolah.ku
06918,Aynia,2019-01-10,Sekolah.ku
06919,Bettijane,2018-05-01,Karier.ku
06920,Kaeisha,2019-05-22,Sekolah.ku
06921,Andreco,2021-11-20,Karier.ku
06922,Christela,2019-08-13,Sekolah.ku
06923,Laguana,2021-07-25,Sekolah.ku
06924,Ethellee,2019-11-15,Sekolah.ku
06925,Tonnia,2020-07-27,Sekolah.ku
06926,Arkadian,2020-10-04,Sekolah.ku
06927,Dennice,2020-10-22,Karier.ku
06928,Dama,2019-05-29,Sekolah.ku
06929,Gernie,2021-12-27,Sekolah.ku
06930,Dhrithi,2021-01-22,Sekolah.ku
06931,Jonnatan,2021-05-04,Sekolah.ku
06932,Azeeza,2020-10-22,Sekolah.ku
06933,Cyrus,2019-09-09,Sekolah.ku
06934,Shonika,2021-09-27,Karier.ku
06935,Maurkice,2018-04-22,Sekolah.ku
06936,Uyless,2020-07-02,Karier.ku
06937,Stetson,2022-05-16,Sekolah.ku
06938,Odra,2020-09-30,Sekolah.ku
06939,Dilbert,2020-08-23,Karier.ku
06940,Dainelle,2019-07-15,Sekolah.ku
06941,Yamarie,2021-10-11,Sekolah.ku
06942,Mylisa,2022-05-16,Sekolah.ku
06943,Zeffie,2020-01-09,Karier.ku
06944,Gissella,2019-06-29,Karier.ku
06945,Zacherie,2018-12-19,Sekolah.ku
06946,Brendt,2020-08-28,Sekolah.ku
06947,Nobuichi,2018-08-11,Sekolah.ku
06948,Brayon,2019-11-10,Sekolah.ku
06949,Tylik,2018-04-22,Sekolah.ku
06950,Salone,2018-04-18,Sekolah.ku
06951,Balon,2019-11-10,Sekolah.ku
06952,Daqwon,2018-08-14,Sekolah.ku
06953,Meekah,2020-07-18,Sekolah.ku
06954,Aalysia,2018-05-25,Sekolah.ku
06955,Suen,2018-10-15,Sekolah.ku
06956,Niaomi,2019-03-15,Sekolah.ku
06957,Monicia,2018-08-17,Karier.ku
06958,Jabaree,2019-09-13,Sekolah.ku
06959,Lynnda,2021-11-01,Karier.ku
06960,Clash,2021-03-18,Karier.ku
06961,Stara,2021-12-01,Sekolah.ku
06962,Pantha,2020-12-18,Sekolah.ku
06963,Davius,2022-03-23,Karier.ku
06964,Lerico,2022-04-28,Sekolah.ku
06965,Ader,2021-12-27,Sekolah.ku
06966,Shadyn,2021-04-29,Sekolah.ku
06967,Dezariyah,2019-01-06,Sekolah.ku
06968,Willum,2021-07-15,Sekolah.ku
06969,Wellsley,2021-03-20,Sekolah.ku
06970,Harvis,2019-07-13,Sekolah.ku
06971,Terrielle,2021-05-23,Sekolah.ku
06972,Zaafir,2021-08-05,Sekolah.ku
06973,Tomeaka,2021-03-26,Sekolah.ku
06974,Bahiyah,2020-01-23,Sekolah.ku
06975,Dorce,2021-12-03,Karier.ku
06976,Lanore,2021-05-26,Sekolah.ku
06977,Jakier,2018-11-11,Sekolah.ku
06978,Tytus,2021-09-25,Sekolah.ku
06979,Carli,2022-03-20,Sekolah.ku
06980,Lillybelle,2018-05-30,Sekolah.ku
06981,Alyosha,2021-11-21,Karier.ku
06982,Tashiyana,2019-09-14,Sekolah.ku
06983,Jakobi,2021-04-05,Sekolah.ku
06984,Lealia,2019-11-27,Karier.ku
06985,Shamuel,2021-12-29,Karier.ku
06986,Baldo,2018-10-21,Sekolah.ku
06987,Lavi,2020-10-20,Karier.ku
06988,Ovaline,2022-02-02,Sekolah.ku
06989,Brizeth,2021-09-21,Karier.ku
06990,Khadarius,2018-11-01,Sekolah.ku
06991,Treveon,2020-05-27,Sekolah.ku
06992,Graelynn,2021-10-02,Karier.ku
06993,Lakyndra,2019-04-21,Karier.ku
06994,Jardan,2019-01-16,Karier.ku
06995,Syeeda,2020-08-07,Sekolah.ku
06996,Keyli,2020-09-19,Karier.ku
06997,Shedricka,2020-01-30,Karier.ku
06998,Hervin,2019-05-16,Sekolah.ku
06999,Alantra,2022-03-18,Sekolah.ku
07000,My,2022-03-03,Sekolah.ku
07001,Keats,2021-05-15,Karier.ku
07002,Artiana,2021-10-29,Sekolah.ku
07003,Imunique,2020-03-23,Sekolah.ku
07004,Millis,2021-02-03,Sekolah.ku
07005,Takyah,2021-03-14,Sekolah.ku
07006,Chin,2020-09-20,Sekolah.ku
07007,Jakalynn,2020-07-15,Sekolah.ku
07008,Maddielynn,2019-01-23,Sekolah.ku
07009,Maleaha,2022-04-09,Sekolah.ku
07010,Donoban,2020-08-15,Sekolah.ku
07011,Katina,2021-01-10,Sekolah.ku
07012,Bethanie,2021-06-01,Sekolah.ku
07013,Myann,2018-08-08,Sekolah.ku
07014,Jordani,2018-08-23,Sekolah.ku
07015,Ajacia,2019-10-22,Sekolah.ku
07016,Darlinda,2020-06-03,Karier.ku
07017,Jackee,2020-02-25,Sekolah.ku
07018,Samentha,2021-11-19,Sekolah.ku
07019,Leresa,2019-06-13,Sekolah.ku
07020,Coreyanna,2020-11-30,Sekolah.ku
07021,Gelinda,2018-12-14,Sekolah.ku
07022,Jodelle,2018-05-12,Sekolah.ku
07023,Soyna,2018-10-24,Sekolah.ku
07024,Jaseir,2019-05-27,Karier.ku
07025,Selicia,2019-05-28,Karier.ku
07026,Ashlae,2020-06-19,Karier.ku
07027,Cortina,2018-06-23,Sekolah.ku
07028,Janya,2019-11-19,Karier.ku
07029,Darinesha,2022-04-05,Sekolah.ku
07030,Laici,2022-05-11,Sekolah.ku
07031,Bessy,2020-05-24,Sekolah.ku
07032,Macklyn,2020-01-20,Karier.ku
07033,Zonda,2021-10-18,Karier.ku
07034,Gyan,2022-05-18,Sekolah.ku
07035,Laneeka,2020-10-24,Sekolah.ku
07036,Lurlyne,2022-01-24,Sekolah.ku
07037,Reality,2019-01-22,Sekolah.ku
07038,Hoyt,2020-05-19,Sekolah.ku
07039,Kaseem,2021-03-04,Sekolah.ku
07040,Chanteria,2020-07-10,Sekolah.ku
07041,Lillyanah,2018-06-05,Sekolah.ku
07042,Janora,2019-01-18,Sekolah.ku
07043,Stjulian,2020-11-03,Sekolah.ku
07044,Sereen,2019-10-22,Sekolah.ku
07045,Brynlyn,2021-02-11,Sekolah.ku
07046,Chemar,2018-10-24,Karier.ku
07047,Pamilyn,2019-08-04,Sekolah.ku
07048,Malenie,2022-04-13,Karier.ku
07049,Shikara,2020-08-31,Sekolah.ku
07050,Karnisha,2022-02-13,Sekolah.ku
07051,Earn,2022-02-20,Sekolah.ku
07052,Shamea,2022-02-06,Sekolah.ku
07053,Shesia,2018-08-25,Karier.ku
07054,Lavoyce,2019-09-26,Karier.ku
07055,Michelli,2018-06-13,Sekolah.ku
07056,Fayrene,2021-04-11,Sekolah.ku
07057,Olamiposi,2020-03-14,Sekolah.ku
07058,Johncarl,2020-09-03,Sekolah.ku
07059,Jaxper,2021-02-18,Karier.ku
07060,Demonica,2020-09-29,Karier.ku
07061,Abbe,2021-07-19,Sekolah.ku
07062,Lynelle,2018-05-22,Karier.ku
07063,Clarendon,2021-12-05,Sekolah.ku
07064,Rocko,2018-10-11,Sekolah.ku
07065,Edelle,2020-11-16,Sekolah.ku
07066,Annagail,2022-03-14,Sekolah.ku
07067,Charlton,2018-10-16,Karier.ku
07068,Davie,2018-10-31,Karier.ku
07069,Bradney,2018-11-16,Sekolah.ku
07070,Natally,2022-04-10,Karier.ku
07071,Lauriann,2019-10-08,Sekolah.ku
07072,Anglo,2018-04-28,Karier.ku
07073,Lakema,2018-08-20,Karier.ku
07074,Isias,2018-09-29,Sekolah.ku
07075,Devonne,2018-07-19,Karier.ku
07076,Wanakee,2020-12-03,Karier.ku
07077,Nikasha,2020-02-17,Sekolah.ku
07078,Schmika,2022-04-16,Sekolah.ku
07079,Zareyah,2020-11-19,Sekolah.ku
07080,Zaydien,2019-03-28,Karier.ku
07081,Denis,2021-11-25,Sekolah.ku
07082,Correena,2021-04-07,Sekolah.ku
07083,Kelany,2022-04-10,Sekolah.ku
07084,Boyce,2019-08-20,Sekolah.ku
07085,Bashira,2021-03-20,Sekolah.ku
07086,Laurier,2021-10-24,Karier.ku
07087,Marie,2021-02-23,Sekolah.ku
07088,Margarite,2022-04-05,Sekolah.ku
07089,Sandler,2020-06-09,Sekolah.ku
07090,Giddeon,2018-08-07,Karier.ku
07091,Coi,2019-11-20,Sekolah.ku
07092,Elowyn,2022-04-18,Sekolah.ku
07093,Stormee,2021-12-16,Karier.ku
07094,Joleesa,2021-07-20,Sekolah.ku
07095,Olla,2021-07-22,Karier.ku
07096,Ancil,2019-03-19,Karier.ku
07097,Chrysten,2020-11-10,Sekolah.ku
07098,Divontae,2018-08-03,Karier.ku
07099,Khanye,2021-03-20,Sekolah.ku
07100,Zyreion,2018-05-23,Sekolah.ku
07101,Carloseduardo,2019-02-15,Sekolah.ku
07102,Kamani,2021-12-23,Karier.ku
07103,Chrissey,2021-07-18,Karier.ku
07104,Cheetara,2019-02-06,Sekolah.ku
07105,Aquavion,2019-07-09,Sekolah.ku
07106,Rontavius,2021-05-13,Karier.ku
07107,Eliany,2019-12-06,Sekolah.ku
07108,Korah,2020-04-20,Sekolah.ku
07109,Nedda,2018-06-01,Sekolah.ku
07110,Taea,2020-03-05,Sekolah.ku
07111,Noveline,2021-08-19,Sekolah.ku
07112,Ocie,2021-03-03,Sekolah.ku
07113,Lise,2020-08-04,Sekolah.ku
07114,Brynnlea,2019-03-06,Sekolah.ku
07115,Torrel,2022-01-04,Karier.ku
07116,Alaine,2021-02-06,Sekolah.ku
07117,Karadyn,2019-12-21,Sekolah.ku
07118,Eldrick,2019-08-18,Sekolah.ku
07119,Jerade,2021-07-22,Sekolah.ku
07120,Hallah,2018-12-21,Sekolah.ku
07121,Carlysle,2022-02-20,Sekolah.ku
07122,Dearies,2022-04-08,Karier.ku
07123,Genora,2019-12-13,Sekolah.ku
07124,Laya,2021-07-28,Sekolah.ku
07125,Tug,2022-02-07,Sekolah.ku
07126,Viola,2018-09-04,Sekolah.ku
07127,Mekhiya,2019-07-16,Sekolah.ku
07128,Joelaine,2021-10-27,Karier.ku
07129,Loxi,2018-04-15,Sekolah.ku
07130,Kinnie,2019-07-14,Sekolah.ku
07131,Lessli,2019-04-14,Karier.ku
07132,Wiljo,2018-04-22,Karier.ku
07133,Exequiel,2022-01-28,Sekolah.ku
07134,Zael,2019-11-14,Sekolah.ku
07135,Halstead,2020-07-30,Sekolah.ku
07136,Echo,2021-12-10,Sekolah.ku
07137,Searle,2022-02-15,Karier.ku
07138,Libbie,2021-06-23,Sekolah.ku
07139,Latarah,2019-12-24,Karier.ku
07140,Tanaeja,2022-01-27,Karier.ku
07141,Aadvik,2020-01-24,Sekolah.ku
07142,Juniya,2021-04-30,Karier.ku
07143,Sareeta,2021-04-28,Sekolah.ku
07144,Devun,2018-05-06,Sekolah.ku
07145,Magdelin,2020-03-03,Sekolah.ku
07146,Keiveon,2022-04-02,Sekolah.ku
07147,Sahith,2020-08-30,Karier.ku
07148,Mannuel,2022-05-18,Karier.ku
07149,Aerial,2019-03-21,Sekolah.ku
07150,Khaalid,2021-03-19,Sekolah.ku
07151,Wilcie,2021-06-14,Sekolah.ku
07152,Waseem,2018-08-17,Karier.ku
07153,Kiyra,2019-08-17,Sekolah.ku
07154,Talasha,2019-08-15,Karier.ku
07155,Jessicamae,2018-12-18,Sekolah.ku
07156,Damaj,2019-03-12,Karier.ku
07157,Eziquio,2020-09-26,Sekolah.ku
07158,Mckella,2019-11-27,Karier.ku
07159,Carizma,2020-01-26,Sekolah.ku
07160,Regetta,2020-07-26,Sekolah.ku
07161,Ellanor,2019-02-08,Sekolah.ku
07162,Rahniyah,2019-06-20,Sekolah.ku
07163,Bhargav,2021-01-17,Sekolah.ku
07164,Allory,2021-05-15,Sekolah.ku
07165,Syntyche,2019-10-24,Sekolah.ku
07166,Nalleli,2020-03-09,Sekolah.ku
07167,Clairity,2020-11-08,Sekolah.ku
07168,Biatriz,2018-08-08,Sekolah.ku
07169,Avaclaire,2021-09-29,Sekolah.ku
07170,Daerion,2020-12-30,Sekolah.ku
07171,Shemeca,2018-12-27,Sekolah.ku
07172,Klowi,2020-11-20,Sekolah.ku
07173,Jaquincy,2022-01-02,Karier.ku
07174,Kaelly,2020-06-10,Sekolah.ku
07175,Dreshon,2019-10-26,Sekolah.ku
07176,Nesita,2021-04-27,Karier.ku
07177,Egon,2021-06-07,Karier.ku
07178,Maxi,2020-01-02,Sekolah.ku
07179,Lakeema,2021-03-27,Karier.ku
07180,Allayna,2021-06-08,Sekolah.ku
07181,Midge,2021-11-29,Karier.ku
07182,Darshaun,2021-11-22,Sekolah.ku
07183,Astara,2019-10-04,Karier.ku
07184,Aubry,2019-01-12,Sekolah.ku
07185,Clois,2022-02-26,Sekolah.ku
07186,Kahlo,2018-05-31,Karier.ku
07187,Zavius,2020-01-05,Sekolah.ku
07188,Danika,2018-10-14,Karier.ku
07189,Ainsworth,2020-10-27,Sekolah.ku
07190,Lameca,2021-06-19,Karier.ku
07191,Kc,2019-03-20,Sekolah.ku
07192,Lealani,2018-09-10,Sekolah.ku
07193,Maidell,2018-12-17,Sekolah.ku
07194,Jimalee,2019-08-06,Sekolah.ku
07195,Aleksandra,2019-07-17,Karier.ku
07196,Yoonseo,2021-07-21,Sekolah.ku
07197,Concetto,2022-01-14,Karier.ku
07198,Riku,2022-05-19,Sekolah.ku
07199,Lexany,2022-01-15,Karier.ku
07200,Arbri,2020-06-22,Sekolah.ku
07201,Ajiana,2019-03-25,Sekolah.ku
07202,Elizabeath,2019-10-08,Sekolah.ku
07203,Bevery,2020-05-25,Sekolah.ku
07204,Janzel,2019-04-25,Sekolah.ku
07205,Migdalia,2021-05-13,Sekolah.ku
07206,Ayveon,2020-08-05,Sekolah.ku
07207,Sabrenna,2018-07-22,Sekolah.ku
07208,Kilea,2018-08-20,Sekolah.ku
07209,Hatch,2020-10-18,Sekolah.ku
07210,Maurus,2018-04-28,Sekolah.ku
07211,Synaia,2021-07-26,Sekolah.ku
07212,Tayvien,2019-03-11,Sekolah.ku
07213,Jarquez,2021-07-20,Sekolah.ku
07214,Faleisha,2019-10-18,Karier.ku
07215,Norvie,2022-05-01,Karier.ku
07216,Felicia,2021-03-10,Karier.ku
07217,Chadley,2022-01-23,Sekolah.ku
07218,Jamor,2019-08-02,Sekolah.ku
07219,Blaidyn,2018-12-22,Sekolah.ku
07220,Ferd,2021-08-05,Sekolah.ku
07221,Tajuanda,2021-08-04,Karier.ku
07222,Jeremai,2018-05-16,Karier.ku
07223,Daryan,2021-12-28,Sekolah.ku
07224,Yerik,2021-10-18,Sekolah.ku
07225,Caryol,2021-12-01,Sekolah.ku
07226,Adaobi,2021-05-06,Sekolah.ku
07227,Johneshia,2019-04-25,Karier.ku
07228,Teronda,2019-08-02,Sekolah.ku
07229,Altonette,2021-01-15,Sekolah.ku
07230,Vergia,2021-02-08,Sekolah.ku
07231,Edrik,2022-05-14,Karier.ku
07232,Deriyah,2020-12-22,Sekolah.ku
07233,Zahyrah,2019-11-07,Sekolah.ku
07234,Bronwynn,2020-06-05,Sekolah.ku
07235,Yarilyn,2018-07-17,Sekolah.ku
07236,Emagene,2018-06-28,Sekolah.ku
07237,Tanusha,2020-12-14,Sekolah.ku
07238,Ranim,2019-02-09,Karier.ku
07239,Jonique,2018-05-15,Sekolah.ku
07240,Tmara,2021-06-24,Sekolah.ku
07241,Taranda,2021-09-27,Sekolah.ku
07242,Isabelle,2019-09-26,Sekolah.ku
07243,Clemson,2019-05-17,Sekolah.ku
07244,Aziana,2018-08-03,Sekolah.ku
07245,Keshan,2019-02-01,Karier.ku
07246,Wilbourn,2018-11-28,Karier.ku
07247,Irna,2020-04-25,Sekolah.ku
07248,Madeliene,2018-07-11,Sekolah.ku
07249,Autumne,2021-01-03,Sekolah.ku
07250,Weaver,2019-09-20,Karier.ku
07251,Lucanus,2020-11-12,Sekolah.ku
07252,Dikembe,2018-07-07,Sekolah.ku
07253,Waverley,2020-08-20,Karier.ku
07254,Derick,2019-02-26,Sekolah.ku
07255,Naven,2020-05-30,Sekolah.ku
07256,Markyla,2018-05-09,Karier.ku
07257,Shederick,2020-03-18,Sekolah.ku
07258,Hartly,2020-02-01,Sekolah.ku
07259,Ronmel,2019-01-07,Sekolah.ku
07260,Suzane,2020-05-17,Sekolah.ku
07261,Marlasia,2022-04-08,Karier.ku
07262,Tawhid,2021-03-26,Sekolah.ku
07263,Areni,2018-11-22,Sekolah.ku
07264,Maralee,2022-04-30,Sekolah.ku
07265,Jowan,2019-08-15,Sekolah.ku
07266,Tenie,2022-03-08,Sekolah.ku
07267,Jahier,2018-05-30,Sekolah.ku
07268,Lunette,2021-06-24,Sekolah.ku
07269,Haddox,2019-04-28,Sekolah.ku
07270,Lamine,2021-12-22,Sekolah.ku
07271,Teveon,2020-05-15,Sekolah.ku
07272,Ajua,2021-01-13,Sekolah.ku
07273,Kayatana,2021-06-17,Sekolah.ku
07274,Marnia,2018-05-20,Sekolah.ku
07275,Tobius,2019-08-10,Sekolah.ku
07276,Trevyn,2022-01-07,Sekolah.ku
07277,Kimahri,2019-08-06,Sekolah.ku
07278,Amoreena,2021-07-03,Karier.ku
07279,Annalee,2018-12-07,Sekolah.ku
07280,Mabree,2018-04-30,Karier.ku
07281,Tanille,2019-09-08,Sekolah.ku
07282,Audreigh,2021-12-22,Sekolah.ku
07283,Shaianna,2020-03-25,Sekolah.ku
07284,Quamisha,2021-03-28,Karier.ku
07285,Luigino,2021-07-08,Karier.ku
07286,Rithanya,2021-04-10,Sekolah.ku
07287,Angula,2020-07-25,Sekolah.ku
07288,Herschal,2019-01-07,Sekolah.ku
07289,Neci,2019-02-22,Sekolah.ku
07290,Cawanda,2021-10-15,Sekolah.ku
07291,Dusitn,2018-05-27,Karier.ku
07292,Rohn,2020-12-29,Sekolah.ku
07293,Sydnee,2018-10-09,Sekolah.ku
07294,Namaya,2019-07-22,Sekolah.ku
07295,Naseir,2020-03-03,Sekolah.ku
07296,Zimir,2019-01-29,Sekolah.ku
07297,Bonieta,2021-01-04,Sekolah.ku
07298,Tischa,2021-11-15,Sekolah.ku
07299,Jacovian,2018-09-29,Sekolah.ku
07300,Weyman,2019-05-01,Sekolah.ku
07301,Shamiko,2020-01-27,Sekolah.ku
07302,Emmo,2021-09-28,Sekolah.ku
07303,Aaliyaa,2021-11-10,Sekolah.ku
07304,Dyann,2020-01-07,Sekolah.ku
07305,Suhailey,2021-12-10,Karier.ku
07306,Logen,2019-07-26,Sekolah.ku
07307,Katlyne,2021-01-08,Sekolah.ku
07308,Tanasia,2022-03-19,Sekolah.ku
07309,Lilyth,2020-10-26,Sekolah.ku
07310,Lemual,2020-02-11,Sekolah.ku
07311,Dandrick,2019-01-03,Sekolah.ku
07312,Veldia,2021-01-06,Sekolah.ku
07313,Dhruva,2021-03-19,Sekolah.ku
07314,Apiffany,2018-10-09,Sekolah.ku
07315,Eyob,2020-02-18,Sekolah.ku
07316,Masae,2020-02-15,Karier.ku
07317,Kiomy,2019-05-02,Karier.ku
07318,Adrial,2019-04-08,Sekolah.ku
07319,Dalante,2021-03-18,Karier.ku
07320,Alohi,2019-04-10,Karier.ku
07321,Umama,2022-04-20,Sekolah.ku
07322,Tavares,2020-10-01,Sekolah.ku
07323,Azael,2019-01-14,Karier.ku
07324,Shamaiya,2019-05-29,Sekolah.ku
07325,Traiten,2021-06-27,Sekolah.ku
07326,Lamera,2020-12-11,Sekolah.ku
07327,Sokoya,2022-01-15,Karier.ku
07328,Angelisha,2020-07-14,Karier.ku
07329,Lenore,2018-10-10,Sekolah.ku
07330,Traig,2021-01-05,Sekolah.ku
07331,Maronda,2019-05-26,Sekolah.ku
07332,Dacorian,2018-08-22,Karier.ku
07333,Ashish,2021-10-10,Karier.ku
07334,Jevaeh,2019-09-27,Sekolah.ku
07335,Paulene,2022-01-18,Sekolah.ku
07336,Dominador,2018-11-28,Sekolah.ku
07337,Ruchita,2019-02-06,Sekolah.ku
07338,Tennielle,2019-08-30,Karier.ku
07339,Jacelyn,2019-05-07,Karier.ku
07340,Alfiya,2019-04-04,Sekolah.ku
07341,Vytas,2022-02-24,Karier.ku
07342,Jennene,2018-12-30,Sekolah.ku
07343,Georgann,2020-08-16,Karier.ku
07344,Demetriu,2019-01-23,Karier.ku
07345,Laquentin,2018-07-01,Sekolah.ku
07346,Iverson,2018-07-13,Karier.ku
07347,Otella,2021-07-10,Sekolah.ku
07348,Wiliam,2019-08-10,Sekolah.ku
07349,Correna,2018-10-28,Sekolah.ku
07350,Clothilda,2020-08-14,Sekolah.ku
07351,Shaqula,2020-09-11,Sekolah.ku
07352,Rommy,2019-08-18,Sekolah.ku
07353,Starkey,2020-02-13,Sekolah.ku
07354,Chancie,2022-02-10,Sekolah.ku
07355,Shronda,2020-08-02,Karier.ku
07356,Dijoun,2022-04-17,Karier.ku
07357,Latiyah,2019-09-19,Sekolah.ku
07358,Jaquasha,2020-11-24,Karier.ku
07359,Jamiemarie,2019-01-14,Karier.ku
07360,Turney,2020-02-04,Sekolah.ku
07361,Dangel,2022-03-12,Sekolah.ku
07362,Brandisha,2019-04-06,Sekolah.ku
07363,Deniro,2020-10-23,Sekolah.ku
07364,Symaria,2019-09-29,Sekolah.ku
07365,Naiomi,2021-08-17,Karier.ku
07366,Orlander,2022-04-09,Sekolah.ku
07367,Tannille,2020-09-14,Sekolah.ku
07368,Darianys,2020-03-07,Karier.ku
07369,Daigan,2021-10-09,Karier.ku
07370,Kearstan,2020-06-11,Karier.ku
07371,Fardowsa,2020-11-16,Sekolah.ku
07372,Coleden,2020-02-26,Sekolah.ku
07373,Jermika,2018-08-15,Sekolah.ku
07374,Marna,2018-08-07,Sekolah.ku
07375,Ranaya,2019-03-10,Sekolah.ku
07376,Gihanna,2021-05-08,Sekolah.ku
07377,Jaeron,2019-06-19,Sekolah.ku
07378,Quandre,2021-05-11,Sekolah.ku
07379,Nejra,2018-05-18,Sekolah.ku
07380,Nasr,2019-08-04,Sekolah.ku
07381,Beenish,2018-09-25,Karier.ku
07382,Miah,2019-03-28,Sekolah.ku
07383,Deirore,2020-11-16,Karier.ku
07384,Giezi,2020-10-31,Sekolah.ku
07385,Najmo,2019-02-19,Sekolah.ku
07386,Sohail,2020-04-01,Karier.ku
07387,Airah,2020-10-20,Sekolah.ku
07388,Kiaralyn,2021-03-29,Sekolah.ku
07389,Abrigail,2020-11-16,Karier.ku
07390,Girolamo,2018-08-17,Sekolah.ku
07391,Shalik,2020-01-06,Sekolah.ku
07392,Tashai,2018-06-21,Sekolah.ku
07393,Mimose,2020-01-28,Sekolah.ku
07394,Aeries,2022-02-02,Karier.ku
07395,Maxamis,2019-09-03,Karier.ku
07396,Dauda,2019-05-05,Sekolah.ku
07397,Jakyren,2018-08-11,Karier.ku
07398,Sacajawea,2021-12-12,Sekolah.ku
07399,Jocellyn,2021-04-29,Sekolah.ku
07400,Junita,2020-02-24,Karier.ku
07401,Travion,2020-08-02,Sekolah.ku
07402,Roshan,2019-06-04,Sekolah.ku
07403,Kardale,2018-07-19,Sekolah.ku
07404,Bostynn,2018-12-10,Sekolah.ku
07405,Keta,2018-08-17,Sekolah.ku
07406,Artelia,2018-11-30,Karier.ku
07407,Xya,2022-02-28,Sekolah.ku
07408,Sritha,2019-01-02,Karier.ku
07409,Darshelle,2021-10-31,Sekolah.ku
07410,Chantry,2018-08-08,Sekolah.ku
07411,Nadja,2018-09-22,Sekolah.ku
07412,Maridith,2018-10-04,Sekolah.ku
07413,Khady,2021-05-04,Karier.ku
07414,Bear,2021-03-05,Sekolah.ku
07415,Dathon,2019-02-03,Sekolah.ku
07416,Hasseltine,2020-05-25,Karier.ku
07417,Decody,2021-11-23,Karier.ku
07418,Kahliya,2021-10-27,Karier.ku
07419,Kimisha,2019-11-22,Sekolah.ku
07420,Harvetta,2021-01-22,Karier.ku
07421,Jamis,2019-08-12,Sekolah.ku
07422,Annalisia,2022-01-08,Sekolah.ku
07423,Leeasia,2019-10-01,Karier.ku
07424,Selmon,2020-03-03,Sekolah.ku
07425,Marterrion,2020-05-14,Sekolah.ku
07426,Vent,2021-03-26,Karier.ku
07427,Ophelie,2019-09-17,Karier.ku
07428,Zacarius,2020-01-16,Karier.ku
07429,Elijah,2020-10-08,Karier.ku
07430,Karlynn,2021-05-14,Sekolah.ku
07431,Nyjel,2019-05-09,Sekolah.ku
07432,Margearet,2022-01-08,Sekolah.ku
07433,Torian,2018-10-02,Sekolah.ku
07434,Margarita,2021-10-27,Sekolah.ku
07435,Tlyer,2021-06-10,Sekolah.ku
07436,Randal,2021-09-23,Karier.ku
07437,Adwaith,2022-04-12,Sekolah.ku
07438,Shakelia,2019-03-08,Karier.ku
07439,Braelin,2021-12-01,Sekolah.ku
07440,Bernarda,2018-09-21,Sekolah.ku
07441,Saarth,2021-11-27,Sekolah.ku
07442,Enisha,2020-10-21,Sekolah.ku
07443,Bastien,2021-04-20,Karier.ku
07444,Axis,2019-01-18,Sekolah.ku
07445,Princejohn,2019-01-08,Karier.ku
07446,Bralon,2021-12-23,Sekolah.ku
07447,Achazia,2020-10-20,Sekolah.ku
07448,Jameliah,2021-01-16,Karier.ku
07449,Tarnesha,2021-04-04,Karier.ku
07450,Eldean,2019-10-15,Sekolah.ku
07451,Ilhan,2020-04-27,Sekolah.ku
07452,Shamon,2018-07-14,Sekolah.ku
07453,Chethan,2021-01-18,Sekolah.ku
07454,Shareem,2020-02-09,Sekolah.ku
07455,Terina,2021-01-27,Sekolah.ku
07456,Fatim,2018-12-07,Karier.ku
07457,Asdrubal,2018-09-02,Karier.ku
07458,Reiny,2018-11-23,Sekolah.ku
07459,Ayusha,2018-10-26,Sekolah.ku
07460,Paycie,2021-06-05,Karier.ku
07461,Krissandra,2020-06-15,Sekolah.ku
07462,Chalres,2021-05-12,Karier.ku
07463,Elmarie,2022-01-12,Karier.ku
07464,Laliah,2018-11-19,Sekolah.ku
07465,Na,2022-03-30,Sekolah.ku
07466,Terdell,2020-03-10,Karier.ku
07467,Ikeda,2020-07-05,Karier.ku
07468,Vashni,2019-05-26,Sekolah.ku
07469,Jadel,2019-01-04,Sekolah.ku
07470,Savonn,2021-07-07,Sekolah.ku
07471,Clearance,2019-02-28,Sekolah.ku
07472,Azella,2018-12-02,Sekolah.ku
07473,Dayline,2018-12-16,Sekolah.ku
07474,Selig,2021-10-15,Sekolah.ku
07475,Pavlo,2019-04-11,Sekolah.ku
07476,Ladarion,2018-12-30,Karier.ku
07477,Daffne,2019-03-06,Karier.ku
07478,Kashe,2021-02-18,Sekolah.ku
07479,Tyshera,2021-06-17,Karier.ku
07480,Alnora,2021-05-01,Sekolah.ku
07481,Theodie,2018-07-04,Karier.ku
07482,Chidubem,2022-05-10,Sekolah.ku
07483,Teige,2021-12-21,Sekolah.ku
07484,Shad,2018-11-14,Sekolah.ku
07485,Faruq,2021-07-21,Sekolah.ku
07486,Tambi,2021-11-21,Karier.ku
07487,Udochukwu,2021-12-20,Sekolah.ku
07488,Tavarion,2018-12-30,Sekolah.ku
07489,Orsola,2019-03-20,Sekolah.ku
07490,Kaytelyn,2019-04-01,Sekolah.ku
07491,Kilbourne,2020-01-17,Sekolah.ku
07492,Anabelia,2022-04-14,Sekolah.ku
07493,Anfrenee,2019-09-11,Sekolah.ku
07494,Lorreta,2020-06-03,Sekolah.ku
07495,Ninamarie,2021-03-30,Sekolah.ku
07496,Jevette,2021-06-23,Karier.ku
07497,Maryjo,2018-07-21,Sekolah.ku
07498,Tanasha,2018-07-07,Karier.ku
07499,Khaleah,2018-08-11,Sekolah.ku
07500,Sondos,2021-11-23,Karier.ku
07501,Rashene,2021-01-30,Karier.ku
07502,Booker,2019-03-01,Sekolah.ku
07503,Kuran,2019-11-24,Sekolah.ku
07504,Jarius,2020-08-03,Sekolah.ku
07505,Sahvannah,2020-11-11,Karier.ku
07506,Brandolyn,2020-09-28,Karier.ku
07507,Asian,2019-08-21,Karier.ku
07508,Claudeen,2021-07-09,Sekolah.ku
07509,Jordynne,2020-01-21,Sekolah.ku
07510,Chalsey,2019-12-15,Karier.ku
07511,Lakeithia,2020-05-20,Sekolah.ku
07512,Felipe,2020-11-23,Karier.ku
07513,Nadelie,2021-04-08,Sekolah.ku
07514,Makiyla,2019-10-10,Karier.ku
07515,Darniesha,2018-11-22,Karier.ku
07516,Latise,2021-02-20,Sekolah.ku
07517,Hamda,2019-11-19,Karier.ku
07518,Arata,2019-07-29,Sekolah.ku
07519,Quinte,2019-11-10,Karier.ku
07520,Shymeek,2020-10-21,Sekolah.ku
07521,Camdynn,2019-04-02,Sekolah.ku
07522,Ivera,2020-10-23,Sekolah.ku
07523,Mikyra,2022-02-10,Sekolah.ku
07524,Shammie,2019-06-26,Sekolah.ku
07525,Sheryln,2018-11-30,Sekolah.ku
07526,Krysty,2020-02-12,Sekolah.ku
07527,Elpida,2018-07-17,Sekolah.ku
07528,Zaara,2019-11-14,Karier.ku
07529,Starleigh,2018-09-12,Sekolah.ku
07530,Calogera,2020-11-19,Sekolah.ku
07531,Marnette,2019-10-19,Sekolah.ku
07532,Halei,2018-09-17,Karier.ku
07533,Demichael,2019-10-24,Karier.ku
07534,Keidren,2019-10-11,Sekolah.ku
07535,Virginnia,2019-09-17,Sekolah.ku
07536,Yashi,2019-10-28,Karier.ku
07537,Valisha,2021-01-07,Sekolah.ku
07538,Herberto,2020-06-29,Sekolah.ku
07539,Lylia,2021-05-05,Sekolah.ku
07540,Tyieshia,2018-09-02,Sekolah.ku
07541,Missty,2019-07-08,Sekolah.ku
07542,Wynn,2021-12-24,Sekolah.ku
07543,Javana,2020-09-27,Sekolah.ku
07544,Merdie,2021-04-04,Karier.ku
07545,Floice,2018-09-22,Sekolah.ku
07546,Seif,2021-12-01,Sekolah.ku
07547,Alvonte,2019-03-10,Sekolah.ku
07548,Daimion,2018-07-11,Sekolah.ku
07549,Lorentz,2018-08-06,Karier.ku
07550,Braeli,2021-05-10,Karier.ku
07551,Connell,2021-07-02,Sekolah.ku
07552,Rosolyn,2018-07-14,Karier.ku
07553,Dorse,2018-10-13,Sekolah.ku
07554,Johnessa,2021-12-07,Karier.ku
07555,Kaysean,2020-01-16,Karier.ku
07556,Marqwon,2020-11-17,Sekolah.ku
07557,Akirah,2019-03-09,Sekolah.ku
07558,Johneen,2020-09-26,Karier.ku
07559,Dylyn,2021-07-01,Sekolah.ku
07560,Sky,2020-01-05,Sekolah.ku
07561,Thorn,2018-11-24,Sekolah.ku
07562,Tesheena,2019-02-11,Sekolah.ku
07563,Shi,2020-04-25,Karier.ku
07564,Sakeef,2021-05-05,Sekolah.ku
07565,Laneva,2020-07-25,Sekolah.ku
07566,Melkin,2019-02-17,Karier.ku
07567,Marquez,2021-06-30,Sekolah.ku
07568,Coralina,2020-02-04,Karier.ku
07569,Vedad,2020-12-01,Sekolah.ku
07570,Deveta,2022-01-06,Karier.ku
07571,Winferd,2021-01-31,Sekolah.ku
07572,Caidee,2018-10-25,Sekolah.ku
07573,Davayah,2021-08-06,Sekolah.ku
07574,Ambus,2019-02-04,Sekolah.ku
07575,Gaylin,2018-05-25,Sekolah.ku
07576,Toyana,2019-03-04,Sekolah.ku
07577,Guilbert,2019-10-02,Sekolah.ku
07578,Chade,2022-02-28,Karier.ku
07579,Shinelle,2019-09-22,Sekolah.ku
07580,Shaelee,2021-10-08,Sekolah.ku
07581,Osualdo,2018-12-23,Sekolah.ku
07582,Jeneka,2020-03-21,Sekolah.ku
07583,Mintha,2021-09-08,Sekolah.ku
07584,Lekiesha,2018-08-06,Sekolah.ku
07585,Latryce,2018-11-30,Sekolah.ku
07586,Chaeden,2020-01-24,Karier.ku
07587,Rijad,2020-04-29,Karier.ku
07588,Vaishvi,2019-12-13,Karier.ku
07589,Amaad,2021-06-16,Sekolah.ku
07590,Laytoya,2018-10-14,Karier.ku
07591,Adaly,2022-04-05,Karier.ku
07592,Raun,2019-05-06,Sekolah.ku
07593,Iayana,2020-03-30,Sekolah.ku
07594,Olliver,2021-10-04,Sekolah.ku
07595,Samoni,2019-11-28,Sekolah.ku
07596,Khisha,2019-02-03,Sekolah.ku
07597,Fransisco,2021-10-12,Sekolah.ku
07598,Vernall,2020-07-01,Sekolah.ku
07599,Aalycia,2022-01-01,Karier.ku
07600,Shounda,2022-04-21,Karier.ku
07601,Kimberlei,2020-03-07,Sekolah.ku
07602,Desmin,2022-03-11,Sekolah.ku
07603,Darlisha,2021-10-09,Sekolah.ku
07604,Fredda,2018-06-27,Sekolah.ku
07605,Kearsten,2021-01-25,Sekolah.ku
07606,Salahaldeen,2019-06-22,Sekolah.ku
07607,Takaria,2019-12-25,Karier.ku
07608,Ivone,2020-05-15,Karier.ku
07609,Orlandrea,2021-02-06,Sekolah.ku
07610,Jeilene,2019-06-25,Karier.ku
07611,Kaella,2019-04-03,Sekolah.ku
07612,Yanara,2019-12-16,Sekolah.ku
07613,Davens,2022-02-02,Sekolah.ku
07614,Rocelin,2021-01-04,Sekolah.ku
07615,Nelwyn,2020-01-04,Karier.ku
07616,Achyuth,2018-10-18,Sekolah.ku
07617,Jima,2022-04-06,Sekolah.ku
07618,Kimerly,2021-03-25,Sekolah.ku
07619,Jerae,2019-05-01,Karier.ku
07620,Ceazar,2018-12-29,Sekolah.ku
07621,Javori,2019-02-02,Karier.ku
07622,Tylon,2020-06-03,Karier.ku
07623,Tauna,2021-08-19,Sekolah.ku
07624,Miken,2021-01-05,Karier.ku
07625,Tessalyn,2020-04-07,Sekolah.ku
07626,Viany,2019-03-18,Sekolah.ku
07627,Falicity,2020-09-21,Karier.ku
07628,Ieshia,2020-01-27,Sekolah.ku
07629,Ezaria,2019-08-07,Sekolah.ku
07630,Zyonnah,2020-10-03,Sekolah.ku
07631,Guiseppi,2020-06-18,Sekolah.ku
07632,Aleric,2021-06-08,Sekolah.ku
07633,Kahmiyah,2019-06-17,Sekolah.ku
07634,Sheneta,2018-12-23,Sekolah.ku
07635,Shamier,2021-07-17,Karier.ku
07636,Denyel,2020-01-07,Karier.ku
07637,Rakelle,2020-09-11,Sekolah.ku
07638,Azuree,2018-12-10,Sekolah.ku
07639,Brayland,2021-04-16,Sekolah.ku
07640,Rollyn,2018-09-27,Sekolah.ku
07641,Aylamae,2020-07-08,Sekolah.ku
07642,Nkiruka,2021-10-09,Sekolah.ku
07643,Mekail,2022-04-19,Sekolah.ku
07644,Bobbilee,2021-02-03,Karier.ku
07645,Aarshiya,2021-11-14,Karier.ku
07646,Emmaly,2019-08-19,Sekolah.ku
07647,Kalex,2022-05-06,Sekolah.ku
07648,Latosha,2019-03-29,Sekolah.ku
07649,Tyffanie,2019-02-07,Karier.ku
07650,Berny,2018-12-16,Sekolah.ku
07651,Kaylamarie,2019-07-12,Sekolah.ku
07652,Katybeth,2019-09-23,Sekolah.ku
07653,Susaa,2018-04-20,Karier.ku
07654,Shatara,2020-11-30,Sekolah.ku
07655,Nishad,2020-08-28,Sekolah.ku
07656,Jalill,2019-05-01,Sekolah.ku
07657,Sherille,2020-04-24,Karier.ku
07658,Kerryanne,2022-01-24,Sekolah.ku
07659,Kevonda,2019-07-14,Karier.ku
07660,Maurie,2020-02-25,Karier.ku
07661,Jhanee,2022-01-08,Sekolah.ku
07662,Avishai,2018-09-30,Karier.ku
07663,Heartlynn,2019-09-01,Sekolah.ku
07664,Raelie,2021-10-09,Sekolah.ku
07665,Whendy,2020-12-15,Sekolah.ku
07666,Eesa,2021-11-01,Karier.ku
07667,Maxymus,2018-10-13,Sekolah.ku
07668,Laquisha,2020-10-29,Sekolah.ku
07669,Chryl,2020-02-02,Sekolah.ku
07670,Somaly,2021-07-04,Karier.ku
07671,Bhavini,2020-11-05,Sekolah.ku
07672,Nacala,2019-02-10,Sekolah.ku
07673,Siddeegah,2021-10-28,Sekolah.ku
07674,Layani,2019-02-12,Sekolah.ku
07675,Cherrilyn,2020-06-13,Karier.ku
07676,Teadora,2022-01-31,Sekolah.ku
07677,Sadara,2019-10-16,Karier.ku
07678,Tresca,2021-11-17,Sekolah.ku
07679,Dauri,2021-08-08,Sekolah.ku
07680,Amareon,2022-04-27,Sekolah.ku
07681,Quaashie,2019-04-01,Karier.ku
07682,Kylealexander,2021-12-01,Sekolah.ku
07683,Anyjha,2018-10-02,Sekolah.ku
07684,Cailie,2018-06-14,Sekolah.ku
07685,Dayveon,2020-06-22,Sekolah.ku
07686,Marica,2020-11-18,Karier.ku
07687,Mccray,2021-06-20,Sekolah.ku
07688,Raequon,2020-11-25,Sekolah.ku
07689,Vincen,2021-02-26,Sekolah.ku
07690,Dicki,2019-03-16,Sekolah.ku
07691,Minie,2022-02-13,Karier.ku
07692,Bonell,2019-06-24,Sekolah.ku
07693,Abygael,2018-08-15,Karier.ku
07694,Naevia,2019-01-06,Sekolah.ku
07695,Letisha,2019-09-22,Sekolah.ku
07696,Camary,2021-02-04,Sekolah.ku
07697,Donitra,2022-01-11,Sekolah.ku
07698,Maluhia,2021-02-03,Sekolah.ku
07699,Jataveon,2019-12-20,Karier.ku
07700,Tavionna,2022-03-25,Sekolah.ku
07701,Bayler,2019-02-08,Sekolah.ku
07702,Vickee,2019-09-13,Karier.ku
07703,Kimberla,2021-09-16,Sekolah.ku
07704,Aylen,2020-01-29,Sekolah.ku
07705,Dolley,2021-08-30,Sekolah.ku
07706,Marajade,2022-05-01,Sekolah.ku
07707,Sameeha,2020-04-22,Sekolah.ku
07708,Marleyna,2021-07-01,Sekolah.ku
07709,Crash,2019-10-18,Sekolah.ku
07710,Anike,2021-09-15,Sekolah.ku
07711,Ivyl,2022-05-10,Karier.ku
07712,Bertis,2018-04-12,Sekolah.ku
07713,Xitlalic,2020-11-24,Karier.ku
07714,Prerna,2019-09-08,Sekolah.ku
07715,Dalyce,2020-06-07,Sekolah.ku
07716,Yurem,2019-02-05,Sekolah.ku
07717,Zyliyah,2020-03-03,Karier.ku
07718,Jaaron,2019-01-07,Sekolah.ku
07719,Amanni,2021-03-06,Sekolah.ku
07720,Aidric,2021-10-17,Karier.ku
07721,Dormilee,2020-01-05,Karier.ku
07722,Elorah,2019-06-16,Karier.ku
07723,Inamae,2019-10-03,Sekolah.ku
07724,Kristyna,2019-02-21,Sekolah.ku
07725,Tmarion,2018-11-09,Sekolah.ku
07726,Marino,2020-06-16,Sekolah.ku
07727,Temetrius,2020-03-29,Sekolah.ku
07728,Dvid,2019-06-24,Sekolah.ku
07729,Larnette,2021-07-21,Sekolah.ku
07730,Krisia,2020-12-22,Karier.ku
07731,Niria,2020-06-28,Sekolah.ku
07732,Sherr,2021-06-06,Sekolah.ku
07733,Sharlan,2020-09-21,Sekolah.ku
07734,Sarissa,2021-05-06,Sekolah.ku
07735,Quantas,2019-11-18,Sekolah.ku
07736,Adera,2018-07-18,Sekolah.ku
07737,Maulik,2019-06-19,Karier.ku
07738,Alcario,2021-06-19,Sekolah.ku
07739,Haruma,2019-05-21,Sekolah.ku
07740,Pheby,2018-04-21,Sekolah.ku
07741,Tripper,2021-10-26,Sekolah.ku
07742,Mattis,2019-06-05,Sekolah.ku
07743,Elree,2021-05-09,Sekolah.ku
07744,Eyram,2018-12-13,Karier.ku
07745,Pazong,2019-01-06,Sekolah.ku
07746,Heiko,2021-01-26,Karier.ku
07747,Shykeem,2020-08-07,Karier.ku
07748,Clemon,2021-10-24,Sekolah.ku
07749,Cha,2021-10-15,Karier.ku
07750,Adalys,2020-11-10,Karier.ku
07751,Quentavius,2019-10-08,Sekolah.ku
07752,Josyiah,2020-07-19,Sekolah.ku
07753,Evabelle,2020-07-07,Karier.ku
07754,Breyunna,2019-11-08,Karier.ku
07755,Qunesha,2022-04-09,Sekolah.ku
07756,Kyriana,2018-09-18,Karier.ku
07757,Chanley,2021-08-18,Sekolah.ku
07758,Jadasia,2018-05-11,Karier.ku
07759,Kiyle,2019-05-07,Sekolah.ku
07760,Aschton,2020-09-23,Sekolah.ku
07761,Nykeia,2021-02-10,Sekolah.ku
07762,Dijuan,2021-05-15,Sekolah.ku
07763,Jarimiah,2021-03-18,Sekolah.ku
07764,Haynie,2018-09-13,Sekolah.ku
07765,Deshante,2021-07-21,Sekolah.ku
07766,Darik,2020-11-23,Karier.ku
07767,Jacary,2020-06-28,Karier.ku
07768,Gordana,2020-01-15,Sekolah.ku
07769,Yulia,2021-07-08,Karier.ku
07770,Davinder,2018-06-25,Karier.ku
07771,Laveryl,2020-09-01,Karier.ku
07772,Smyan,2020-10-15,Sekolah.ku
07773,Dynasty,2020-04-17,Karier.ku
07774,Marzette,2020-12-29,Karier.ku
07775,Sandip,2021-09-04,Karier.ku
07776,Asiah,2019-07-04,Karier.ku
07777,Zyrek,2021-10-08,Karier.ku
07778,Naileah,2021-09-25,Karier.ku
07779,Besma,2020-10-07,Sekolah.ku
07780,Aaronjosh,2019-03-24,Sekolah.ku
07781,Sourish,2020-08-22,Sekolah.ku
07782,Nikaylah,2018-07-09,Sekolah.ku
07783,Unia,2020-03-08,Sekolah.ku
07784,Tarana,2019-12-05,Sekolah.ku
07785,Xamara,2022-03-27,Sekolah.ku
07786,Manaia,2021-02-22,Sekolah.ku
07787,Kiairra,2021-11-07,Karier.ku
07788,Waldy,2022-01-21,Karier.ku
07789,Charleigh,2020-05-11,Sekolah.ku
07790,Ante,2019-02-04,Sekolah.ku
07791,Chloeigh,2020-04-11,Karier.ku
07792,Janela,2019-02-19,Sekolah.ku
07793,Addriana,2021-08-21,Sekolah.ku
07794,Darrold,2021-06-28,Sekolah.ku
07795,Semion,2020-04-30,Sekolah.ku
07796,Toiya,2020-08-20,Sekolah.ku
07797,Rainne,2020-05-23,Sekolah.ku
07798,Taquoia,2019-03-06,Sekolah.ku
07799,Davyan,2019-05-22,Karier.ku
07800,Sofhia,2020-04-19,Sekolah.ku
07801,Joyel,2020-04-23,Karier.ku
07802,Ishak,2020-02-10,Karier.ku
07803,Sadora,2020-10-11,Sekolah.ku
07804,Shatiana,2020-10-03,Karier.ku
07805,Francell,2019-11-17,Karier.ku
07806,Annyssa,2022-04-06,Sekolah.ku
07807,Maryjoe,2020-11-27,Sekolah.ku
07808,Annalyce,2021-08-21,Sekolah.ku
07809,Chenxi,2021-12-25,Sekolah.ku
07810,Tessa,2020-06-13,Sekolah.ku
07811,Jermine,2021-05-14,Karier.ku
07812,Rosellen,2020-12-17,Sekolah.ku
07813,Sybel,2020-04-23,Karier.ku
07814,Harsha,2019-12-06,Sekolah.ku
07815,Gerrad,2020-09-11,Sekolah.ku
07816,Avyona,2020-07-07,Sekolah.ku
07817,Micaila,2019-04-29,Sekolah.ku
07818,Callysta,2019-12-08,Karier.ku
07819,Lillyannah,2018-07-04,Karier.ku
07820,Beula,2020-01-14,Karier.ku
07821,Tayler,2020-12-13,Karier.ku
07822,Aeryona,2021-09-25,Sekolah.ku
07823,Zayra,2019-01-23,Sekolah.ku
07824,Kaesyn,2020-12-14,Sekolah.ku
07825,Jewel,2020-06-14,Karier.ku
07826,Antonette,2020-08-30,Karier.ku
07827,Anagh,2020-11-24,Sekolah.ku
07828,Aliene,2019-05-06,Sekolah.ku
07829,Thuthuy,2020-04-26,Sekolah.ku
07830,Axtin,2021-02-23,Karier.ku
07831,Bria,2019-06-19,Sekolah.ku
07832,Kachiri,2020-08-01,Sekolah.ku
07833,Faiga,2021-09-06,Sekolah.ku
07834,Ladaveon,2019-03-24,Karier.ku
07835,Ronalda,2019-04-27,Sekolah.ku
07836,Saranna,2020-12-15,Karier.ku
07837,Johandry,2018-07-15,Sekolah.ku
07838,Valera,2018-07-01,Sekolah.ku
07839,Natayshia,2021-06-26,Sekolah.ku
07840,Aydann,2021-01-02,Sekolah.ku
07841,Jenafer,2019-09-12,Sekolah.ku
07842,Melieck,2021-01-09,Karier.ku
07843,Britzel,2019-12-01,Sekolah.ku
07844,Shannya,2022-03-29,Sekolah.ku
07845,Saija,2019-03-13,Sekolah.ku
07846,Zylie,2018-11-04,Sekolah.ku
07847,Gerado,2020-01-03,Sekolah.ku
07848,Tamesha,2020-09-15,Sekolah.ku
07849,Sayuri,2020-03-25,Sekolah.ku
07850,Armod,2021-05-21,Karier.ku
07851,Paraskevi,2019-03-05,Karier.ku
07852,Jniyah,2020-03-04,Sekolah.ku
07853,Jahana,2022-04-04,Sekolah.ku
07854,Utica,2021-08-25,Karier.ku
07855,Kazir,2020-06-09,Sekolah.ku
07856,Latricha,2019-03-17,Sekolah.ku
07857,Williman,2021-04-29,Sekolah.ku
07858,Cowan,2018-10-29,Karier.ku
07859,Paitlyn,2019-03-30,Sekolah.ku
07860,Johnnisha,2019-07-16,Sekolah.ku
07861,Wialliam,2018-05-20,Sekolah.ku
07862,Valerine,2020-03-04,Sekolah.ku
07863,Pavel,2020-11-15,Sekolah.ku
07864,Jenina,2018-10-01,Sekolah.ku
07865,Gudrun,2020-09-17,Sekolah.ku
07866,Llona,2018-06-10,Sekolah.ku
07867,Kalaysia,2018-06-25,Karier.ku
07868,Colinda,2021-07-09,Sekolah.ku
07869,Yeabsera,2021-02-28,Sekolah.ku
07870,Justine,2021-06-22,Sekolah.ku
07871,Shevell,2020-06-17,Karier.ku
07872,Karri,2022-01-29,Sekolah.ku
07873,Emeth,2019-07-08,Karier.ku
07874,Salvatora,2018-09-12,Sekolah.ku
07875,Lekeitha,2021-07-01,Karier.ku
07876,Danajha,2022-01-07,Sekolah.ku
07877,Mechell,2021-07-14,Sekolah.ku
07878,Laricka,2021-03-09,Karier.ku
07879,Shalica,2021-02-22,Karier.ku
07880,Arizonia,2019-11-23,Sekolah.ku
07881,Conleigh,2020-09-01,Sekolah.ku
07882,Irlanda,2021-08-21,Sekolah.ku
07883,Tymeka,2020-05-23,Sekolah.ku
07884,Jahcere,2021-04-25,Sekolah.ku
07885,Jonesha,2019-04-25,Sekolah.ku
07886,Julis,2020-12-28,Karier.ku
07887,Verdale,2019-07-04,Sekolah.ku
07888,Kyl,2021-07-31,Karier.ku
07889,Zyriyah,2020-09-10,Sekolah.ku
07890,Evi,2019-11-12,Sekolah.ku
07891,Ashmi,2018-12-30,Karier.ku
07892,Lorissa,2022-01-01,Karier.ku
07893,Zoraiz,2021-10-19,Sekolah.ku
07894,Abimbola,2021-04-22,Sekolah.ku
07895,Lyndzie,2020-03-11,Sekolah.ku
07896,Abreya,2019-10-01,Karier.ku
07897,Laynah,2019-03-05,Karier.ku
07898,Lateresa,2019-08-03,Sekolah.ku
07899,Lorrayne,2020-10-22,Karier.ku
07900,Annalisse,2020-10-09,Sekolah.ku
07901,Gershon,2020-10-24,Sekolah.ku
07902,River,2018-08-04,Sekolah.ku
07903,Ozvaldo,2018-09-23,Sekolah.ku
07904,Jerrika,2021-04-27,Sekolah.ku
07905,Anicia,2022-04-02,Sekolah.ku
07906,Macdonald,2020-10-12,Sekolah.ku
07907,Riis,2022-02-20,Karier.ku
07908,Forney,2021-12-31,Karier.ku
07909,Irem,2021-11-27,Sekolah.ku
07910,Xabier,2018-12-17,Sekolah.ku
07911,Caidy,2018-05-10,Sekolah.ku
07912,Stanely,2021-08-07,Sekolah.ku
07913,Arlandus,2020-07-18,Sekolah.ku
07914,Javary,2022-02-12,Sekolah.ku
07915,Rauni,2020-08-22,Karier.ku
07916,Leontay,2019-04-19,Karier.ku
07917,Mea,2018-10-11,Sekolah.ku
07918,Joniel,2020-08-18,Sekolah.ku
07919,Sammul,2021-08-08,Sekolah.ku
07920,Ghazal,2019-03-04,Karier.ku
07921,Earin,2020-08-21,Sekolah.ku
07922,Keymaya,2018-05-01,Karier.ku
07923,Ayodeji,2020-03-08,Sekolah.ku
07924,Asharra,2019-10-01,Sekolah.ku
07925,Independence,2020-12-01,Sekolah.ku
07926,Bonzie,2021-08-19,Sekolah.ku
07927,Makaylie,2020-05-01,Sekolah.ku
07928,Jabreia,2022-05-09,Sekolah.ku
07929,Zale,2019-05-16,Karier.ku
07930,Lotus,2019-01-04,Sekolah.ku
07931,Dushaun,2021-04-16,Sekolah.ku
07932,Anntionette,2021-12-03,Sekolah.ku
07933,Aysha,2019-02-03,Karier.ku
07934,Greyston,2021-04-25,Karier.ku
07935,Vonzella,2018-04-13,Sekolah.ku
07936,Alaida,2020-04-24,Karier.ku
07937,Noema,2019-03-28,Karier.ku
07938,Mikinzie,2018-08-09,Sekolah.ku
07939,Senga,2022-03-10,Karier.ku
07940,Nanaakua,2019-06-23,Karier.ku
07941,Tarique,2021-03-26,Sekolah.ku
07942,Jentrie,2020-11-26,Karier.ku
07943,Fateen,2019-10-20,Sekolah.ku
07944,Lashounda,2021-05-07,Sekolah.ku
07945,Chrishon,2018-11-04,Karier.ku
07946,Farm,2019-07-04,Sekolah.ku
07947,Monsserat,2019-02-12,Sekolah.ku
07948,Eathen,2021-12-15,Karier.ku
07949,Lannah,2021-05-08,Sekolah.ku
07950,Azyra,2022-01-20,Sekolah.ku
07951,Dajah,2020-11-20,Sekolah.ku
07952,Kalan,2020-07-09,Sekolah.ku
07953,Alekzandra,2020-03-21,Karier.ku
07954,Albesa,2021-08-21,Sekolah.ku
07955,Leyann,2020-07-24,Karier.ku
07956,Ellasyn,2019-09-03,Sekolah.ku
07957,Burlie,2021-01-31,Sekolah.ku
07958,Kieth,2022-01-27,Sekolah.ku
07959,Deloice,2018-07-02,Sekolah.ku
07960,Zionna,2019-10-21,Sekolah.ku
07961,Synclaire,2019-10-26,Sekolah.ku
07962,Lanty,2022-03-17,Sekolah.ku
07963,Rayva,2020-03-26,Karier.ku
07964,Kemel,2019-04-09,Sekolah.ku
07965,Caliph,2022-05-10,Sekolah.ku
07966,Theartis,2020-02-13,Sekolah.ku
07967,Deaundre,2020-07-24,Sekolah.ku
07968,Charlierae,2018-12-19,Sekolah.ku
07969,Tashay,2021-10-17,Karier.ku
07970,Marella,2018-04-30,Sekolah.ku
07971,Rockne,2019-02-02,Sekolah.ku
07972,Alexsi,2019-02-11,Sekolah.ku
07973,Savannaha,2021-07-07,Sekolah.ku
07974,Richon,2020-03-04,Karier.ku
07975,Evyan,2021-12-09,Karier.ku
07976,Desjah,2019-01-15,Sekolah.ku
07977,Altheia,2020-04-15,Karier.ku
07978,Indiyah,2019-01-02,Karier.ku
07979,Taaffe,2020-02-16,Karier.ku
07980,Dennine,2019-12-09,Karier.ku
07981,Tierny,2019-02-19,Karier.ku
07982,Orel,2020-11-22,Sekolah.ku
07983,Micco,2020-03-27,Sekolah.ku
07984,Mister,2018-12-23,Karier.ku
07985,Szofia,2020-01-18,Sekolah.ku
07986,Antonie,2020-01-26,Karier.ku
07987,Chealsea,2018-07-17,Sekolah.ku
07988,Carolyne,2019-10-09,Karier.ku
07989,Kovin,2021-08-11,Karier.ku
07990,Fritha,2021-04-09,Sekolah.ku
07991,Vikky,2021-04-23,Sekolah.ku
07992,Feleisha,2018-04-25,Sekolah.ku
07993,Deaundrea,2020-05-21,Sekolah.ku
07994,Risha,2021-10-01,Sekolah.ku
07995,Arleth,2020-05-31,Karier.ku
07996,Kenenna,2018-06-19,Sekolah.ku
07997,Aashka,2021-03-04,Sekolah.ku
07998,Alvino,2019-09-01,Sekolah.ku
07999,Ivany,2021-04-29,Karier.ku
08000,Alycen,2021-03-25,Karier.ku
08001,Alamea,2018-12-10,Sekolah.ku
08002,Nolen,2019-03-20,Sekolah.ku
08003,Cashlin,2019-03-31,Karier.ku
08004,Runnie,2021-02-27,Sekolah.ku
08005,Justion,2021-06-18,Karier.ku
08006,Nisarg,2022-01-24,Sekolah.ku
08007,Tylisa,2020-11-28,Sekolah.ku
08008,Emmelynn,2018-06-04,Sekolah.ku
08009,Katonia,2020-04-27,Karier.ku
08010,Devarus,2018-11-01,Karier.ku
08011,Attie,2019-08-22,Karier.ku
08012,Dorothey,2019-12-29,Sekolah.ku
08013,Naome,2018-12-26,Sekolah.ku
08014,Kean,2019-10-18,Sekolah.ku
08015,Plutarco,2020-08-28,Sekolah.ku
08016,Kholie,2020-01-20,Sekolah.ku
08017,Zarhia,2019-08-13,Sekolah.ku
08018,Brantley,2020-07-27,Karier.ku
08019,Jhariel,2021-03-13,Sekolah.ku
08020,Britne,2021-09-17,Sekolah.ku
08021,Mabelle,2021-08-24,Sekolah.ku
08022,Sever,2022-05-08,Sekolah.ku
08023,Subhan,2019-04-03,Karier.ku
08024,Sebian,2020-07-21,Karier.ku
08025,Maeven,2022-02-03,Sekolah.ku
08026,Soffia,2020-12-05,Karier.ku
08027,Marreo,2020-05-05,Sekolah.ku
08028,Candys,2021-08-14,Sekolah.ku
08029,Jakeyla,2020-06-11,Karier.ku
08030,Horst,2018-11-14,Sekolah.ku
08031,Sigfrido,2020-02-24,Sekolah.ku
08032,Tuesday,2019-04-11,Karier.ku
08033,Charlia,2021-11-20,Sekolah.ku
08034,Sopheap,2021-10-31,Karier.ku
08035,Audreyanna,2021-12-04,Sekolah.ku
08036,Jawaan,2019-03-14,Sekolah.ku
08037,Aadish,2020-08-10,Sekolah.ku
08038,Santrell,2022-04-14,Karier.ku
08039,Clorice,2018-08-30,Karier.ku
08040,Shaquez,2021-12-17,Sekolah.ku
08041,Brisny,2021-05-25,Sekolah.ku
08042,Chon,2021-11-12,Sekolah.ku
08043,Bain,2020-09-26,Karier.ku
08044,Bilaal,2020-09-27,Sekolah.ku
08045,Parks,2021-05-24,Karier.ku
08046,Pollard,2018-10-02,Sekolah.ku
08047,Jaronte,2020-01-31,Karier.ku
08048,Azelin,2020-11-30,Sekolah.ku
08049,Nevaehtnes,2022-01-01,Sekolah.ku
08050,Aribel,2019-03-29,Sekolah.ku
08051,Jaiyana,2018-05-29,Sekolah.ku
08052,Floydell,2020-07-08,Sekolah.ku
08053,Janahi,2020-03-08,Sekolah.ku
08054,Judieth,2019-01-22,Sekolah.ku
08055,Karise,2022-03-23,Sekolah.ku
08056,Kanyia,2019-04-28,Sekolah.ku
08057,Kendly,2021-08-02,Sekolah.ku
08058,Cynara,2020-02-28,Sekolah.ku
08059,Binu,2020-06-09,Sekolah.ku
08060,Satomi,2021-09-08,Sekolah.ku
08061,Taliesin,2021-09-23,Sekolah.ku
08062,Nashea,2020-07-20,Karier.ku
08063,Modesta,2020-07-08,Sekolah.ku
08064,Mynasia,2022-05-10,Karier.ku
08065,Kaajal,2021-06-25,Sekolah.ku
08066,Pola,2019-11-29,Karier.ku
08067,Adline,2021-03-22,Sekolah.ku
08068,Marje,2020-09-15,Sekolah.ku
08069,Samija,2018-06-06,Karier.ku
08070,Zoeey,2020-06-15,Sekolah.ku
08071,Leshon,2018-04-29,Karier.ku
08072,Amous,2021-07-06,Karier.ku
08073,Mayeli,2019-05-31,Sekolah.ku
08074,Dejia,2021-07-22,Sekolah.ku
08075,Shriram,2020-07-17,Karier.ku
08076,Raniyah,2022-01-09,Karier.ku
08077,Babak,2021-02-12,Karier.ku
08078,Markee,2020-06-20,Sekolah.ku
08079,Hinsley,2021-05-23,Karier.ku
08080,Chol,2021-08-10,Karier.ku
08081,Runell,2018-12-25,Sekolah.ku
08082,Dayri,2019-11-21,Karier.ku
08083,Celio,2020-08-20,Karier.ku
08084,Alleyne,2020-03-30,Karier.ku
08085,Glenis,2021-11-04,Sekolah.ku
08086,Babita,2020-02-16,Sekolah.ku
08087,Syna,2019-05-10,Karier.ku
08088,Arvi,2020-02-28,Sekolah.ku
08089,Takijah,2019-12-30,Sekolah.ku
08090,Jaquashia,2020-05-25,Karier.ku
08091,Tkaia,2019-04-02,Sekolah.ku
08092,Quintay,2018-05-26,Karier.ku
08093,Nathali,2022-02-08,Sekolah.ku
08094,Tibby,2021-07-09,Sekolah.ku
08095,Eviana,2019-08-25,Sekolah.ku
08096,Chelseay,2018-08-15,Karier.ku
08097,Coreena,2021-04-02,Sekolah.ku
08098,Bradrick,2020-12-15,Karier.ku
08099,Mckaylia,2019-07-18,Sekolah.ku
08100,Tousha,2020-10-11,Sekolah.ku
08101,Garrison,2019-06-05,Sekolah.ku
08102,Ellea,2018-11-08,Karier.ku
08103,Jaydem,2021-12-28,Sekolah.ku
08104,Annamaria,2020-07-17,Sekolah.ku
08105,Shatiqua,2021-10-09,Karier.ku
08106,Lanay,2019-07-01,Sekolah.ku
08107,Arek,2020-12-31,Karier.ku
08108,Lissandra,2022-03-01,Karier.ku
08109,Janesia,2019-11-19,Sekolah.ku
08110,Telesfor,2020-02-07,Sekolah.ku
08111,Yeira,2020-09-10,Sekolah.ku
08112,Marriyah,2021-03-06,Karier.ku
08113,Takeasha,2019-10-30,Sekolah.ku
08114,Bethie,2020-04-02,Sekolah.ku
08115,Skylar,2020-10-17,Karier.ku
08116,Lavonna,2019-07-21,Sekolah.ku
08117,Major,2022-03-31,Sekolah.ku
08118,Sri,2021-08-27,Karier.ku
08119,Elany,2020-10-04,Sekolah.ku
08120,Kiarra,2021-05-31,Sekolah.ku
08121,Wahneta,2020-07-07,Sekolah.ku
08122,Searria,2018-07-28,Karier.ku
08123,Demarrius,2022-04-03,Sekolah.ku
08124,Brinden,2022-01-14,Sekolah.ku
08125,Jamecca,2020-01-17,Sekolah.ku
08126,Kardarius,2019-11-29,Karier.ku
08127,Merril,2019-09-10,Sekolah.ku
08128,Yiming,2022-03-07,Sekolah.ku
08129,Duglas,2019-07-27,Karier.ku
08130,Rufio,2021-09-30,Karier.ku
08131,Eliborio,2018-05-09,Sekolah.ku
08132,Swen,2020-09-06,Sekolah.ku
08133,Kalis,2021-07-16,Sekolah.ku
08134,Aresha,2021-02-27,Karier.ku
08135,Padro,2018-06-30,Sekolah.ku
08136,Hadiatou,2022-02-13,Sekolah.ku
08137,Sheilly,2020-03-27,Sekolah.ku
08138,Eknoor,2019-11-08,Sekolah.ku
08139,Sebastiana,2021-12-06,Sekolah.ku
08140,Edithe,2021-01-21,Karier.ku
08141,Eward,2022-03-26,Karier.ku
08142,Junelle,2021-02-28,Karier.ku
08143,Mathu,2020-01-18,Sekolah.ku
08144,Cleston,2020-09-03,Sekolah.ku
08145,Shoua,2019-12-31,Sekolah.ku
08146,Nieves,2019-04-19,Karier.ku
08147,Kassity,2022-04-22,Sekolah.ku
08148,Tkeyha,2020-11-11,Sekolah.ku
08149,Reyaansh,2019-10-31,Sekolah.ku
08150,Lylis,2019-10-08,Karier.ku
08151,Aveya,2019-10-13,Karier.ku
08152,Margulia,2022-04-03,Karier.ku
08153,Aire,2018-05-15,Sekolah.ku
08154,Envy,2020-01-28,Sekolah.ku
08155,Aften,2019-12-11,Sekolah.ku
08156,Daivon,2018-06-12,Sekolah.ku
08157,Natalie,2018-10-21,Sekolah.ku
08158,Sydny,2022-02-01,Karier.ku
08159,Jeson,2022-01-29,Sekolah.ku
08160,Wil,2019-09-16,Sekolah.ku
08161,Decari,2019-09-13,Karier.ku
08162,Zabriel,2021-06-13,Sekolah.ku
08163,Tashaunda,2021-06-13,Sekolah.ku
08164,Brezlyn,2019-09-16,Sekolah.ku
08165,Keishana,2018-11-18,Sekolah.ku
08166,Lidiya,2019-10-24,Karier.ku
08167,Quamel,2020-05-12,Karier.ku
08168,Wester,2020-03-16,Sekolah.ku
08169,Chubby,2020-08-02,Sekolah.ku
08170,Dejahne,2021-02-28,Sekolah.ku
08171,Jyaire,2020-08-15,Karier.ku
08172,Migual,2018-10-24,Sekolah.ku
08173,Narjes,2019-03-02,Karier.ku
08174,Noni,2020-09-07,Karier.ku
08175,Railee,2019-05-10,Sekolah.ku
08176,Trevone,2020-12-17,Sekolah.ku
08177,Maider,2021-12-20,Sekolah.ku
08178,Jaquail,2018-08-26,Sekolah.ku
08179,Suleyma,2019-01-15,Sekolah.ku
08180,Tashica,2021-01-10,Sekolah.ku
08181,Saraanne,2020-06-29,Sekolah.ku
08182,Kentarious,2021-06-10,Sekolah.ku
08183,Cormarion,2019-04-26,Karier.ku
08184,Carrissa,2019-10-22,Karier.ku
08185,Gator,2019-03-06,Karier.ku
08186,Markley,2020-03-13,Karier.ku
08187,Israyel,2021-09-17,Sekolah.ku
08188,Jalyse,2022-04-24,Sekolah.ku
08189,Chanan,2018-07-29,Karier.ku
08190,Kleopatra,2020-09-25,Sekolah.ku
08191,Ernal,2018-08-21,Sekolah.ku
08192,Geetanjali,2018-10-25,Sekolah.ku
08193,Queenell,2018-09-21,Sekolah.ku
08194,Kalyia,2018-07-23,Sekolah.ku
08195,Jillienne,2020-02-05,Sekolah.ku
08196,Olon,2021-04-20,Karier.ku
08197,Adedoyin,2020-08-25,Sekolah.ku
08198,Cleat,2018-09-07,Karier.ku
08199,Shakilah,2021-01-21,Karier.ku
08200,Ledell,2018-12-24,Sekolah.ku
08201,Payton,2018-10-15,Karier.ku
08202,Kahila,2020-01-23,Sekolah.ku
08203,Karynn,2020-01-24,Sekolah.ku
08204,Leire,2020-09-20,Sekolah.ku
08205,Binnie,2020-10-20,Sekolah.ku
08206,Jamiley,2022-04-11,Karier.ku
08207,Hinda,2020-11-20,Sekolah.ku
08208,Renaud,2019-01-27,Sekolah.ku
08209,Kimone,2018-12-15,Sekolah.ku
08210,Kerryann,2021-07-30,Karier.ku
08211,Anavela,2022-02-20,Sekolah.ku
08212,Jmyah,2018-09-23,Karier.ku
08213,Dinae,2018-12-22,Karier.ku
08214,Niekia,2022-02-08,Karier.ku
08215,Samajae,2019-01-28,Sekolah.ku
08216,Patriciaanne,2022-02-13,Sekolah.ku
08217,Avneet,2018-07-08,Karier.ku
08218,Caretta,2021-08-09,Sekolah.ku
08219,Jonquavious,2022-01-20,Karier.ku
08220,Janica,2021-09-21,Sekolah.ku
08221,Unknown,2021-09-24,Karier.ku
08222,Tashala,2018-05-06,Sekolah.ku
08223,Meagen,2020-09-06,Sekolah.ku
08224,Nia,2022-04-22,Sekolah.ku
08225,Kieston,2019-06-21,Karier.ku
08226,Fana,2021-02-22,Karier.ku
08227,Raysean,2020-12-15,Sekolah.ku
08228,Meenakshi,2021-05-25,Sekolah.ku
08229,Sherrylee,2021-09-30,Karier.ku
08230,Rachelleann,2019-08-03,Sekolah.ku
08231,Dayquan,2018-11-22,Sekolah.ku
08232,Danuel,2019-03-06,Sekolah.ku
08233,Heshy,2021-04-07,Sekolah.ku
08234,Tamichael,2019-07-20,Sekolah.ku
08235,Casto,2022-04-30,Karier.ku
08236,Keynu,2018-05-11,Sekolah.ku
08237,Elizabethanne,2019-05-24,Karier.ku
08238,Abri,2022-03-12,Sekolah.ku
08239,Deariah,2021-05-12,Karier.ku
08240,Mikias,2021-03-14,Karier.ku
08241,Conner,2022-01-08,Sekolah.ku
08242,Sreeya,2019-12-27,Karier.ku
08243,Tayloranne,2022-02-26,Karier.ku
08244,Daizie,2018-08-26,Karier.ku
08245,Claudean,2022-05-07,Karier.ku
08246,Sandford,2020-03-24,Sekolah.ku
08247,Nikolus,2019-10-02,Sekolah.ku
08248,Karenn,2019-01-23,Sekolah.ku
08249,Antwanette,2020-03-13,Karier.ku
08250,Shanan,2018-12-20,Karier.ku
08251,Marieke,2018-06-02,Karier.ku
08252,Diavion,2018-07-08,Sekolah.ku
08253,Juliaanne,2019-03-08,Karier.ku
08254,Erron,2021-09-01,Sekolah.ku
08255,Jauna,2021-07-29,Sekolah.ku
08256,Lloyd,2018-06-25,Sekolah.ku
08257,Kaedynn,2021-02-07,Karier.ku
08258,Purlie,2019-02-27,Sekolah.ku
08259,Ivona,2019-09-26,Sekolah.ku
08260,Jeraldy,2020-10-02,Sekolah.ku
08261,Maciej,2018-07-20,Sekolah.ku
08262,Jonasia,2018-05-12,Sekolah.ku
08263,Berthold,2020-04-09,Sekolah.ku
08264,Samaah,2019-12-01,Sekolah.ku
08265,Blayklee,2019-12-05,Sekolah.ku
08266,Conell,2018-04-28,Karier.ku
08267,Dencil,2019-04-27,Sekolah.ku
08268,Kenaja,2018-08-20,Karier.ku
08269,Milasia,2018-12-15,Sekolah.ku
08270,Makiley,2018-12-09,Sekolah.ku
08271,Caeson,2020-02-01,Sekolah.ku
08272,Loisanne,2020-04-07,Karier.ku
08273,Kaylum,2019-05-09,Karier.ku
08274,Zamare,2019-05-27,Sekolah.ku
08275,Lorez,2018-11-29,Sekolah.ku
08276,Auriyana,2018-05-02,Sekolah.ku
08277,Richette,2021-10-27,Karier.ku
08278,Linsy,2018-12-05,Sekolah.ku
08279,Shemeeka,2020-12-05,Sekolah.ku
08280,Yacqub,2020-09-28,Sekolah.ku
08281,Joud,2019-01-13,Sekolah.ku
08282,Claribel,2019-05-29,Karier.ku
08283,Winsor,2020-11-09,Karier.ku
08284,Henach,2019-10-23,Karier.ku
08285,Maeci,2021-11-05,Sekolah.ku
08286,Yesel,2020-02-14,Karier.ku
08287,Mahkyla,2019-07-21,Sekolah.ku
08288,Keemon,2021-06-12,Karier.ku
08289,Makylie,2022-01-04,Sekolah.ku
08290,Ozzie,2021-01-18,Sekolah.ku
08291,Allora,2019-10-27,Sekolah.ku
08292,Grahm,2020-04-24,Sekolah.ku
08293,Deysia,2022-01-12,Sekolah.ku
08294,Des,2020-11-01,Sekolah.ku
08295,Tequesta,2019-06-18,Sekolah.ku
08296,Aali,2021-03-11,Karier.ku
08297,Aydun,2020-08-25,Sekolah.ku
08298,Talton,2021-10-30,Sekolah.ku
08299,Eniola,2020-01-26,Karier.ku
08300,Laurien,2020-07-01,Karier.ku
08301,Jasahn,2020-10-10,Karier.ku
08302,Marabella,2020-05-09,Sekolah.ku
08303,Teneia,2021-12-24,Sekolah.ku
08304,Cleave,2021-04-27,Sekolah.ku
08305,Rossano,2019-08-29,Sekolah.ku
08306,Tawnee,2021-10-03,Sekolah.ku
08307,Maielle,2019-07-04,Sekolah.ku
08308,Shamaia,2018-08-22,Karier.ku
08309,Koti,2018-11-12,Sekolah.ku
08310,Khail,2022-02-02,Sekolah.ku
08311,Kuper,2021-06-01,Sekolah.ku
08312,Greenville,2021-09-16,Sekolah.ku
08313,Dala,2019-06-02,Sekolah.ku
08314,Sufia,2018-10-10,Sekolah.ku
08315,Cherith,2021-10-30,Sekolah.ku
08316,Dontarrius,2019-12-17,Karier.ku
08317,Ashyr,2020-11-04,Sekolah.ku
08318,Joesiah,2018-11-11,Karier.ku
08319,Allieana,2020-12-23,Sekolah.ku
08320,Achanti,2019-01-13,Sekolah.ku
08321,Wynola,2019-03-17,Sekolah.ku
08322,Lechia,2020-07-08,Sekolah.ku
08323,Gabriellia,2022-04-27,Sekolah.ku
08324,Arax,2021-08-31,Sekolah.ku
08325,Jarvis,2022-05-15,Sekolah.ku
08326,Aleiha,2019-11-12,Sekolah.ku
08327,Hussain,2020-02-09,Sekolah.ku
08328,Ahnyia,2018-04-30,Karier.ku
08329,Yolande,2018-05-30,Sekolah.ku
08330,Shantra,2018-09-08,Karier.ku
08331,Arness,2018-12-05,Sekolah.ku
08332,Ledarius,2019-10-27,Karier.ku
08333,Samad,2018-06-17,Karier.ku
08334,Yamina,2021-06-07,Sekolah.ku
08335,Kelline,2018-04-22,Sekolah.ku
08336,Jowell,2020-02-15,Sekolah.ku
08337,Joeseph,2018-11-11,Sekolah.ku
08338,Amahya,2022-01-28,Sekolah.ku
08339,Quantae,2019-10-11,Sekolah.ku
08340,Blakeleigh,2018-09-13,Sekolah.ku
08341,Aniq,2021-03-06,Sekolah.ku
08342,Audryana,2019-11-19,Karier.ku
08343,Ethridge,2021-05-07,Sekolah.ku
08344,Gregory,2019-02-17,Sekolah.ku
08345,Bunnie,2022-01-31,Sekolah.ku
08346,Samarya,2020-05-31,Karier.ku
08347,Jonanthony,2019-12-08,Sekolah.ku
08348,Serigo,2022-01-02,Karier.ku
08349,Justyse,2019-04-16,Sekolah.ku
08350,Rich,2020-04-22,Karier.ku
08351,Ladeane,2018-07-20,Karier.ku
08352,Noor,2021-08-21,Karier.ku
08353,Osmin,2019-04-23,Karier.ku
08354,Jovannie,2018-12-01,Sekolah.ku
08355,Taylene,2021-02-12,Karier.ku
08356,Tayshun,2022-03-06,Sekolah.ku
08357,Mcclane,2019-12-12,Karier.ku
08358,Kuhu,2021-07-11,Sekolah.ku
08359,Anayaa,2020-03-10,Sekolah.ku
08360,Courtlin,2020-10-22,Karier.ku
08361,Christon,2021-06-27,Sekolah.ku
08362,Jahseem,2018-06-27,Sekolah.ku
08363,Kimbler,2019-12-19,Sekolah.ku
08364,Miabella,2020-07-12,Karier.ku
08365,Yavier,2022-01-26,Sekolah.ku
08366,Sheene,2019-10-21,Sekolah.ku
08367,Lia,2020-02-18,Sekolah.ku
08368,Davod,2020-05-08,Karier.ku
08369,Jailynne,2019-08-29,Sekolah.ku
08370,Jakyre,2018-12-27,Sekolah.ku
08371,Deboral,2020-03-08,Sekolah.ku
08372,Zebulah,2021-05-10,Sekolah.ku
08373,Nelena,2018-10-16,Sekolah.ku
08374,Ruqayya,2020-12-31,Sekolah.ku
08375,Cillian,2019-06-27,Karier.ku
08376,Tomoya,2021-01-06,Karier.ku
08377,Jaleh,2020-02-25,Karier.ku
08378,Bowin,2022-02-20,Sekolah.ku
08379,Shataura,2018-09-08,Karier.ku
08380,Denicka,2019-10-18,Karier.ku
08381,Graham,2020-07-10,Karier.ku
08382,Teejay,2021-05-24,Sekolah.ku
08383,Samaura,2020-09-22,Sekolah.ku
08384,Zien,2019-06-09,Karier.ku
08385,Averionna,2018-10-03,Sekolah.ku
08386,Christle,2021-06-21,Karier.ku
08387,Goliath,2019-04-29,Karier.ku
08388,Nyshae,2018-11-05,Karier.ku
08389,Trenard,2021-01-19,Sekolah.ku
08390,Janetta,2021-10-23,Sekolah.ku
08391,Teriah,2020-08-10,Karier.ku
08392,Francese,2021-12-06,Sekolah.ku
08393,Traverse,2020-05-16,Sekolah.ku
08394,Mashika,2018-08-10,Sekolah.ku
08395,Jaheir,2021-09-15,Sekolah.ku
08396,Aleita,2020-07-01,Sekolah.ku
08397,Dearron,2019-02-16,Karier.ku
08398,Ghenet,2021-07-07,Sekolah.ku
08399,Azhari,2021-08-06,Sekolah.ku
08400,Inda,2021-02-13,Sekolah.ku
08401,Ok,2022-03-17,Sekolah.ku
08402,Rugiatu,2018-10-06,Sekolah.ku
08403,Shantaria,2019-07-06,Sekolah.ku
08404,Andrianne,2019-10-11,Sekolah.ku
08405,Lyllian,2018-08-09,Karier.ku
08406,Ahmaya,2022-02-27,Sekolah.ku
08407,Claranell,2020-06-22,Sekolah.ku
08408,Armonte,2021-11-25,Sekolah.ku
08409,Sokol,2021-03-13,Sekolah.ku
08410,Kisher,2021-05-06,Sekolah.ku
08411,Aarnav,2018-07-17,Sekolah.ku
08412,Anaiyah,2021-12-23,Sekolah.ku
08413,Beshoy,2020-09-12,Sekolah.ku
08414,Labarbara,2019-09-26,Karier.ku
08415,Eta,2021-01-01,Sekolah.ku
08416,Marseille,2020-01-01,Sekolah.ku
08417,Seledonio,2019-06-05,Karier.ku
08418,Jvante,2019-04-11,Sekolah.ku
08419,Kasea,2020-07-27,Sekolah.ku
08420,Macson,2020-08-19,Sekolah.ku
08421,Torben,2020-07-29,Sekolah.ku
08422,Cianni,2020-07-30,Karier.ku
08423,Bun,2019-07-13,Sekolah.ku
08424,Azaia,2018-10-04,Karier.ku
08425,Karsan,2021-10-31,Sekolah.ku
08426,Dylaney,2019-12-17,Sekolah.ku
08427,Sahmya,2018-04-25,Karier.ku
08428,Briyelle,2021-12-03,Karier.ku
08429,Ayelet,2019-07-19,Sekolah.ku
08430,Janiyyah,2018-08-17,Sekolah.ku
08431,Kimbree,2020-03-15,Sekolah.ku
08432,Braidan,2020-04-13,Sekolah.ku
08433,Camaira,2021-12-06,Karier.ku
08434,Sheikh,2022-02-12,Sekolah.ku
08435,Nagee,2019-06-24,Sekolah.ku
08436,Celise,2021-07-21,Karier.ku
08437,Juleanna,2018-06-21,Karier.ku
08438,Adalea,2019-12-09,Sekolah.ku
08439,Ladre,2019-06-28,Karier.ku
08440,Jacquelina,2019-01-11,Karier.ku
08441,Zayonna,2020-11-15,Karier.ku
08442,Aniya,2019-10-08,Sekolah.ku
08443,Janmarcos,2019-11-14,Karier.ku
08444,Lalie,2018-06-18,Sekolah.ku
08445,Davyen,2019-09-16,Karier.ku
08446,Vidhi,2020-02-07,Sekolah.ku
08447,Jolane,2022-05-04,Karier.ku
08448,Rilea,2021-05-12,Sekolah.ku
08449,Arturo,2019-12-25,Karier.ku
08450,Sharnisha,2021-01-15,Sekolah.ku
08451,Elna,2021-05-26,Sekolah.ku
08452,Gerrett,2020-05-03,Sekolah.ku
08453,Kriscinda,2021-04-30,Karier.ku
08454,Fraya,2022-05-11,Karier.ku
08455,Leianna,2019-10-03,Sekolah.ku
08456,Kalip,2020-08-22,Sekolah.ku
08457,Jaramiah,2021-01-20,Sekolah.ku
08458,Jordian,2022-05-20,Sekolah.ku
08459,Altha,2018-06-25,Karier.ku
08460,Jeffry,2020-03-27,Karier.ku
08461,Sidhanth,2019-03-19,Karier.ku
08462,Taeson,2019-03-14,Sekolah.ku
08463,Kennecia,2019-10-15,Karier.ku
08464,Nalayiah,2022-02-09,Sekolah.ku
08465,Callieann,2022-05-01,Karier.ku
08466,Lenelle,2021-04-07,Sekolah.ku
08467,Dorismar,2020-04-06,Sekolah.ku
08468,Trionna,2018-07-23,Sekolah.ku
08469,Tsega,2019-11-03,Karier.ku
08470,Yoshika,2020-10-18,Sekolah.ku
08471,Kemuel,2019-12-03,Sekolah.ku
08472,Rintaro,2021-10-29,Karier.ku
08473,Gaby,2020-04-16,Sekolah.ku
08474,Gerold,2019-03-28,Sekolah.ku
08475,Mimi,2021-11-26,Sekolah.ku
08476,Lill,2020-08-24,Sekolah.ku
08477,Adrieanna,2019-07-07,Sekolah.ku
08478,Hedrick,2020-12-13,Sekolah.ku
08479,Ashkan,2022-04-13,Karier.ku
08480,Emric,2021-11-01,Karier.ku
08481,Anyja,2021-06-28,Sekolah.ku
08482,Damorian,2021-02-12,Karier.ku
08483,Jaalyn,2019-09-01,Sekolah.ku
08484,Sager,2020-10-28,Karier.ku
08485,Jode,2020-01-04,Karier.ku
08486,Kaarlo,2022-05-01,Karier.ku
08487,Jaydrien,2020-10-22,Sekolah.ku
08488,Tjay,2020-02-03,Sekolah.ku
08489,Caida,2020-01-09,Karier.ku
08490,Ecstasy,2022-01-24,Sekolah.ku
08491,Montell,2020-07-10,Sekolah.ku
08492,Zacherey,2018-04-28,Sekolah.ku
08493,Aziria,2019-01-11,Sekolah.ku
08494,Jaylah,2018-05-07,Karier.ku
08495,Jessican,2020-01-04,Sekolah.ku
08496,Can,2021-10-18,Karier.ku
08497,Raida,2020-06-09,Karier.ku
08498,Aujane,2021-12-30,Sekolah.ku
08499,Kujuan,2019-11-30,Sekolah.ku
08500,Lensy,2019-05-29,Sekolah.ku
08501,Jabree,2018-10-23,Sekolah.ku
08502,Danae,2018-05-20,Karier.ku
08503,Suvan,2020-03-05,Sekolah.ku
08504,Jervontae,2021-05-07,Karier.ku
08505,Natavion,2020-05-07,Karier.ku
08506,Charlinda,2020-09-26,Karier.ku
08507,Dorlis,2020-11-20,Sekolah.ku
08508,Deboroh,2022-04-27,Sekolah.ku
08509,Krissy,2019-01-13,Sekolah.ku
08510,Feliz,2020-11-29,Karier.ku
08511,Patrisio,2019-12-09,Sekolah.ku
08512,Taniyla,2018-11-23,Sekolah.ku
08513,Suban,2021-07-07,Sekolah.ku
08514,Kashari,2019-07-24,Karier.ku
08515,Shamoria,2020-05-19,Sekolah.ku
08516,Domineque,2019-07-13,Sekolah.ku
08517,Elliannah,2021-01-14,Sekolah.ku
08518,Williom,2020-02-18,Sekolah.ku
08519,Alleria,2020-08-25,Sekolah.ku
08520,Jadin,2020-12-15,Sekolah.ku
08521,Daquian,2018-08-28,Karier.ku
08522,Chekesha,2022-05-07,Sekolah.ku
08523,Yaaseen,2021-02-15,Karier.ku
08524,Kenyara,2019-01-09,Karier.ku
08525,Rolan,2021-08-22,Sekolah.ku
08526,Parvaneh,2020-05-27,Karier.ku
08527,Vergene,2020-06-17,Sekolah.ku
08528,Ikee,2021-06-25,Sekolah.ku
08529,Kassydi,2020-10-04,Sekolah.ku
08530,Mauricio,2019-05-08,Karier.ku
08531,Samaria,2018-08-04,Karier.ku
08532,Latosia,2021-03-14,Sekolah.ku
08533,Janariah,2021-12-14,Sekolah.ku
08534,Sharen,2018-04-25,Sekolah.ku
08535,Arabela,2020-01-25,Sekolah.ku
08536,Jaevyn,2019-05-23,Karier.ku
08537,Kaiti,2019-08-18,Sekolah.ku
08538,Harcourt,2021-10-12,Sekolah.ku
08539,Shizue,2019-06-09,Sekolah.ku
08540,Araina,2018-11-22,Sekolah.ku
08541,Montonio,2019-05-05,Karier.ku
08542,Vernica,2020-09-16,Sekolah.ku
08543,Daneen,2020-03-06,Sekolah.ku
08544,Wila,2019-09-29,Sekolah.ku
08545,Elsiemae,2021-07-21,Karier.ku
08546,Anarae,2018-11-21,Sekolah.ku
08547,Ajhani,2020-07-20,Sekolah.ku
08548,Darnaja,2018-07-17,Sekolah.ku
08549,Jarvous,2021-04-25,Karier.ku
08550,Jamiaya,2018-05-13,Sekolah.ku
08551,Blimy,2021-04-06,Karier.ku
08552,Layona,2021-05-12,Sekolah.ku
08553,Delycia,2020-05-05,Sekolah.ku
08554,Konnie,2022-01-06,Sekolah.ku
08555,Zaena,2020-01-29,Karier.ku
08556,Rihcard,2019-12-31,Sekolah.ku
08557,Ishia,2021-01-28,Karier.ku
08558,Taqueena,2021-05-09,Sekolah.ku
08559,Kayanne,2020-12-23,Karier.ku
08560,Jamisen,2020-10-10,Sekolah.ku
08561,Delvante,2021-04-20,Sekolah.ku
08562,Eshe,2021-09-15,Karier.ku
08563,Anyha,2022-02-24,Karier.ku
08564,Rilya,2018-10-22,Sekolah.ku
08565,Shaffer,2018-05-11,Karier.ku
08566,Lelend,2020-01-25,Sekolah.ku
08567,Ashariah,2018-07-28,Karier.ku
08568,Lazarius,2020-09-27,Sekolah.ku
08569,Kefira,2018-06-21,Sekolah.ku
08570,Tampa,2018-05-16,Sekolah.ku
08571,Brynnli,2019-01-25,Karier.ku
08572,Zayah,2019-10-01,Sekolah.ku
08573,Ragan,2021-01-05,Sekolah.ku
08574,Lolamae,2020-10-12,Karier.ku
08575,Khamron,2018-08-31,Sekolah.ku
08576,Tirra,2020-04-29,Karier.ku
08577,Nalah,2019-02-28,Karier.ku
08578,Lushawn,2021-08-31,Sekolah.ku
08579,Mariadelrosario,2019-07-18,Sekolah.ku
08580,Amariyon,2021-12-13,Karier.ku
08581,Alarah,2020-08-30,Sekolah.ku
08582,Thirza,2022-01-21,Sekolah.ku
08583,Rudine,2022-05-06,Karier.ku
08584,Ledger,2021-10-07,Sekolah.ku
08585,Sintia,2020-03-12,Sekolah.ku
08586,Ahlayla,2022-05-02,Karier.ku
08587,Jesseica,2019-05-18,Karier.ku
08588,Evagelos,2021-03-21,Sekolah.ku
08589,Peregrin,2019-07-17,Karier.ku
08590,Jaivion,2021-12-22,Karier.ku
08591,Makailyn,2018-04-26,Sekolah.ku
08592,Taneja,2019-03-01,Sekolah.ku
08593,Takeisha,2020-08-24,Karier.ku
08594,Pariss,2018-07-03,Sekolah.ku
08595,Arinjay,2022-04-09,Sekolah.ku
08596,Charette,2021-04-27,Karier.ku
08597,Delaynie,2021-10-20,Sekolah.ku
08598,Atyanna,2021-04-28,Sekolah.ku
08599,Ranvir,2019-11-07,Karier.ku
08600,Braeden,2021-08-13,Sekolah.ku
08601,Guenevere,2020-06-24,Sekolah.ku
08602,Jociah,2018-10-24,Sekolah.ku
08603,Nyakume,2021-08-27,Sekolah.ku
08604,Winford,2021-01-19,Sekolah.ku
08605,Apphia,2019-03-13,Sekolah.ku
08606,Thora,2018-09-27,Sekolah.ku
08607,Meet,2021-01-30,Karier.ku
08608,Phala,2018-12-03,Sekolah.ku
08609,Ashelyn,2019-05-19,Karier.ku
08610,Keaon,2018-07-04,Sekolah.ku
08611,Rosheda,2019-01-05,Sekolah.ku
08612,Arnesha,2020-05-06,Sekolah.ku
08613,Jerusalen,2019-06-07,Karier.ku
08614,Cesilee,2021-11-15,Sekolah.ku
08615,Daziah,2022-02-11,Sekolah.ku
08616,Rochely,2019-01-23,Karier.ku
08617,Lyneth,2019-02-10,Karier.ku
08618,Duru,2021-07-16,Sekolah.ku
08619,Abduel,2018-06-28,Sekolah.ku
08620,Sanaria,2019-05-25,Sekolah.ku
08621,Lelana,2021-06-09,Sekolah.ku
08622,Eila,2021-04-15,Sekolah.ku
08623,Phylisha,2020-10-02,Karier.ku
08624,Thamas,2019-10-24,Sekolah.ku
08625,Makinzey,2020-07-14,Sekolah.ku
08626,Nelda,2020-08-10,Sekolah.ku
08627,Elmeda,2021-02-01,Sekolah.ku
08628,Onofre,2022-04-16,Karier.ku
08629,Alexandera,2018-09-10,Sekolah.ku
08630,Aakanksha,2019-05-27,Sekolah.ku
08631,Tomacina,2021-12-31,Sekolah.ku
08632,Arvon,2021-10-23,Karier.ku
08633,Angellena,2021-04-20,Sekolah.ku
08634,Tammye,2020-09-04,Sekolah.ku
08635,Estacia,2021-11-11,Sekolah.ku
08636,Salma,2018-05-12,Sekolah.ku
08637,Aleidy,2021-07-18,Sekolah.ku
08638,Delbreco,2020-05-20,Sekolah.ku
08639,Jennielee,2021-08-18,Sekolah.ku
08640,Maisa,2021-12-27,Sekolah.ku
08641,Kaysie,2019-02-20,Sekolah.ku
08642,Lilton,2020-02-02,Sekolah.ku
08643,Lamaria,2018-05-03,Sekolah.ku
08644,Taleasha,2022-05-03,Karier.ku
08645,Kartika,2021-11-06,Karier.ku
08646,Devinity,2020-10-01,Karier.ku
08647,Shadwick,2021-08-17,Sekolah.ku
08648,Jangelo,2019-02-06,Sekolah.ku
08649,Brave,2019-06-14,Sekolah.ku
08650,Amyr,2022-05-18,Karier.ku
08651,Kenishia,2018-04-25,Karier.ku
08652,Reche,2020-10-17,Karier.ku
08653,Genaya,2020-08-15,Karier.ku
08654,Arsal,2018-06-04,Sekolah.ku
08655,Minneola,2018-09-16,Sekolah.ku
08656,Aliviya,2020-12-28,Sekolah.ku
08657,Gianelly,2018-06-10,Karier.ku
08658,Nikul,2021-04-22,Sekolah.ku
08659,Kenadee,2019-05-31,Sekolah.ku
08660,Bess,2020-01-29,Karier.ku
08661,Velisha,2021-05-26,Sekolah.ku
08662,Laityn,2021-07-06,Sekolah.ku
08663,Annisa,2022-05-10,Sekolah.ku
08664,Everlener,2019-10-20,Karier.ku
08665,Jania,2019-06-27,Sekolah.ku
08666,Cosha,2019-04-21,Karier.ku
08667,Florrie,2022-02-26,Sekolah.ku
08668,Maiki,2022-01-28,Sekolah.ku
08669,Timberlyn,2019-05-02,Sekolah.ku
08670,Brendolyn,2020-12-03,Sekolah.ku
08671,Mythias,2019-10-30,Sekolah.ku
08672,Tkaiya,2019-03-11,Sekolah.ku
08673,Dolres,2022-02-13,Sekolah.ku
08674,Levella,2019-05-29,Sekolah.ku
08675,Genivive,2019-12-04,Karier.ku
08676,Tayja,2020-03-28,Karier.ku
08677,Ketron,2019-01-22,Sekolah.ku
08678,Stelmo,2020-10-23,Sekolah.ku
08679,Matthea,2021-11-22,Sekolah.ku
08680,Tays,2019-10-03,Karier.ku
08681,Vernessa,2020-04-03,Karier.ku
08682,Earlisha,2020-02-19,Sekolah.ku
08683,Janess,2021-01-22,Sekolah.ku
08684,Mikaylee,2020-07-01,Sekolah.ku
08685,Chandre,2020-08-05,Karier.ku
08686,Griffen,2018-09-15,Sekolah.ku
08687,Ariyha,2020-07-08,Sekolah.ku
08688,Oleda,2020-06-28,Sekolah.ku
08689,Jaylinne,2021-02-06,Sekolah.ku
08690,Haeden,2019-11-10,Sekolah.ku
08691,Tajee,2020-09-02,Sekolah.ku
08692,Sumalee,2019-06-04,Sekolah.ku
08693,Jemmerio,2022-01-24,Sekolah.ku
08694,Sharica,2022-04-10,Karier.ku
08695,Catarina,2018-09-23,Sekolah.ku
08696,Carollyn,2020-08-09,Sekolah.ku
08697,Shany,2022-03-03,Sekolah.ku
08698,Vadell,2019-06-30,Sekolah.ku
08699,Aumya,2021-08-17,Sekolah.ku
08700,Zakori,2018-05-31,Sekolah.ku
08701,Ellysia,2020-03-20,Sekolah.ku
08702,Rabiya,2019-12-03,Karier.ku
08703,Janadia,2021-12-01,Sekolah.ku
08704,Tamira,2019-05-23,Sekolah.ku
08705,Erika,2020-09-07,Sekolah.ku
08706,Jesusenrique,2018-08-21,Sekolah.ku
08707,Tamarian,2021-04-19,Sekolah.ku
08708,Kayl,2019-07-30,Sekolah.ku
08709,Miralee,2021-12-10,Karier.ku
08710,Jalilah,2020-03-28,Sekolah.ku
08711,Shanisha,2020-07-08,Sekolah.ku
08712,Nanda,2019-03-01,Sekolah.ku
08713,Yasniel,2022-03-03,Karier.ku
08714,Chaelynn,2020-02-08,Sekolah.ku
08715,Elody,2020-07-09,Sekolah.ku
08716,Lytina,2022-04-03,Sekolah.ku
08717,Dontario,2019-11-17,Sekolah.ku
08718,Nannett,2021-07-10,Sekolah.ku
08719,Masika,2021-06-13,Karier.ku
08720,Selenia,2020-09-01,Sekolah.ku
08721,Zzyzx,2019-08-11,Sekolah.ku
08722,Qing,2020-03-24,Sekolah.ku
08723,Leannie,2018-09-13,Karier.ku
08724,Ibet,2020-03-12,Sekolah.ku
08725,Lanece,2021-04-05,Karier.ku
08726,Damarrius,2021-03-17,Sekolah.ku
08727,Garvens,2021-01-14,Karier.ku
08728,Minde,2018-06-11,Karier.ku
08729,Kyila,2019-09-12,Sekolah.ku
08730,Cashmiere,2019-06-18,Sekolah.ku
08731,Jamyrion,2020-01-30,Sekolah.ku
08732,Minha,2021-09-28,Sekolah.ku
08733,Dionisia,2019-05-23,Sekolah.ku
08734,Myril,2021-07-28,Sekolah.ku
08735,Bertie,2020-03-21,Sekolah.ku
08736,Alianny,2021-10-12,Sekolah.ku
08737,Dragen,2021-09-10,Sekolah.ku
08738,Shantera,2020-06-25,Sekolah.ku
08739,Markus,2021-02-25,Karier.ku
08740,Jimmi,2019-11-01,Sekolah.ku
08741,Itxel,2019-05-19,Sekolah.ku
08742,Dhahran,2018-10-11,Karier.ku
08743,Alvania,2021-05-05,Sekolah.ku
08744,Olegario,2021-10-31,Karier.ku
08745,Clero,2019-01-30,Karier.ku
08746,Naeva,2020-11-01,Sekolah.ku
08747,Xyliah,2019-12-19,Sekolah.ku
08748,Amarionna,2020-09-25,Sekolah.ku
08749,Nayloni,2020-02-19,Sekolah.ku
08750,Andreamarie,2018-11-08,Sekolah.ku
08751,Ashelee,2020-08-06,Karier.ku
08752,Donyai,2021-12-19,Sekolah.ku
08753,Hazyl,2021-01-10,Karier.ku
08754,Willilam,2019-10-22,Sekolah.ku
08755,Onnie,2020-10-05,Sekolah.ku
08756,Armonee,2022-05-13,Sekolah.ku
08757,Okal,2021-09-02,Sekolah.ku
08758,Jequan,2018-05-15,Sekolah.ku
08759,Maita,2019-01-06,Karier.ku
08760,Jakeith,2019-02-26,Sekolah.ku
08761,Kawena,2020-05-21,Sekolah.ku
08762,Katline,2021-12-26,Sekolah.ku
08763,Myreon,2018-10-08,Sekolah.ku
08764,Lucey,2021-06-09,Karier.ku
08765,Keye,2019-03-11,Karier.ku
08766,Hilda,2020-02-12,Sekolah.ku
08767,Addaley,2019-04-28,Sekolah.ku
08768,Maynor,2018-09-29,Sekolah.ku
08769,Skylarr,2019-06-23,Karier.ku
08770,Yukary,2021-03-11,Sekolah.ku
08771,Tyger,2018-09-30,Sekolah.ku
08772,Lavonn,2019-03-13,Sekolah.ku
08773,Lynnet,2018-11-24,Sekolah.ku
08774,Deveon,2021-01-12,Karier.ku
08775,Joniesha,2022-04-06,Karier.ku
08776,Caroly,2021-09-16,Sekolah.ku
08777,Rihansh,2018-05-15,Karier.ku
08778,Laquisa,2018-10-25,Sekolah.ku
08779,Leicia,2021-11-23,Sekolah.ku
08780,Lisseth,2021-04-23,Sekolah.ku
08781,Kaleigh,2022-02-28,Sekolah.ku
08782,Kaimipono,2021-03-01,Karier.ku
08783,Calan,2019-02-22,Sekolah.ku
08784,Chief,2021-09-22,Sekolah.ku
08785,Maleigh,2022-01-15,Karier.ku
08786,Lydon,2020-09-18,Sekolah.ku
08787,Tawanna,2020-01-21,Karier.ku
08788,Kemontez,2019-12-29,Karier.ku
08789,Kenshiro,2018-05-13,Sekolah.ku
08790,Jonluke,2020-09-05,Karier.ku
08791,Careyann,2020-01-16,Karier.ku
08792,Cacie,2019-05-18,Karier.ku
08793,Cassius,2021-07-16,Karier.ku
08794,Geneine,2021-07-16,Sekolah.ku
08795,Deylin,2021-02-05,Sekolah.ku
08796,Branford,2022-01-12,Sekolah.ku
08797,Kordelia,2020-01-23,Sekolah.ku
08798,Zerrick,2018-10-15,Karier.ku
08799,Jennesa,2019-04-12,Sekolah.ku
08800,Danera,2018-09-22,Sekolah.ku
08801,Jayveon,2021-01-14,Karier.ku
08802,Dianara,2022-01-05,Sekolah.ku
08803,Anaelisa,2019-05-03,Sekolah.ku
08804,Lismary,2021-01-27,Sekolah.ku
08805,Volvi,2020-08-14,Karier.ku
08806,Isatou,2020-02-13,Karier.ku
08807,Coleton,2021-12-23,Karier.ku
08808,Trevontae,2018-09-17,Sekolah.ku
08809,Mannat,2018-12-30,Sekolah.ku
08810,Keandra,2020-03-23,Sekolah.ku
08811,Lamirra,2020-05-01,Karier.ku
08812,Dejanique,2019-12-26,Karier.ku
08813,Izai,2020-08-17,Karier.ku
08814,Khalidah,2021-12-15,Sekolah.ku
08815,Myrtice,2019-12-13,Sekolah.ku
08816,Stellaluna,2018-12-26,Sekolah.ku
08817,Cordara,2018-05-13,Sekolah.ku
08818,Emeria,2020-06-05,Karier.ku
08819,Joany,2020-11-20,Sekolah.ku
08820,Oliviah,2021-09-30,Karier.ku
08821,Aljean,2020-10-22,Sekolah.ku
08822,Gerrie,2022-02-08,Sekolah.ku
08823,Suzzanne,2020-10-28,Sekolah.ku
08824,Tylei,2020-08-05,Sekolah.ku
08825,Miyah,2018-04-29,Sekolah.ku
08826,Anyi,2020-12-24,Sekolah.ku
08827,Ursel,2018-09-09,Sekolah.ku
08828,Tejaun,2019-07-02,Sekolah.ku
08829,Curtus,2020-04-12,Sekolah.ku
08830,Jaxion,2020-02-20,Karier.ku
08831,Sharlotte,2019-12-19,Sekolah.ku
08832,Kallyn,2021-12-15,Karier.ku
08833,Mikaylynn,2018-12-22,Karier.ku
08834,Benjerman,2018-06-06,Sekolah.ku
08835,Phoenixx,2020-07-09,Sekolah.ku
08836,Aakira,2019-03-08,Karier.ku
08837,Semone,2022-04-24,Sekolah.ku
08838,Andreous,2021-05-11,Sekolah.ku
08839,Rebbecca,2020-03-20,Sekolah.ku
08840,Maryanna,2021-11-07,Sekolah.ku
08841,Jazaya,2019-12-25,Sekolah.ku
08842,Keshawna,2020-04-28,Sekolah.ku
08843,Vaniah,2018-11-07,Karier.ku
08844,Izeiah,2021-07-14,Karier.ku
08845,Elliann,2019-09-10,Sekolah.ku
08846,Ostin,2021-11-08,Karier.ku
08847,Marytza,2019-08-07,Sekolah.ku
08848,Charidy,2019-12-19,Sekolah.ku
08849,Keona,2021-07-30,Karier.ku
08850,Taylorjames,2021-11-25,Sekolah.ku
08851,Sasheen,2022-04-20,Sekolah.ku
08852,Connard,2021-01-22,Sekolah.ku
08853,Zena,2021-09-05,Karier.ku
08854,Julissa,2018-10-13,Sekolah.ku
08855,Shimara,2021-03-03,Karier.ku
08856,Charlesten,2018-11-13,Sekolah.ku
08857,Tyjai,2021-07-31,Sekolah.ku
08858,Verdelle,2019-06-16,Sekolah.ku
08859,Maisey,2022-02-19,Karier.ku
08860,Nhut,2020-01-14,Karier.ku
08861,Viann,2018-08-22,Sekolah.ku
08862,Kari,2019-05-17,Karier.ku
08863,Aken,2021-07-16,Sekolah.ku
08864,Staphon,2019-12-08,Sekolah.ku
08865,Annessia,2020-01-28,Sekolah.ku
08866,Deklyn,2021-10-23,Karier.ku
08867,Narvel,2022-02-17,Sekolah.ku
08868,Izaya,2019-06-13,Sekolah.ku
08869,Vencil,2021-08-07,Sekolah.ku
08870,Emna,2020-12-29,Karier.ku
08871,Korilynn,2019-07-14,Sekolah.ku
08872,Tomaka,2020-04-16,Karier.ku
08873,Gracee,2019-12-05,Karier.ku
08874,Adream,2020-10-06,Karier.ku
08875,Macin,2019-09-20,Sekolah.ku
08876,Dameta,2022-05-20,Karier.ku
08877,Zebulin,2019-11-18,Sekolah.ku
08878,Mckailyn,2020-08-01,Sekolah.ku
08879,Yailine,2019-10-07,Sekolah.ku
08880,Dixy,2019-03-11,Sekolah.ku
08881,Galaxie,2018-11-23,Sekolah.ku
08882,Safet,2019-09-07,Sekolah.ku
08883,Merriann,2022-02-26,Karier.ku
08884,Taejohn,2018-08-05,Sekolah.ku
08885,Terrionna,2022-03-20,Sekolah.ku
08886,Tiffeney,2018-07-08,Sekolah.ku
08887,Sotiria,2020-08-24,Sekolah.ku
08888,Niree,2021-04-18,Karier.ku
08889,Shanaye,2018-04-26,Sekolah.ku
08890,Gunvor,2019-06-19,Karier.ku
08891,Jaydi,2019-07-02,Karier.ku
08892,Mandisa,2018-06-05,Karier.ku
08893,Bengt,2022-04-26,Sekolah.ku
08894,Nazhir,2018-04-19,Karier.ku
08895,Ismerai,2021-12-09,Sekolah.ku
08896,Dacoda,2018-06-27,Sekolah.ku
08897,Randle,2019-01-16,Sekolah.ku
08898,Ansal,2018-12-07,Sekolah.ku
08899,Joziel,2020-06-29,Sekolah.ku
08900,Collyn,2021-07-19,Sekolah.ku
08901,Xabi,2019-01-30,Sekolah.ku
08902,Jens,2021-01-18,Sekolah.ku
08903,Girlie,2020-04-22,Sekolah.ku
08904,Cadee,2018-12-31,Karier.ku
08905,Rodneshia,2019-10-08,Sekolah.ku
08906,Tallen,2020-03-28,Sekolah.ku
08907,Zoren,2020-07-11,Karier.ku
08908,Breosha,2020-07-29,Sekolah.ku
08909,Nikara,2018-11-23,Sekolah.ku
08910,Ryanna,2019-12-31,Sekolah.ku
08911,Dionne,2021-06-09,Sekolah.ku
08912,Aleasa,2019-02-25,Sekolah.ku
08913,Teruo,2020-08-31,Karier.ku
08914,Christiyana,2020-08-03,Karier.ku
08915,Romulus,2021-06-20,Sekolah.ku
08916,Simona,2019-03-10,Sekolah.ku
08917,Altarik,2019-05-03,Sekolah.ku
08918,Layoya,2020-07-15,Sekolah.ku
08919,Heaven,2018-04-27,Karier.ku
08920,Dulio,2020-10-20,Sekolah.ku
08921,Oril,2020-01-08,Sekolah.ku
08922,Mikayle,2021-03-17,Karier.ku
08923,Roseland,2020-08-31,Sekolah.ku
08924,Dalvin,2020-11-21,Sekolah.ku
08925,Truen,2021-04-05,Karier.ku
08926,Kunta,2019-05-10,Karier.ku
08927,Jsean,2020-02-13,Karier.ku
08928,Drezden,2022-02-26,Sekolah.ku
08929,Ettel,2021-11-16,Sekolah.ku
08930,Jerrell,2019-10-01,Karier.ku
08931,Nephateria,2020-01-01,Karier.ku
08932,Barret,2021-05-28,Sekolah.ku
08933,Molton,2019-04-20,Sekolah.ku
08934,Semra,2020-01-01,Sekolah.ku
08935,Mansoor,2019-06-18,Sekolah.ku
08936,Ashilee,2019-09-28,Karier.ku
08937,Zamorion,2019-05-03,Sekolah.ku
08938,Kirolos,2020-04-15,Sekolah.ku
08939,Taylorrae,2021-10-05,Karier.ku
08940,Gibbs,2021-05-21,Sekolah.ku
08941,Jaydis,2019-05-29,Sekolah.ku
08942,Trish,2019-05-09,Sekolah.ku
08943,Mirjana,2020-12-04,Karier.ku
08944,Charlisia,2022-03-15,Sekolah.ku
08945,Gayle,2019-01-22,Sekolah.ku
08946,Belverly,2018-10-08,Karier.ku
08947,Contrell,2018-09-25,Sekolah.ku
08948,Daejohn,2020-05-12,Sekolah.ku
08949,Ashleymae,2020-12-26,Sekolah.ku
08950,Manami,2021-02-13,Karier.ku
08951,Emier,2019-03-18,Sekolah.ku
08952,Egzon,2020-12-16,Sekolah.ku
08953,Jozy,2021-02-26,Sekolah.ku
08954,Brookelynne,2018-07-14,Sekolah.ku
08955,Dreyton,2021-04-23,Sekolah.ku
08956,Traci,2021-02-01,Sekolah.ku
08957,Jahzari,2019-11-23,Sekolah.ku
08958,Candias,2020-01-26,Karier.ku
08959,Keilynn,2021-03-19,Sekolah.ku
08960,Kaydens,2018-04-24,Karier.ku
08961,Eton,2019-06-11,Karier.ku
08962,Merlisa,2022-03-14,Karier.ku
08963,Amarri,2020-06-22,Sekolah.ku
08964,Ceili,2020-02-19,Sekolah.ku
08965,Chesley,2021-04-24,Karier.ku
08966,Adriena,2020-10-10,Sekolah.ku
08967,Lolani,2022-04-16,Sekolah.ku
08968,Arkell,2019-08-08,Sekolah.ku
08969,Rynesha,2020-12-08,Karier.ku
08970,Zhariya,2021-10-12,Sekolah.ku
08971,Ondrej,2019-09-05,Karier.ku
08972,Cerah,2021-04-03,Sekolah.ku
08973,Makenlee,2019-02-21,Sekolah.ku
08974,Maricus,2019-08-05,Sekolah.ku
08975,Sanaiyah,2019-04-24,Sekolah.ku
08976,Ashtyn,2018-09-23,Sekolah.ku
08977,Kalisha,2019-10-12,Karier.ku
08978,Cherelle,2020-11-28,Sekolah.ku
08979,Kanaiya,2020-01-19,Sekolah.ku
08980,Arlone,2019-07-24,Sekolah.ku
08981,Kaianne,2020-10-27,Sekolah.ku
08982,Ashleyrae,2022-01-05,Karier.ku
08983,Mileigh,2021-01-01,Sekolah.ku
08984,Durie,2020-08-13,Karier.ku
08985,Ellnora,2019-05-08,Karier.ku
08986,Falanda,2019-10-31,Sekolah.ku
08987,Livvy,2018-06-20,Sekolah.ku
08988,Aleeza,2018-09-09,Karier.ku
08989,Curstyn,2020-11-06,Sekolah.ku
08990,Maryalice,2020-02-23,Sekolah.ku
08991,Edwynn,2021-04-18,Sekolah.ku
08992,Olatokunbo,2020-10-18,Sekolah.ku
08993,Jaeleen,2019-03-28,Karier.ku
08994,Emmasophia,2020-01-04,Sekolah.ku
08995,Hee,2020-04-21,Sekolah.ku
08996,Cheylee,2020-08-29,Sekolah.ku
08997,Thomisha,2021-06-16,Karier.ku
08998,Lakreisha,2021-05-20,Sekolah.ku
08999,Marquasha,2020-05-16,Sekolah.ku
09000,Nakeira,2019-08-11,Sekolah.ku
09001,Shavaria,2020-02-25,Sekolah.ku
09002,Cabral,2019-10-07,Sekolah.ku
09003,Trinden,2021-12-09,Sekolah.ku
09004,Nicanora,2020-03-23,Karier.ku
09005,Zealand,2021-02-04,Sekolah.ku
09006,Kristel,2019-09-06,Sekolah.ku
09007,Lakeeva,2022-02-14,Karier.ku
09008,Elya,2022-03-18,Sekolah.ku
09009,Lynn,2022-05-06,Sekolah.ku
09010,Olurotimi,2020-03-24,Sekolah.ku
09011,Jelicia,2019-09-23,Sekolah.ku
09012,Shawnna,2020-09-19,Karier.ku
09013,Timmon,2018-08-09,Sekolah.ku
09014,Sinea,2018-12-20,Sekolah.ku
09015,Kikuyo,2019-02-06,Sekolah.ku
09016,Mala,2019-02-28,Sekolah.ku
09017,Jaja,2018-11-08,Sekolah.ku
09018,Pristina,2018-04-13,Sekolah.ku
09019,Adelfa,2022-01-26,Sekolah.ku
09020,Dartanian,2022-04-25,Sekolah.ku
09021,Kataryna,2020-05-15,Sekolah.ku
09022,Zareb,2020-08-19,Sekolah.ku
09023,Jereline,2018-10-14,Sekolah.ku
09024,Tondi,2020-12-08,Karier.ku
09025,Trakeila,2018-05-20,Sekolah.ku
09026,Lanijah,2019-07-24,Karier.ku
09027,Nixola,2020-03-25,Sekolah.ku
09028,Lekendrick,2018-10-18,Karier.ku
09029,Derward,2018-11-26,Sekolah.ku
09030,Japnoor,2022-03-08,Karier.ku
09031,Shikira,2021-12-23,Sekolah.ku
09032,Meichelle,2019-09-29,Karier.ku
09033,Carstyn,2019-08-05,Sekolah.ku
09034,Yosel,2018-07-19,Sekolah.ku
09035,Naquan,2018-11-25,Karier.ku
09036,Jacee,2021-07-12,Karier.ku
09037,Luster,2019-10-24,Sekolah.ku
09038,Omed,2020-01-04,Sekolah.ku
09039,Samahj,2019-06-13,Sekolah.ku
09040,Raphaella,2020-01-14,Karier.ku
09041,Chenoa,2019-02-22,Sekolah.ku
09042,Amrith,2020-08-31,Sekolah.ku
09043,Raffinee,2021-08-05,Sekolah.ku
09044,Lizet,2021-12-21,Sekolah.ku
09045,Darnishia,2019-01-23,Sekolah.ku
09046,Erianny,2022-03-26,Sekolah.ku
09047,Aibhilin,2019-11-08,Sekolah.ku
09048,Michaia,2020-10-14,Karier.ku
09049,Zilpha,2021-01-02,Sekolah.ku
09050,Macaylee,2021-08-23,Sekolah.ku
09051,Luell,2021-12-19,Sekolah.ku
09052,Donasia,2022-05-19,Sekolah.ku
09053,Takhiya,2020-12-26,Karier.ku
09054,Asmita,2018-08-07,Sekolah.ku
09055,Loran,2021-05-21,Karier.ku
09056,Juliani,2021-10-14,Sekolah.ku
09057,Tarrick,2021-07-15,Sekolah.ku
09058,Tatijana,2019-12-14,Karier.ku
09059,Ryou,2020-12-27,Sekolah.ku
09060,Aritra,2018-04-19,Sekolah.ku
09061,Jennis,2018-07-02,Karier.ku
09062,Anjanie,2018-10-17,Sekolah.ku
09063,Melony,2018-07-03,Karier.ku
09064,Johnatan,2020-01-22,Sekolah.ku
09065,Cadon,2019-10-31,Sekolah.ku
09066,Natazia,2019-05-04,Sekolah.ku
09067,Luisalfredo,2021-12-25,Sekolah.ku
09068,Oveda,2020-07-14,Sekolah.ku
09069,Brinda,2020-01-14,Karier.ku
09070,Abeera,2019-01-20,Sekolah.ku
09071,Carlysha,2021-10-02,Sekolah.ku
09072,Rakiya,2022-03-12,Karier.ku
09073,Asahi,2021-11-20,Karier.ku
09074,Leanni,2021-03-30,Sekolah.ku
09075,Misako,2021-01-06,Sekolah.ku
09076,Itaty,2020-09-03,Sekolah.ku
09077,Fiesta,2020-11-03,Sekolah.ku
09078,Machi,2020-09-04,Sekolah.ku
09079,Aracelly,2019-12-02,Karier.ku
09080,Okley,2018-08-20,Sekolah.ku
09081,Sadler,2021-07-28,Sekolah.ku
09082,Quentella,2022-05-09,Karier.ku
09083,Velina,2021-07-30,Karier.ku
09084,Zendre,2020-03-30,Sekolah.ku
09085,Ifrah,2021-09-13,Sekolah.ku
09086,Kharizma,2019-02-04,Sekolah.ku
09087,Tyreec,2021-11-26,Sekolah.ku
09088,Dierks,2021-09-26,Sekolah.ku
09089,Kashmir,2022-01-21,Sekolah.ku
09090,Utkarsh,2020-07-07,Sekolah.ku
09091,Jayceonna,2020-01-14,Karier.ku
09092,Natiya,2019-11-24,Sekolah.ku
09093,Flake,2019-10-31,Sekolah.ku
09094,Karbon,2020-06-11,Sekolah.ku
09095,Kinsley,2020-10-02,Sekolah.ku
09096,Harshi,2020-11-18,Sekolah.ku
09097,Snoda,2018-07-07,Sekolah.ku
09098,Traniqua,2022-01-20,Sekolah.ku
09099,Teaisha,2018-12-30,Sekolah.ku
09100,Afi,2021-06-19,Karier.ku
09101,Genea,2020-10-24,Sekolah.ku
09102,Meshelle,2021-09-07,Sekolah.ku
09103,Quennel,2020-02-12,Karier.ku
09104,Nareen,2018-09-04,Sekolah.ku
09105,Andreal,2019-04-29,Sekolah.ku
09106,Lethaniel,2020-03-20,Sekolah.ku
09107,Hamidah,2020-02-17,Sekolah.ku
09108,Shawnda,2021-08-27,Sekolah.ku
09109,Delilia,2021-12-23,Karier.ku
09110,Gy,2019-12-31,Sekolah.ku
09111,Thanasi,2022-05-01,Sekolah.ku
09112,Surah,2021-09-22,Karier.ku
09113,Cnythia,2021-06-03,Sekolah.ku
09114,Marialuisa,2021-06-05,Sekolah.ku
09115,Karamo,2019-01-18,Karier.ku
09116,Kameel,2019-04-13,Sekolah.ku
09117,Izair,2020-01-26,Karier.ku
09118,Ree,2020-10-13,Karier.ku
09119,Jalica,2020-04-16,Sekolah.ku
09120,Asianna,2019-08-10,Sekolah.ku
09121,Memorie,2019-12-25,Karier.ku
09122,Jesara,2019-08-08,Sekolah.ku
09123,Alela,2018-11-03,Sekolah.ku
09124,Rayahna,2021-12-08,Karier.ku
09125,Aileena,2018-12-19,Karier.ku
09126,Gelen,2020-08-10,Karier.ku
09127,Seiji,2019-10-19,Karier.ku
09128,Jaelle,2018-07-02,Sekolah.ku
09129,Taylon,2020-08-30,Sekolah.ku
09130,Amar,2018-05-16,Karier.ku
09131,Jonquin,2019-03-06,Karier.ku
09132,Aydn,2019-05-11,Karier.ku
09133,Tyriese,2020-09-23,Sekolah.ku
09134,Leeander,2020-05-24,Karier.ku
09135,Faizah,2021-12-12,Karier.ku
09136,Salette,2019-11-15,Sekolah.ku
09137,Shellina,2022-02-13,Sekolah.ku
09138,Eddye,2020-06-07,Sekolah.ku
09139,Russia,2020-02-05,Sekolah.ku
09140,Wuendi,2019-02-12,Sekolah.ku
09141,Tearesa,2021-05-12,Sekolah.ku
09142,Quanzell,2020-07-22,Sekolah.ku
09143,Nanelle,2019-12-03,Karier.ku
09144,Ajay,2018-11-24,Sekolah.ku
09145,Jawaun,2018-05-07,Sekolah.ku
09146,Allissa,2022-04-28,Karier.ku
09147,Keiosha,2021-09-28,Sekolah.ku
09148,Momin,2018-12-05,Sekolah.ku
09149,Kamarrah,2019-06-06,Karier.ku
09150,Leilynn,2021-10-30,Sekolah.ku
09151,Aza,2021-04-08,Sekolah.ku
09152,Harilaos,2018-11-29,Sekolah.ku
09153,Derisha,2019-08-30,Sekolah.ku
09154,Gurveen,2020-08-29,Sekolah.ku
09155,Lakethia,2021-06-02,Karier.ku
09156,Tonielle,2018-07-31,Sekolah.ku
09157,Raaed,2018-12-01,Sekolah.ku
09158,Aryianna,2020-09-21,Sekolah.ku
09159,Zione,2019-02-03,Sekolah.ku
09160,Dj,2020-09-27,Karier.ku
09161,Lonney,2020-12-04,Sekolah.ku
09162,Trevione,2019-07-17,Sekolah.ku
09163,Adael,2020-08-10,Sekolah.ku
09164,Josejuan,2020-12-15,Karier.ku
09165,Derron,2021-12-26,Sekolah.ku
09166,Imam,2022-03-30,Karier.ku
09167,Pallavi,2020-07-23,Sekolah.ku
09168,Kayten,2019-03-06,Sekolah.ku
09169,Corvin,2018-04-28,Sekolah.ku
09170,Kascha,2021-08-26,Sekolah.ku
09171,Margarete,2018-08-18,Sekolah.ku
09172,Daton,2019-12-21,Sekolah.ku
09173,Godiva,2021-01-04,Sekolah.ku
09174,Lyanne,2018-07-10,Karier.ku
09175,Delorice,2018-05-06,Karier.ku
09176,Janaria,2018-11-03,Sekolah.ku
09177,Nafis,2018-08-20,Karier.ku
09178,Kymarley,2021-06-24,Karier.ku
09179,Destinei,2019-06-16,Sekolah.ku
09180,Abbagayle,2020-01-28,Sekolah.ku
09181,Tahlib,2021-06-03,Sekolah.ku
09182,Barbaraa,2020-03-12,Sekolah.ku
09183,Kothan,2021-09-28,Sekolah.ku
09184,Genya,2018-12-26,Sekolah.ku
09185,Corenthia,2021-01-24,Sekolah.ku
09186,Dyna,2021-10-12,Karier.ku
09187,Bentlei,2022-03-25,Karier.ku
09188,Jerusalem,2018-09-21,Karier.ku
09189,Shaquonda,2018-12-21,Karier.ku
09190,Naidaly,2018-08-12,Sekolah.ku
09191,Silva,2019-05-23,Karier.ku
09192,Shiquita,2019-06-24,Sekolah.ku
09193,Avy,2021-02-09,Karier.ku
09194,Malaz,2021-02-11,Karier.ku
09195,Kobina,2018-06-01,Karier.ku
09196,Deadra,2021-08-22,Karier.ku
09197,Consuella,2019-08-20,Karier.ku
09198,Bentura,2021-03-08,Sekolah.ku
09199,Leeanthony,2020-10-17,Sekolah.ku
09200,Tamiera,2021-02-20,Karier.ku
09201,Edder,2018-08-22,Sekolah.ku
09202,Anngela,2021-02-03,Karier.ku
09203,Rosell,2019-08-29,Sekolah.ku
09204,Jatina,2019-10-28,Karier.ku
09205,Avilynn,2020-07-07,Karier.ku
09206,Godric,2019-05-13,Sekolah.ku
09207,Dreion,2020-07-14,Sekolah.ku
09208,Breara,2021-09-26,Sekolah.ku
09209,Asaria,2021-07-30,Sekolah.ku
09210,Ganajah,2021-12-04,Karier.ku
09211,Ouinton,2019-10-22,Sekolah.ku
09212,Katarzyna,2019-09-03,Sekolah.ku
09213,Averyona,2021-09-17,Sekolah.ku
09214,Qiara,2020-06-25,Sekolah.ku
09215,Dolton,2019-04-04,Sekolah.ku
09216,Ayvah,2022-05-16,Sekolah.ku
09217,Gitta,2019-03-20,Sekolah.ku
09218,Destynie,2022-03-24,Sekolah.ku
09219,Zahran,2021-07-13,Sekolah.ku
09220,Naftali,2019-06-17,Sekolah.ku
09221,Herschel,2022-03-03,Sekolah.ku
09222,Maianh,2019-06-17,Sekolah.ku
09223,Kishawn,2018-07-20,Sekolah.ku
09224,Devyon,2022-05-02,Karier.ku
09225,Thyrome,2022-01-25,Sekolah.ku
09226,Marshaye,2019-07-24,Sekolah.ku
09227,Daonte,2018-11-03,Sekolah.ku
09228,Leayla,2021-11-26,Sekolah.ku
09229,Soheila,2018-09-06,Karier.ku
09230,Andrez,2018-11-01,Sekolah.ku
09231,Faryal,2022-04-02,Sekolah.ku
09232,Leahrae,2019-01-12,Karier.ku
09233,Cordeja,2020-11-15,Karier.ku
09234,Geneviene,2021-09-25,Sekolah.ku
09235,Emmelyne,2019-12-04,Sekolah.ku
09236,Jimisha,2021-08-23,Karier.ku
09237,Brettnie,2018-05-22,Sekolah.ku
09238,Jashyra,2021-01-16,Sekolah.ku
09239,Jakhye,2019-06-01,Karier.ku
09240,Virgle,2018-08-21,Sekolah.ku
09241,Lindiwe,2021-03-13,Sekolah.ku
09242,Ofir,2019-09-15,Karier.ku
09243,Fairah,2020-07-05,Sekolah.ku
09244,Girlee,2022-03-01,Sekolah.ku
09245,Vilho,2020-04-22,Sekolah.ku
09246,Yajahira,2022-02-04,Sekolah.ku
09247,Shell,2021-10-07,Sekolah.ku
09248,Robet,2020-06-30,Karier.ku
09249,Jelisha,2020-02-12,Karier.ku
09250,Jamarrie,2021-05-17,Sekolah.ku
09251,Vanetta,2019-02-15,Sekolah.ku
09252,Wyatt,2021-03-02,Sekolah.ku
09253,Demarrie,2019-02-15,Sekolah.ku
09254,Tanysha,2019-09-08,Sekolah.ku
09255,Yatzil,2019-01-25,Sekolah.ku
09256,Arlenys,2020-09-17,Sekolah.ku
09257,Keiyanna,2021-06-04,Karier.ku
09258,Ivonn,2018-05-13,Sekolah.ku
09259,Toa,2020-10-24,Karier.ku
09260,Holter,2022-04-12,Sekolah.ku
09261,Vadin,2019-08-03,Sekolah.ku
09262,Oakes,2018-10-21,Sekolah.ku
09263,Kiki,2019-07-07,Karier.ku
09264,Blanka,2020-12-15,Sekolah.ku
09265,Joni,2020-04-19,Karier.ku
09266,Allisyn,2018-06-16,Sekolah.ku
09267,Elysium,2019-06-23,Sekolah.ku
09268,Verabelle,2018-07-15,Karier.ku
09269,Tahel,2018-06-10,Karier.ku
09270,Liduvina,2021-08-14,Sekolah.ku
09271,Lindwood,2019-12-23,Karier.ku
09272,Jerison,2021-05-11,Sekolah.ku
09273,Flava,2021-06-24,Sekolah.ku
09274,Keyaria,2018-11-03,Sekolah.ku
09275,Ashliy,2022-03-14,Sekolah.ku
09276,Lesli,2021-10-18,Karier.ku
09277,Reinhard,2020-01-21,Karier.ku
09278,Nicolo,2020-11-09,Sekolah.ku
09279,Morocco,2019-02-25,Sekolah.ku
09280,Tiffinee,2021-10-11,Sekolah.ku
09281,Nakela,2020-01-08,Sekolah.ku
09282,Djimon,2022-02-24,Sekolah.ku
09283,Oveline,2020-12-02,Sekolah.ku
09284,Sheranda,2020-10-21,Sekolah.ku
09285,Shey,2019-12-25,Sekolah.ku
09286,Bakir,2019-05-30,Sekolah.ku
09287,Gaely,2019-11-28,Karier.ku
09288,Reymon,2019-09-11,Sekolah.ku
09289,Adley,2019-12-19,Karier.ku
09290,Yamilet,2021-08-21,Sekolah.ku
09291,Pearl,2021-03-03,Karier.ku
09292,Alysabeth,2020-12-24,Karier.ku
09293,Ajsa,2021-04-29,Sekolah.ku
09294,Adylee,2019-10-27,Sekolah.ku
09295,Louria,2019-07-03,Sekolah.ku
09296,Zianna,2019-09-03,Karier.ku
09297,Jene,2022-05-11,Sekolah.ku
09298,Keylan,2020-01-14,Sekolah.ku
09299,Aliiyah,2020-01-18,Sekolah.ku
09300,Samyog,2020-05-30,Sekolah.ku
09301,Hassie,2021-02-11,Sekolah.ku
09302,Lakita,2020-11-21,Karier.ku
09303,Keema,2022-04-14,Karier.ku
09304,Hydiea,2019-12-12,Karier.ku
09305,Azita,2022-04-25,Sekolah.ku
09306,Latavion,2019-03-08,Karier.ku
09307,Devien,2018-09-29,Sekolah.ku
09308,Eulonda,2019-06-10,Sekolah.ku
09309,Zeilin,2020-10-03,Sekolah.ku
09310,Myeshia,2021-04-14,Karier.ku
09311,Miguelantonio,2021-10-18,Sekolah.ku
09312,Shaquena,2021-10-12,Karier.ku
09313,Dannea,2019-09-03,Sekolah.ku
09314,Rontavious,2022-01-18,Karier.ku
09315,Insiyah,2021-01-20,Sekolah.ku
09316,Kelcey,2021-07-19,Sekolah.ku
09317,Traie,2019-01-11,Karier.ku
09318,Periann,2019-03-13,Karier.ku
09319,Axle,2020-06-07,Sekolah.ku
09320,Uber,2018-10-16,Sekolah.ku
09321,Dwyane,2020-06-01,Sekolah.ku
09322,Koye,2021-12-25,Sekolah.ku
09323,Lovada,2019-11-05,Sekolah.ku
09324,Apurva,2020-08-25,Sekolah.ku
09325,Keirnan,2021-07-21,Sekolah.ku
09326,Jaco,2020-11-16,Sekolah.ku
09327,Dyonte,2020-09-08,Karier.ku
09328,Jelecia,2020-07-21,Sekolah.ku
09329,Marth,2018-06-16,Sekolah.ku
09330,Brandlyn,2020-02-05,Sekolah.ku
09331,Rhyann,2021-03-01,Sekolah.ku
09332,Tammika,2022-01-28,Sekolah.ku
09333,Jaspal,2019-05-08,Sekolah.ku
09334,Naydine,2021-12-06,Sekolah.ku
09335,Devn,2020-06-02,Sekolah.ku
09336,Daniele,2021-04-04,Karier.ku
09337,Jeannell,2019-10-01,Sekolah.ku
09338,Anis,2022-03-03,Sekolah.ku
09339,Naadira,2021-08-25,Sekolah.ku
09340,Dejahnae,2019-10-16,Sekolah.ku
09341,Camden,2019-12-30,Karier.ku
09342,Loribeth,2020-05-18,Sekolah.ku
09343,Appie,2020-09-13,Sekolah.ku
09344,Estrada,2019-09-01,Karier.ku
09345,Mckinzee,2018-12-06,Sekolah.ku
09346,Svanik,2019-08-19,Karier.ku
09347,Taheera,2021-03-29,Sekolah.ku
09348,Petronila,2020-01-10,Karier.ku
09349,Nevyn,2019-10-19,Sekolah.ku
09350,Taesha,2020-04-27,Sekolah.ku
09351,Lakwanzaa,2021-06-10,Sekolah.ku
09352,Agness,2020-12-11,Karier.ku
09353,Gion,2019-11-19,Sekolah.ku
09354,Azlan,2019-11-11,Sekolah.ku
09355,Yasmin,2019-07-14,Sekolah.ku
09356,Xan,2020-07-01,Sekolah.ku
09357,Ambert,2020-01-16,Sekolah.ku
09358,Natacha,2020-01-01,Sekolah.ku
09359,Breasha,2018-06-18,Sekolah.ku
09360,Jaron,2020-02-17,Sekolah.ku
09361,Magdaly,2022-04-22,Karier.ku
09362,Abigailrose,2019-12-26,Sekolah.ku
09363,Margret,2020-11-15,Sekolah.ku
09364,Keturah,2018-09-01,Sekolah.ku
09365,Faduma,2019-10-28,Sekolah.ku
09366,Bubbles,2020-07-03,Karier.ku
09367,Marleyann,2021-09-09,Sekolah.ku
09368,Amanuel,2021-06-04,Sekolah.ku
09369,Harroll,2020-10-24,Sekolah.ku
09370,Tanee,2022-03-07,Sekolah.ku
09371,Tashonda,2020-01-12,Sekolah.ku
09372,Souriya,2019-06-06,Karier.ku
09373,Josphine,2021-10-17,Sekolah.ku
09374,Ameliyah,2019-01-06,Sekolah.ku
09375,Cynii,2021-01-21,Sekolah.ku
09376,Vetta,2019-05-26,Sekolah.ku
09377,Dyshon,2019-01-05,Sekolah.ku
09378,Jesselle,2019-09-17,Sekolah.ku
09379,Deina,2018-07-18,Karier.ku
09380,Habert,2021-09-28,Sekolah.ku
09381,Tracilyn,2018-11-20,Sekolah.ku
09382,Shachi,2020-06-13,Karier.ku
09383,Kadasia,2022-01-21,Karier.ku
09384,Haleena,2019-07-20,Sekolah.ku
09385,Zeid,2020-10-01,Karier.ku
09386,Navey,2020-07-02,Sekolah.ku
09387,Nicy,2019-04-29,Sekolah.ku
09388,Dekker,2018-08-28,Sekolah.ku
09389,Regana,2021-09-03,Sekolah.ku
09390,Najaya,2021-10-20,Karier.ku
09391,Sandr,2019-11-25,Karier.ku
09392,Perilla,2019-10-17,Karier.ku
09393,Zamareon,2020-05-20,Karier.ku
09394,Kwaun,2021-05-26,Karier.ku
09395,Anastazja,2021-03-26,Sekolah.ku
09396,Jahid,2018-08-11,Sekolah.ku
09397,Dorianne,2021-01-15,Sekolah.ku
09398,Keaisha,2021-09-11,Karier.ku
09399,Aileth,2020-04-08,Sekolah.ku
09400,Ranald,2020-01-18,Karier.ku
09401,Sebastain,2019-11-05,Sekolah.ku
09402,Motty,2021-11-10,Sekolah.ku
09403,Terranesha,2022-01-19,Sekolah.ku
09404,Terasa,2018-10-25,Sekolah.ku
09405,Geovanna,2019-08-18,Karier.ku
09406,Delsha,2020-06-12,Sekolah.ku
09407,Laeh,2018-12-23,Sekolah.ku
09408,Sheriann,2019-06-23,Karier.ku
09409,Melisse,2022-05-07,Sekolah.ku
09410,Janaris,2019-07-10,Karier.ku
09411,Janelie,2019-05-21,Sekolah.ku
09412,Heidimarie,2019-12-12,Karier.ku
09413,Kalid,2018-05-01,Karier.ku
09414,Deayra,2021-12-23,Sekolah.ku
09415,Pagan,2021-01-16,Karier.ku
09416,Tulsi,2018-11-01,Karier.ku
09417,Lasheta,2020-01-20,Sekolah.ku
09418,Ahlayna,2020-06-05,Karier.ku
09419,Srinika,2019-12-04,Karier.ku
09420,Joeziah,2019-05-12,Sekolah.ku
09421,Marsa,2018-06-29,Sekolah.ku
09422,Gates,2021-08-29,Sekolah.ku
09423,Aariel,2021-02-10,Sekolah.ku
09424,Tanyette,2021-08-08,Sekolah.ku
09425,Amoriah,2019-03-14,Sekolah.ku
09426,Ishman,2021-08-16,Karier.ku
09427,Angelis,2020-08-29,Karier.ku
09428,Porshay,2019-11-22,Sekolah.ku
09429,Codero,2022-03-02,Karier.ku
09430,Arlether,2020-04-18,Sekolah.ku
09431,Angelos,2022-01-08,Sekolah.ku
09432,Dassie,2021-06-09,Sekolah.ku
09433,Tiy,2020-12-17,Karier.ku
09434,Lataija,2018-05-17,Karier.ku
09435,Emonii,2019-01-08,Sekolah.ku
09436,Donise,2020-11-09,Karier.ku
09437,Demitre,2019-06-20,Sekolah.ku
09438,Jyhiem,2018-10-15,Sekolah.ku
09439,Marianella,2019-06-11,Sekolah.ku
09440,Laneisha,2020-12-27,Sekolah.ku
09441,Kiayah,2020-12-24,Karier.ku
09442,Quinnlan,2020-09-23,Sekolah.ku
09443,Marian,2020-11-20,Karier.ku
09444,Larrene,2020-07-04,Sekolah.ku
09445,Ghanem,2021-01-03,Karier.ku
09446,Jodiann,2020-08-19,Sekolah.ku
09447,Jencie,2019-08-07,Karier.ku
09448,Abbra,2019-01-25,Karier.ku
09449,Odali,2021-11-04,Karier.ku
09450,Dashonna,2019-05-18,Sekolah.ku
09451,Victoriana,2021-05-15,Karier.ku
09452,Geline,2020-08-05,Karier.ku
09453,Avyana,2018-07-02,Sekolah.ku
09454,Timbra,2020-09-18,Karier.ku
09455,Corea,2019-10-01,Sekolah.ku
09456,Paras,2020-05-13,Karier.ku
09457,Andrian,2019-05-13,Karier.ku
09458,Jet,2020-03-23,Karier.ku
09459,Lawren,2019-03-17,Karier.ku
09460,Floryan,2021-02-21,Sekolah.ku
09461,Vernett,2020-02-16,Sekolah.ku
09462,Kimba,2022-03-13,Karier.ku
09463,Annibelle,2022-02-04,Sekolah.ku
09464,Shiela,2020-11-22,Karier.ku
09465,Jadore,2021-01-19,Sekolah.ku
09466,Aisley,2018-05-21,Karier.ku
09467,Tomeisha,2019-12-11,Sekolah.ku
09468,Shenina,2021-02-23,Sekolah.ku
09469,Abrielle,2019-05-13,Sekolah.ku
09470,Lynde,2018-05-06,Karier.ku
09471,Khristan,2021-09-13,Sekolah.ku
09472,Tarita,2020-09-04,Sekolah.ku
09473,Vashion,2021-12-28,Sekolah.ku
09474,Karina,2020-05-10,Sekolah.ku
09475,Baileyann,2021-12-31,Karier.ku
09476,Josgar,2022-05-05,Sekolah.ku
09477,Fern,2020-08-28,Sekolah.ku
09478,Kemberlyn,2020-02-20,Sekolah.ku
09479,Jannik,2022-01-08,Sekolah.ku
09480,Heleina,2018-08-25,Sekolah.ku
09481,Leroyce,2020-11-23,Sekolah.ku
09482,Laylie,2020-11-20,Karier.ku
09483,Nakina,2018-11-12,Sekolah.ku
09484,Milana,2022-04-11,Sekolah.ku
09485,Kaser,2022-03-03,Sekolah.ku
09486,Tamikca,2018-08-08,Karier.ku
09487,Jamekia,2018-12-08,Karier.ku
09488,Luecinda,2021-07-15,Karier.ku
09489,Marisah,2021-07-01,Sekolah.ku
09490,Shanaia,2020-07-03,Sekolah.ku
09491,Branyah,2019-12-04,Sekolah.ku
09492,Gershom,2018-07-17,Karier.ku
09493,Taydon,2020-06-04,Sekolah.ku
09494,Saifan,2022-03-09,Sekolah.ku
09495,Tiiu,2021-11-02,Sekolah.ku
09496,Banjamin,2020-01-12,Sekolah.ku
09497,Rosylin,2021-12-04,Sekolah.ku
09498,Davyd,2021-07-24,Sekolah.ku
09499,Detravion,2019-09-07,Sekolah.ku
09500,Rileyanne,2021-10-29,Sekolah.ku
09501,Chaz,2020-07-21,Karier.ku
09502,Quintavious,2020-03-27,Sekolah.ku
09503,Decorian,2022-01-21,Sekolah.ku
09504,Shadaya,2021-04-25,Sekolah.ku
09505,Mallarie,2021-05-07,Sekolah.ku
09506,Tremika,2020-12-09,Karier.ku
09507,Maryhelen,2020-11-08,Sekolah.ku
09508,Gabbrielle,2021-10-30,Sekolah.ku
09509,Shamani,2018-10-15,Sekolah.ku
09510,Oberia,2018-10-09,Karier.ku
09511,Lynia,2020-12-26,Sekolah.ku
09512,Keondrea,2018-08-03,Karier.ku
09513,Tamare,2019-03-28,Sekolah.ku
09514,Ramero,2020-01-19,Sekolah.ku
09515,Kennadi,2020-02-08,Karier.ku
09516,Dally,2018-08-05,Karier.ku
09517,Sedwick,2020-07-21,Sekolah.ku
09518,Loomis,2018-10-13,Karier.ku
09519,Jhanai,2020-01-21,Sekolah.ku
09520,Fenna,2020-05-09,Karier.ku
09521,Seldon,2018-07-29,Sekolah.ku
09522,Kendrae,2021-01-02,Sekolah.ku
09523,Tajahnae,2018-06-21,Sekolah.ku
09524,Dorsi,2020-09-14,Karier.ku
09525,Aritzi,2021-07-30,Karier.ku
09526,Dheera,2020-05-09,Sekolah.ku
09527,Aashi,2022-02-26,Sekolah.ku
09528,Chloemarie,2022-03-12,Sekolah.ku
09529,Katrea,2019-09-19,Sekolah.ku
09530,Stefan,2021-04-07,Sekolah.ku
09531,Estephan,2021-11-09,Sekolah.ku
09532,Nechemia,2021-11-12,Sekolah.ku
09533,Jyran,2019-05-16,Sekolah.ku
09534,Vasco,2019-07-02,Karier.ku
09535,Valma,2018-07-16,Sekolah.ku
09536,Kaique,2020-09-07,Karier.ku
09537,Dipak,2018-07-05,Karier.ku
09538,Taelynn,2020-01-01,Sekolah.ku
09539,Gwana,2021-03-22,Karier.ku
09540,Jarol,2020-08-25,Sekolah.ku
09541,Aydrik,2020-03-19,Sekolah.ku
09542,Phiona,2021-06-23,Karier.ku
09543,Azara,2019-12-19,Sekolah.ku
09544,Raffaele,2018-04-16,Sekolah.ku
09545,Darniece,2020-08-15,Sekolah.ku
09546,Brasia,2022-02-04,Sekolah.ku
09547,Jesika,2020-09-16,Sekolah.ku
09548,Feyza,2021-02-02,Sekolah.ku
09549,Tawnya,2019-08-17,Sekolah.ku
09550,Andreca,2018-05-16,Sekolah.ku
09551,Adryanah,2021-05-19,Karier.ku
09552,Fidelmar,2021-09-22,Sekolah.ku
09553,Sonum,2020-03-07,Sekolah.ku
09554,Locklynn,2018-09-20,Sekolah.ku
09555,Joven,2020-07-28,Karier.ku
09556,Sabriena,2020-07-21,Sekolah.ku
09557,Jezebelle,2020-06-23,Sekolah.ku
09558,Khalijah,2021-04-12,Sekolah.ku
09559,Parnell,2020-12-16,Sekolah.ku
09560,Alannis,2019-10-25,Sekolah.ku
09561,Iola,2018-10-27,Karier.ku
09562,Takai,2021-11-26,Sekolah.ku
09563,Rabun,2019-08-06,Karier.ku
09564,Buena,2019-07-29,Sekolah.ku
09565,Sahnnon,2020-02-22,Karier.ku
09566,Maebree,2019-08-03,Sekolah.ku
09567,Cleaveland,2021-06-14,Sekolah.ku
09568,Estephany,2019-03-13,Sekolah.ku
09569,Ethynn,2019-02-21,Sekolah.ku
09570,Buenaventura,2019-12-24,Karier.ku
09571,Zyhier,2019-07-01,Sekolah.ku
09572,Ford,2020-06-08,Karier.ku
09573,Davia,2022-03-06,Karier.ku
09574,Lamarie,2021-01-10,Sekolah.ku
09575,Meryk,2018-04-15,Sekolah.ku
09576,Dorca,2021-09-27,Sekolah.ku
09577,Larodney,2019-06-14,Karier.ku
09578,Dallanara,2018-09-13,Sekolah.ku
09579,Makiel,2022-02-12,Sekolah.ku
09580,Raquelle,2021-10-15,Sekolah.ku
09581,Donavin,2020-04-05,Karier.ku
09582,Ramin,2019-01-28,Sekolah.ku
09583,Shanell,2021-07-19,Karier.ku
09584,Shahraan,2020-11-11,Sekolah.ku
09585,Katria,2019-08-22,Sekolah.ku
09586,Utahna,2019-11-15,Karier.ku
09587,Kina,2022-03-16,Sekolah.ku
09588,Bosie,2019-12-13,Sekolah.ku
09589,Saba,2021-01-27,Sekolah.ku
09590,Sadiqa,2021-01-25,Sekolah.ku
09591,Vernes,2020-01-27,Sekolah.ku
09592,Autumm,2021-08-02,Sekolah.ku
09593,Myrtes,2018-07-30,Sekolah.ku
09594,Glendon,2021-07-15,Karier.ku
09595,Caspar,2020-03-24,Karier.ku
09596,Patress,2021-05-11,Sekolah.ku
09597,Icesys,2021-07-24,Sekolah.ku
09598,Aoife,2022-03-03,Sekolah.ku
09599,Tarhonda,2020-05-12,Sekolah.ku
09600,Lainy,2020-04-26,Sekolah.ku
09601,Jennisa,2019-05-23,Karier.ku
09602,Brilei,2019-03-17,Sekolah.ku
09603,Lodena,2019-03-04,Sekolah.ku
09604,Shelbyann,2021-03-19,Sekolah.ku
09605,Eyana,2020-08-24,Sekolah.ku
09606,Kiaraliz,2018-12-26,Sekolah.ku
09607,Lucely,2018-05-28,Sekolah.ku
09608,Shalay,2022-05-15,Karier.ku
09609,Wavel,2019-10-20,Sekolah.ku
09610,Jailinne,2018-12-09,Karier.ku
09611,Daktari,2018-11-18,Sekolah.ku
09612,Demetrus,2020-07-23,Karier.ku
09613,Taziya,2018-12-13,Karier.ku
09614,Curlie,2021-12-18,Karier.ku
09615,Jamani,2020-04-20,Sekolah.ku
09616,Savant,2021-07-08,Karier.ku
09617,Kileigh,2021-04-16,Karier.ku
09618,Westan,2019-08-26,Karier.ku
09619,Tahtianna,2019-10-27,Karier.ku
09620,Garvey,2019-08-12,Karier.ku
09621,Nea,2020-05-08,Karier.ku
09622,Diamontae,2020-02-04,Sekolah.ku
09623,Arpil,2020-11-08,Sekolah.ku
09624,Macaulay,2018-11-21,Sekolah.ku
09625,Amalin,2021-06-23,Karier.ku
09626,Jameria,2019-04-04,Sekolah.ku
09627,Mekkah,2018-05-19,Karier.ku
09628,Shereese,2021-07-09,Sekolah.ku
09629,Umar,2021-03-15,Sekolah.ku
09630,Leeza,2021-04-13,Sekolah.ku
09631,Pragna,2022-02-18,Karier.ku
09632,Agnese,2019-12-28,Sekolah.ku
09633,Pharrah,2020-01-28,Sekolah.ku
09634,Taylur,2018-04-24,Sekolah.ku
09635,Taeron,2019-09-03,Sekolah.ku
09636,Radi,2019-10-12,Karier.ku
09637,Demarus,2021-05-16,Sekolah.ku
09638,Keino,2020-05-10,Sekolah.ku
09639,Chloeann,2020-09-13,Sekolah.ku
09640,Idalou,2019-05-19,Sekolah.ku
09641,Lothar,2022-03-03,Sekolah.ku
09642,Jimy,2018-08-28,Karier.ku
09643,Melodyrose,2018-08-25,Karier.ku
09644,Xylus,2018-12-30,Sekolah.ku
09645,Elisya,2019-12-16,Sekolah.ku
09646,Armonta,2019-09-13,Karier.ku
09647,Evern,2021-12-05,Sekolah.ku
09648,Jaslyne,2020-08-08,Sekolah.ku
09649,Iyania,2021-10-31,Sekolah.ku
09650,Trixi,2018-09-07,Sekolah.ku
09651,Sabirin,2020-04-27,Sekolah.ku
09652,Ranyah,2018-10-25,Karier.ku
09653,Devionne,2019-12-22,Karier.ku
09654,Siddhiksha,2019-08-23,Karier.ku
09655,Maxamus,2020-03-26,Karier.ku
09656,Handerson,2019-11-11,Karier.ku
09657,Samuella,2021-05-01,Sekolah.ku
09658,Margerine,2020-07-05,Sekolah.ku
09659,Darvi,2020-11-01,Sekolah.ku
09660,Kiyarah,2021-02-28,Karier.ku
09661,Niurka,2019-11-05,Karier.ku
09662,Otway,2018-06-08,Sekolah.ku
09663,Rector,2019-03-11,Karier.ku
09664,Thadeo,2019-12-17,Karier.ku
09665,Ocea,2019-11-27,Sekolah.ku
09666,Chantrelle,2021-12-16,Sekolah.ku
09667,Aymara,2019-06-04,Karier.ku
09668,Rondee,2021-06-04,Sekolah.ku
09669,Camri,2018-12-23,Karier.ku
09670,Marivel,2019-07-19,Sekolah.ku
09671,Raizo,2021-09-07,Karier.ku
09672,Nichollette,2019-09-01,Karier.ku
09673,Reesie,2019-08-10,Sekolah.ku
09674,Sajni,2018-07-15,Sekolah.ku
09675,Dela,2022-05-10,Sekolah.ku
09676,Nefretiri,2021-03-16,Sekolah.ku
09677,Yamajesty,2019-10-17,Karier.ku
09678,Aubreigh,2021-08-25,Sekolah.ku
09679,Ajak,2021-01-24,Karier.ku
09680,Shakyah,2021-01-18,Sekolah.ku
09681,Zeplin,2022-01-05,Sekolah.ku
09682,Michaelia,2021-03-06,Sekolah.ku
09683,Caitlynn,2019-11-22,Sekolah.ku
09684,Aynur,2021-06-26,Karier.ku
09685,Trever,2018-11-21,Sekolah.ku
09686,Nandy,2018-10-13,Karier.ku
09687,Franclin,2020-09-24,Karier.ku
09688,Andrue,2021-08-10,Sekolah.ku
09689,Matelyn,2019-10-23,Sekolah.ku
09690,Husnain,2018-05-31,Sekolah.ku
09691,Jonniel,2021-09-20,Karier.ku
09692,Marks,2019-01-16,Sekolah.ku
09693,Ysabella,2019-03-23,Karier.ku
09694,Benuel,2021-08-04,Sekolah.ku
09695,Meleka,2021-06-26,Sekolah.ku
09696,Lemaya,2018-08-16,Sekolah.ku
09697,Sufyan,2018-04-27,Sekolah.ku
09698,Chrishad,2019-03-30,Karier.ku
09699,Mayha,2021-07-19,Sekolah.ku
09700,Ashonna,2019-10-14,Karier.ku
09701,Naila,2019-05-28,Sekolah.ku
09702,Vicotria,2020-12-27,Karier.ku
09703,Antero,2021-11-09,Sekolah.ku
09704,Sharief,2018-09-18,Karier.ku
09705,Lilburn,2020-08-09,Sekolah.ku
09706,Sylvonia,2018-07-11,Sekolah.ku
09707,Sharal,2021-09-13,Karier.ku
09708,Javarris,2020-02-20,Sekolah.ku
09709,Alevia,2018-08-12,Sekolah.ku
09710,Urijah,2020-10-15,Sekolah.ku
09711,Analise,2018-05-17,Sekolah.ku
09712,Tessanne,2018-10-12,Sekolah.ku
09713,Anterio,2021-08-03,Karier.ku
09714,Bowdrie,2020-07-14,Sekolah.ku
09715,Quinnshawn,2018-12-04,Sekolah.ku
09716,Chrystyan,2019-06-24,Sekolah.ku
09717,Rajana,2020-06-01,Karier.ku
09718,Arlos,2018-06-07,Sekolah.ku
09719,Lynleigh,2018-11-05,Sekolah.ku
09720,Darlia,2020-11-17,Karier.ku
09721,Tedric,2020-01-19,Sekolah.ku
09722,Krysteena,2018-12-26,Sekolah.ku
09723,Khyre,2020-07-19,Sekolah.ku
09724,Dmarquis,2019-09-14,Sekolah.ku
09725,Eithne,2021-09-21,Sekolah.ku
09726,Garnel,2019-01-18,Karier.ku
09727,Digby,2020-08-15,Sekolah.ku
09728,Jaeli,2022-03-24,Sekolah.ku
09729,Audel,2022-02-15,Karier.ku
09730,Althia,2021-11-27,Sekolah.ku
09731,Westmoreland,2020-03-16,Sekolah.ku
09732,Dontavias,2018-11-25,Sekolah.ku
09733,Cesia,2020-09-05,Sekolah.ku
09734,Georgiena,2021-12-22,Karier.ku
09735,Shirlene,2018-09-07,Karier.ku
09736,Elijaha,2019-12-06,Sekolah.ku
09737,Nikeisha,2018-09-09,Karier.ku
09738,Tranya,2021-12-20,Karier.ku
09739,Dalee,2021-12-04,Karier.ku
09740,Wakely,2018-11-20,Karier.ku
09741,Sherome,2021-03-31,Sekolah.ku
09742,Keyona,2021-08-30,Sekolah.ku
09743,Markous,2018-07-03,Karier.ku
09744,Vasudev,2018-10-10,Sekolah.ku
09745,Lowene,2020-06-24,Sekolah.ku
09746,Anjenette,2020-11-01,Sekolah.ku
09747,Ilsa,2020-08-30,Karier.ku
09748,Donminique,2020-08-31,Karier.ku
09749,Mariele,2020-07-12,Sekolah.ku
09750,Rayqwan,2019-02-26,Karier.ku
09751,Ieishia,2018-05-26,Sekolah.ku
09752,Lucill,2021-03-18,Sekolah.ku
09753,Randall,2021-09-18,Sekolah.ku
09754,Aniaha,2020-08-27,Karier.ku
09755,Aakash,2019-11-15,Sekolah.ku
09756,Maquel,2018-12-04,Sekolah.ku
09757,Marquell,2020-07-09,Sekolah.ku
09758,Sarahanne,2021-12-17,Karier.ku
09759,Jalyza,2019-06-06,Sekolah.ku
09760,Amerigo,2022-02-13,Karier.ku
09761,Yovanna,2021-05-05,Karier.ku
09762,Merrian,2020-09-27,Sekolah.ku
09763,Azeria,2021-12-25,Sekolah.ku
09764,Yatziry,2020-12-24,Sekolah.ku
09765,Ladedra,2019-08-16,Sekolah.ku
09766,Tacara,2020-11-10,Sekolah.ku
09767,Mattye,2020-05-07,Sekolah.ku
09768,Octavie,2022-04-07,Sekolah.ku
09769,Amonie,2021-10-16,Karier.ku
09770,Ebonii,2019-01-29,Karier.ku
09771,Dazmond,2019-11-16,Sekolah.ku
09772,Kristah,2019-01-25,Sekolah.ku
09773,Rikia,2021-12-23,Sekolah.ku
09774,Trynati,2020-11-24,Sekolah.ku
09775,Marceda,2020-09-21,Sekolah.ku
09776,Faige,2020-07-25,Sekolah.ku
09777,Britta,2022-04-01,Karier.ku
09778,Natnael,2020-09-04,Karier.ku
09779,Printess,2021-03-06,Sekolah.ku
09780,Shadra,2019-05-02,Sekolah.ku
09781,Linita,2020-09-28,Sekolah.ku
09782,Oval,2019-02-22,Karier.ku
09783,Not,2018-08-01,Karier.ku
09784,Vaiga,2020-07-06,Sekolah.ku
09785,Kahlei,2020-09-18,Sekolah.ku
09786,Maryjose,2018-05-31,Sekolah.ku
09787,Tanza,2019-06-13,Karier.ku
09788,Drayven,2021-04-18,Karier.ku
09789,Oiva,2018-11-06,Sekolah.ku
09790,Jaslean,2020-11-08,Sekolah.ku
09791,Conya,2020-03-29,Sekolah.ku
09792,Manzell,2020-02-18,Sekolah.ku
09793,Anothony,2018-11-26,Sekolah.ku
09794,Akaya,2022-01-12,Karier.ku
09795,Marico,2021-10-21,Sekolah.ku
09796,Viha,2020-04-02,Sekolah.ku
09797,Lettye,2020-12-07,Sekolah.ku
09798,Oleta,2018-08-10,Karier.ku
09799,Dontel,2018-07-27,Karier.ku
09800,Josepine,2021-06-21,Karier.ku
09801,Dalli,2019-01-03,Sekolah.ku
09802,Liston,2019-09-25,Sekolah.ku
09803,Daijon,2018-04-19,Sekolah.ku
09804,Samoria,2020-06-18,Sekolah.ku
09805,Stearns,2019-06-22,Sekolah.ku
09806,Krishma,2019-09-06,Karier.ku
09807,Chibuike,2019-11-26,Sekolah.ku
09808,Brenika,2019-01-21,Sekolah.ku
09809,Kawai,2021-05-31,Karier.ku
09810,Zohair,2021-04-21,Karier.ku
09811,Bora,2020-02-24,Karier.ku
09812,Kishawna,2019-08-06,Sekolah.ku
09813,Angeliese,2019-09-02,Sekolah.ku
09814,Curtney,2018-12-23,Sekolah.ku
09815,Ezabel,2019-03-12,Sekolah.ku
09816,Lusi,2019-03-15,Sekolah.ku
09817,Victorio,2018-10-08,Karier.ku
09818,Cyrstal,2019-07-19,Karier.ku
09819,Hilja,2022-04-14,Sekolah.ku
09820,Tishena,2020-10-04,Karier.ku
09821,Sanura,2018-05-28,Sekolah.ku
09822,Nereida,2019-08-04,Karier.ku
09823,Merlon,2019-11-22,Sekolah.ku
09824,July,2018-11-18,Sekolah.ku
09825,Shatia,2019-04-02,Sekolah.ku
09826,Reahna,2019-04-21,Karier.ku
09827,Keatyn,2019-02-02,Sekolah.ku
09828,Demitrious,2019-08-11,Sekolah.ku
09829,Tymarian,2020-07-09,Sekolah.ku
09830,Breondra,2018-05-18,Sekolah.ku
09831,Markan,2019-12-03,Sekolah.ku
09832,Jimie,2021-03-28,Karier.ku
09833,Haskel,2020-06-20,Karier.ku
09834,Makinzie,2021-05-09,Sekolah.ku
09835,Taylah,2020-10-17,Sekolah.ku
09836,Kiniya,2018-04-15,Karier.ku
09837,Kwasi,2021-05-09,Sekolah.ku
09838,Deforrest,2022-03-07,Sekolah.ku
09839,Eline,2020-12-07,Sekolah.ku
09840,Lenus,2021-07-11,Karier.ku
09841,Kileyann,2019-09-09,Sekolah.ku
09842,Nayel,2018-08-22,Sekolah.ku
09843,Charlynne,2019-12-29,Sekolah.ku
09844,Maleik,2020-06-06,Karier.ku
09845,Hawwaa,2020-08-17,Sekolah.ku
09846,Sheen,2018-08-07,Karier.ku
09847,Margurete,2021-12-07,Sekolah.ku
09848,Olan,2019-10-05,Sekolah.ku
09849,Zachery,2020-06-26,Karier.ku
09850,Corlyn,2018-05-01,Sekolah.ku
09851,Garvis,2020-05-26,Sekolah.ku
09852,Annmaria,2019-12-10,Karier.ku
09853,Sonal,2021-12-01,Sekolah.ku
09854,Rachyl,2019-06-16,Sekolah.ku
09855,Emri,2019-03-10,Karier.ku
09856,Izacc,2021-11-21,Karier.ku
09857,Laytonya,2020-07-13,Karier.ku
09858,Flicia,2022-05-10,Karier.ku
09859,Ugochi,2020-03-30,Sekolah.ku
09860,Junzhe,2022-03-25,Sekolah.ku
09861,Kamirra,2019-08-11,Sekolah.ku
09862,Kenyin,2019-04-22,Sekolah.ku
09863,Lauralye,2019-01-03,Karier.ku
09864,Jakaylen,2018-09-18,Sekolah.ku
09865,Indee,2021-08-21,Sekolah.ku
09866,Shakaria,2021-09-25,Sekolah.ku
09867,Nikolas,2019-05-29,Karier.ku
09868,Sydelle,2020-12-08,Sekolah.ku
09869,Luvinia,2019-07-26,Karier.ku
09870,Mackinzee,2019-10-09,Sekolah.ku
09871,Neal,2020-06-30,Karier.ku
09872,Chantella,2022-02-05,Sekolah.ku
09873,Khalon,2022-02-09,Sekolah.ku
09874,Kalla,2020-07-13,Karier.ku
09875,Hyram,2019-07-20,Sekolah.ku
09876,Deazia,2022-02-03,Karier.ku
09877,Pele,2018-08-18,Sekolah.ku
09878,Iyeisha,2020-01-23,Karier.ku
09879,Erickia,2021-01-28,Sekolah.ku
09880,Naisean,2018-11-12,Sekolah.ku
09881,Fellipe,2019-11-22,Sekolah.ku
09882,Kathileen,2018-08-01,Sekolah.ku
09883,Aloisius,2020-02-02,Sekolah.ku
09884,Mushtaq,2018-07-18,Sekolah.ku
09885,Adalicia,2020-09-07,Sekolah.ku
09886,Latrika,2021-12-12,Sekolah.ku
09887,Nyjeria,2022-04-01,Sekolah.ku
09888,Wasyl,2018-06-13,Sekolah.ku
09889,Lucye,2019-08-09,Sekolah.ku
09890,Naheem,2020-06-21,Sekolah.ku
09891,Stephan,2019-07-24,Sekolah.ku
09892,Dassy,2019-09-12,Sekolah.ku
09893,Terrylea,2021-06-28,Karier.ku
09894,Aribella,2020-06-08,Sekolah.ku
09895,Christieann,2020-07-26,Sekolah.ku
09896,Tunisia,2020-04-21,Karier.ku
09897,Braian,2019-12-01,Sekolah.ku
09898,Damiean,2021-12-09,Sekolah.ku
09899,Batel,2021-08-07,Sekolah.ku
09900,Kyianna,2019-05-28,Sekolah.ku
09901,Vel,2018-05-24,Sekolah.ku
09902,Katti,2019-06-06,Sekolah.ku
09903,Arley,2019-07-06,Karier.ku
09904,Alynne,2022-04-27,Karier.ku
09905,Abdulbasit,2019-09-29,Sekolah.ku
09906,Tahmel,2019-04-28,Sekolah.ku
09907,Zhanelle,2021-03-16,Sekolah.ku
09908,Lemisha,2020-05-29,Sekolah.ku
09909,Kensley,2022-03-08,Sekolah.ku
09910,Shallin,2018-08-07,Karier.ku
09911,Tysheim,2019-04-26,Sekolah.ku
09912,Miari,2018-07-30,Sekolah.ku
09913,Ahzariah,2018-05-23,Sekolah.ku
09914,Mohmmad,2020-12-25,Karier.ku
09915,Sheriff,2019-11-27,Sekolah.ku
09916,Charliese,2021-12-03,Sekolah.ku
09917,Lilybelle,2020-09-27,Sekolah.ku
09918,Mette,2021-07-27,Karier.ku
09919,Marquitta,2021-03-24,Sekolah.ku
09920,Dasia,2019-02-21,Sekolah.ku
09921,Ellon,2022-01-23,Sekolah.ku
09922,Reyshawn,2022-01-30,Karier.ku
09923,Kother,2019-07-20,Sekolah.ku
09924,Rimas,2019-04-24,Sekolah.ku
09925,Lal,2020-06-16,Karier.ku
09926,Sharmon,2019-11-30,Karier.ku
09927,Jadielys,2020-06-18,Sekolah.ku
09928,Carlette,2018-07-12,Sekolah.ku
09929,Dearia,2020-12-01,Sekolah.ku
09930,Nirvi,2022-01-18,Sekolah.ku
09931,Basia,2018-10-15,Sekolah.ku
09932,Shambrika,2022-03-25,Sekolah.ku
09933,Shekeena,2019-12-26,Sekolah.ku
09934,Rayshon,2020-06-29,Karier.ku
09935,Conisha,2019-03-22,Karier.ku
09936,Yazmyn,2021-12-27,Karier.ku
09937,Bernessa,2021-11-04,Karier.ku
09938,Sheran,2021-10-10,Karier.ku
09939,Dixielee,2018-04-14,Sekolah.ku
09940,Jahlik,2020-04-14,Sekolah.ku
09941,Shaundrea,2022-04-01,Sekolah.ku
09942,Mystik,2021-02-11,Sekolah.ku
09943,Nimit,2021-09-30,Karier.ku
09944,Kenzli,2018-04-29,Sekolah.ku
09945,Annapaula,2020-05-17,Sekolah.ku
09946,Jabali,2019-03-10,Karier.ku
09947,Vadie,2021-09-18,Sekolah.ku
09948,Sothea,2021-08-22,Karier.ku
09949,Kamarion,2021-09-27,Karier.ku
09950,Daronda,2020-06-16,Karier.ku
09951,Daron,2019-10-13,Sekolah.ku
09952,Angelus,2021-06-15,Karier.ku
09953,Jobina,2020-09-18,Sekolah.ku
09954,Freedia,2020-05-27,Sekolah.ku
09955,Salonda,2020-11-30,Sekolah.ku
09956,Montserrad,2020-09-27,Sekolah.ku
09957,Abrey,2018-08-29,Karier.ku
09958,Karmindy,2018-11-03,Sekolah.ku
09959,Naquisha,2019-06-28,Sekolah.ku
09960,Adecyn,2019-02-13,Karier.ku
09961,Nafissa,2022-03-21,Sekolah.ku
09962,Mouhamadou,2020-09-08,Sekolah.ku
09963,Yanixa,2018-08-21,Sekolah.ku
09964,Elona,2021-10-07,Karier.ku
09965,Lew,2022-01-23,Sekolah.ku
09966,Kamrun,2019-03-21,Karier.ku
09967,Timothyy,2022-01-29,Karier.ku
09968,Jisha,2019-12-19,Karier.ku
09969,Jesiah,2021-11-11,Karier.ku
09970,Nataisha,2018-09-08,Karier.ku
09971,Eron,2021-03-18,Sekolah.ku
09972,Telesa,2019-05-07,Karier.ku
09973,Blessin,2018-09-20,Sekolah.ku
09974,Bibianna,2019-12-07,Sekolah.ku
09975,Aliou,2021-04-08,Karier.ku
09976,Aleiya,2019-05-02,Sekolah.ku
09977,Ansil,2018-07-02,Sekolah.ku
09978,Jaivyn,2022-04-24,Karier.ku
09979,Cheralee,2019-11-03,Karier.ku
09980,Brandilyn,2019-09-30,Sekolah.ku
09981,Dezmon,2019-03-23,Karier.ku
09982,Kayode,2021-07-20,Sekolah.ku
09983,Kepler,2018-12-05,Sekolah.ku
09984,Laranda,2018-08-22,Karier.ku
09985,Tyriek,2020-03-12,Karier.ku
09986,Kosha,2020-08-20,Karier.ku
09987,Davarus,2018-08-12,Karier.ku
09988,Leverna,2021-03-22,Karier.ku
09989,Nira,2021-08-18,Karier.ku
09990,Ricardo,2018-07-29,Sekolah.ku
09991,Savannahrose,2021-05-27,Sekolah.ku
09992,Jahmeir,2020-10-22,Sekolah.ku
09993,Carlosmanuel,2021-12-22,Sekolah.ku
09994,Eurica,2020-11-23,Sekolah.ku
09995,Tammyann,2021-03-11,Karier.ku
09996,Kimberlee,2020-02-26,Sekolah.ku
09997,Kassidee,2020-02-12,Sekolah.ku
09998,Raiyana,2019-07-13,Karier.ku
09999,Irvyn,2020-09-11,Sekolah.ku
10000,Randiel,2019-01-05,Sekolah.ku